solid OpenSCAD_Model
  facet normal -0.242835 -0.970068 0
    outer loop
      vertex -28.6879 -9.43074 0
      vertex -28.5355 -9.46889 4
      vertex -28.6879 -9.43074 4
    endloop
  endfacet
  facet normal -0.242835 -0.970068 -0
    outer loop
      vertex -28.5355 -9.46889 4
      vertex -28.6879 -9.43074 0
      vertex -28.5355 -9.46889 0
    endloop
  endfacet
  facet normal -0.98921 -0.146502 0
    outer loop
      vertex -27.4077 -10.8432 0
      vertex -27.4307 -10.6879 4
      vertex -27.4307 -10.6879 0
    endloop
  endfacet
  facet normal -0.98921 -0.146502 0
    outer loop
      vertex -27.4307 -10.6879 4
      vertex -27.4077 -10.8432 0
      vertex -27.4077 -10.8432 4
    endloop
  endfacet
  facet normal -0.998796 -0.049048 0
    outer loop
      vertex -27.4 -11 0
      vertex -27.4077 -10.8432 4
      vertex -27.4077 -10.8432 0
    endloop
  endfacet
  facet normal -0.998796 -0.049048 0
    outer loop
      vertex -27.4077 -10.8432 4
      vertex -27.4 -11 0
      vertex -27.4 -11 4
    endloop
  endfacet
  facet normal -0.969993 -0.243135 0
    outer loop
      vertex -27.4307 -10.6879 0
      vertex -27.4689 -10.5355 4
      vertex -27.4689 -10.5355 0
    endloop
  endfacet
  facet normal -0.969993 -0.243135 0
    outer loop
      vertex -27.4689 -10.5355 4
      vertex -27.4307 -10.6879 0
      vertex -27.4307 -10.6879 4
    endloop
  endfacet
  facet normal 0.85783 -0.513934 0
    outer loop
      vertex -30.4111 -10.2458 4
      vertex -30.3304 -10.1111 0
      vertex -30.3304 -10.1111 4
    endloop
  endfacet
  facet normal 0.85783 -0.513934 0
    outer loop
      vertex -30.3304 -10.1111 0
      vertex -30.4111 -10.2458 4
      vertex -30.4111 -10.2458 0
    endloop
  endfacet
  facet normal 0.741092 -0.671404 0
    outer loop
      vertex -30.2368 -9.98497 4
      vertex -30.1314 -9.86863 0
      vertex -30.1314 -9.86863 4
    endloop
  endfacet
  facet normal 0.741092 -0.671404 0
    outer loop
      vertex -30.1314 -9.86863 0
      vertex -30.2368 -9.98497 4
      vertex -30.2368 -9.98497 0
    endloop
  endfacet
  facet normal -0.243135 0.969993 0
    outer loop
      vertex -28.5355 -12.5311 0
      vertex -28.6879 -12.5693 4
      vertex -28.5355 -12.5311 4
    endloop
  endfacet
  facet normal -0.243135 0.969993 0
    outer loop
      vertex -28.6879 -12.5693 4
      vertex -28.5355 -12.5311 0
      vertex -28.6879 -12.5693 0
    endloop
  endfacet
  facet normal 0.146752 -0.989173 0
    outer loop
      vertex -29.3121 -9.43074 0
      vertex -29.1568 -9.4077 4
      vertex -29.3121 -9.43074 4
    endloop
  endfacet
  facet normal 0.146752 -0.989173 0
    outer loop
      vertex -29.1568 -9.4077 4
      vertex -29.3121 -9.43074 0
      vertex -29.1568 -9.4077 0
    endloop
  endfacet
  facet normal 0.049048 0.998796 -0
    outer loop
      vertex -29 -12.6 0
      vertex -29.1568 -12.5923 4
      vertex -29 -12.6 4
    endloop
  endfacet
  facet normal 0.049048 0.998796 0
    outer loop
      vertex -29.1568 -12.5923 4
      vertex -29 -12.6 0
      vertex -29.1568 -12.5923 0
    endloop
  endfacet
  facet normal 0.242835 -0.970068 0
    outer loop
      vertex -29.4645 -9.46889 0
      vertex -29.3121 -9.43074 4
      vertex -29.4645 -9.46889 4
    endloop
  endfacet
  facet normal 0.242835 -0.970068 0
    outer loop
      vertex -29.3121 -9.43074 4
      vertex -29.4645 -9.46889 0
      vertex -29.3121 -9.43074 0
    endloop
  endfacet
  facet normal -0.85783 0.513934 0
    outer loop
      vertex -27.6696 -11.8889 0
      vertex -27.5889 -11.7542 4
      vertex -27.5889 -11.7542 0
    endloop
  endfacet
  facet normal -0.85783 0.513934 0
    outer loop
      vertex -27.5889 -11.7542 4
      vertex -27.6696 -11.8889 0
      vertex -27.6696 -11.8889 4
    endloop
  endfacet
  facet normal -0.336982 -0.941511 0
    outer loop
      vertex -28.5355 -9.46889 0
      vertex -28.3877 -9.52179 4
      vertex -28.5355 -9.46889 4
    endloop
  endfacet
  facet normal -0.336982 -0.941511 -0
    outer loop
      vertex -28.3877 -9.52179 4
      vertex -28.5355 -9.46889 0
      vertex -28.3877 -9.52179 0
    endloop
  endfacet
  facet normal -0.671388 -0.741106 0
    outer loop
      vertex -27.985 -9.76318 0
      vertex -27.8686 -9.86863 4
      vertex -27.985 -9.76318 4
    endloop
  endfacet
  facet normal -0.671388 -0.741106 -0
    outer loop
      vertex -27.8686 -9.86863 4
      vertex -27.985 -9.76318 0
      vertex -27.8686 -9.86863 0
    endloop
  endfacet
  facet normal -0.595732 -0.803184 0
    outer loop
      vertex -28.1111 -9.66965 0
      vertex -27.985 -9.76318 4
      vertex -28.1111 -9.66965 4
    endloop
  endfacet
  facet normal -0.595732 -0.803184 -0
    outer loop
      vertex -27.985 -9.76318 4
      vertex -28.1111 -9.66965 0
      vertex -27.985 -9.76318 0
    endloop
  endfacet
  facet normal -0.998796 0.049048 0
    outer loop
      vertex -27.4077 -11.1568 0
      vertex -27.4 -11 4
      vertex -27.4 -11 0
    endloop
  endfacet
  facet normal -0.998796 0.049048 0
    outer loop
      vertex -27.4 -11 4
      vertex -27.4077 -11.1568 0
      vertex -27.4077 -11.1568 4
    endloop
  endfacet
  facet normal -0.803038 -0.595928 0
    outer loop
      vertex -27.6696 -10.1111 0
      vertex -27.7632 -9.98497 4
      vertex -27.7632 -9.98497 0
    endloop
  endfacet
  facet normal -0.803038 -0.595928 0
    outer loop
      vertex -27.7632 -9.98497 4
      vertex -27.6696 -10.1111 0
      vertex -27.6696 -10.1111 4
    endloop
  endfacet
  facet normal -0.049048 0.998796 0
    outer loop
      vertex -28.8432 -12.5923 0
      vertex -29 -12.6 4
      vertex -28.8432 -12.5923 4
    endloop
  endfacet
  facet normal -0.049048 0.998796 0
    outer loop
      vertex -29 -12.6 4
      vertex -28.8432 -12.5923 0
      vertex -29 -12.6 0
    endloop
  endfacet
  facet normal 0.049048 -0.998796 0
    outer loop
      vertex -29.1568 -9.4077 0
      vertex -29 -9.4 4
      vertex -29.1568 -9.4077 4
    endloop
  endfacet
  facet normal 0.049048 -0.998796 0
    outer loop
      vertex -29 -9.4 4
      vertex -29.1568 -9.4077 0
      vertex -29 -9.4 0
    endloop
  endfacet
  facet normal -0.98921 0.146502 0
    outer loop
      vertex -27.4307 -11.3121 0
      vertex -27.4077 -11.1568 4
      vertex -27.4077 -11.1568 0
    endloop
  endfacet
  facet normal -0.98921 0.146502 0
    outer loop
      vertex -27.4077 -11.1568 4
      vertex -27.4307 -11.3121 0
      vertex -27.4307 -11.3121 4
    endloop
  endfacet
  facet normal 0.969993 0.243135 0
    outer loop
      vertex -30.5311 -11.4645 4
      vertex -30.5693 -11.3121 0
      vertex -30.5693 -11.3121 4
    endloop
  endfacet
  facet normal 0.969993 0.243135 0
    outer loop
      vertex -30.5693 -11.3121 0
      vertex -30.5311 -11.4645 4
      vertex -30.5311 -11.4645 0
    endloop
  endfacet
  facet normal -0.146502 0.98921 0
    outer loop
      vertex -28.6879 -12.5693 0
      vertex -28.8432 -12.5923 4
      vertex -28.6879 -12.5693 4
    endloop
  endfacet
  facet normal -0.146502 0.98921 0
    outer loop
      vertex -28.8432 -12.5923 4
      vertex -28.6879 -12.5693 0
      vertex -28.8432 -12.5923 0
    endloop
  endfacet
  facet normal 0.336982 -0.941511 0
    outer loop
      vertex -29.6123 -9.52179 0
      vertex -29.4645 -9.46889 4
      vertex -29.6123 -9.52179 4
    endloop
  endfacet
  facet normal 0.336982 -0.941511 0
    outer loop
      vertex -29.4645 -9.46889 4
      vertex -29.6123 -9.52179 0
      vertex -29.4645 -9.46889 0
    endloop
  endfacet
  facet normal 0.595732 -0.803184 0
    outer loop
      vertex -30.015 -9.76318 0
      vertex -29.8889 -9.66965 4
      vertex -30.015 -9.76318 4
    endloop
  endfacet
  facet normal 0.595732 -0.803184 0
    outer loop
      vertex -29.8889 -9.66965 4
      vertex -30.015 -9.76318 0
      vertex -29.8889 -9.66965 0
    endloop
  endfacet
  facet normal 0.941511 0.336982 0
    outer loop
      vertex -30.4782 -11.6123 4
      vertex -30.5311 -11.4645 0
      vertex -30.5311 -11.4645 4
    endloop
  endfacet
  facet normal 0.941511 0.336982 0
    outer loop
      vertex -30.5311 -11.4645 0
      vertex -30.4782 -11.6123 4
      vertex -30.4782 -11.6123 0
    endloop
  endfacet
  facet normal -0.741264 0.671213 0
    outer loop
      vertex -27.8686 -12.1314 0
      vertex -27.7632 -12.015 4
      vertex -27.7632 -12.015 0
    endloop
  endfacet
  facet normal -0.741264 0.671213 0
    outer loop
      vertex -27.7632 -12.015 4
      vertex -27.8686 -12.1314 0
      vertex -27.8686 -12.1314 4
    endloop
  endfacet
  facet normal 0.427692 -0.903925 0
    outer loop
      vertex -29.7542 -9.58893 0
      vertex -29.6123 -9.52179 4
      vertex -29.7542 -9.58893 4
    endloop
  endfacet
  facet normal 0.427692 -0.903925 0
    outer loop
      vertex -29.6123 -9.52179 4
      vertex -29.7542 -9.58893 0
      vertex -29.6123 -9.52179 0
    endloop
  endfacet
  facet normal 0.146502 0.98921 -0
    outer loop
      vertex -29.1568 -12.5923 0
      vertex -29.3121 -12.5693 4
      vertex -29.1568 -12.5923 4
    endloop
  endfacet
  facet normal 0.146502 0.98921 0
    outer loop
      vertex -29.3121 -12.5693 4
      vertex -29.1568 -12.5923 0
      vertex -29.3121 -12.5693 0
    endloop
  endfacet
  facet normal -0.427484 0.904023 0
    outer loop
      vertex -28.2458 -12.4111 0
      vertex -28.3877 -12.4782 4
      vertex -28.2458 -12.4111 4
    endloop
  endfacet
  facet normal -0.427484 0.904023 0
    outer loop
      vertex -28.3877 -12.4782 4
      vertex -28.2458 -12.4111 0
      vertex -28.3877 -12.4782 0
    endloop
  endfacet
  facet normal -0.904023 -0.427484 0
    outer loop
      vertex -27.5218 -10.3877 0
      vertex -27.5889 -10.2458 4
      vertex -27.5889 -10.2458 0
    endloop
  endfacet
  facet normal -0.904023 -0.427484 0
    outer loop
      vertex -27.5889 -10.2458 4
      vertex -27.5218 -10.3877 0
      vertex -27.5218 -10.3877 4
    endloop
  endfacet
  facet normal 0.514027 -0.857774 0
    outer loop
      vertex -29.8889 -9.66965 0
      vertex -29.7542 -9.58893 4
      vertex -29.8889 -9.66965 4
    endloop
  endfacet
  facet normal 0.514027 -0.857774 0
    outer loop
      vertex -29.7542 -9.58893 4
      vertex -29.8889 -9.66965 0
      vertex -29.7542 -9.58893 0
    endloop
  endfacet
  facet normal 0.671213 0.741264 -0
    outer loop
      vertex -30.015 -12.2368 0
      vertex -30.1314 -12.1314 4
      vertex -30.015 -12.2368 4
    endloop
  endfacet
  facet normal 0.671213 0.741264 0
    outer loop
      vertex -30.1314 -12.1314 4
      vertex -30.015 -12.2368 0
      vertex -30.1314 -12.1314 0
    endloop
  endfacet
  facet normal -0.514027 -0.857774 0
    outer loop
      vertex -28.2458 -9.58893 0
      vertex -28.1111 -9.66965 4
      vertex -28.2458 -9.58893 4
    endloop
  endfacet
  facet normal -0.514027 -0.857774 -0
    outer loop
      vertex -28.1111 -9.66965 4
      vertex -28.2458 -9.58893 0
      vertex -28.1111 -9.66965 0
    endloop
  endfacet
  facet normal -0.741092 -0.671404 0
    outer loop
      vertex -27.7632 -9.98497 0
      vertex -27.8686 -9.86863 4
      vertex -27.8686 -9.86863 0
    endloop
  endfacet
  facet normal -0.741092 -0.671404 0
    outer loop
      vertex -27.8686 -9.86863 4
      vertex -27.7632 -9.98497 0
      vertex -27.7632 -9.98497 4
    endloop
  endfacet
  facet normal -0.941511 -0.336982 0
    outer loop
      vertex -27.4689 -10.5355 0
      vertex -27.5218 -10.3877 4
      vertex -27.5218 -10.3877 0
    endloop
  endfacet
  facet normal -0.941511 -0.336982 0
    outer loop
      vertex -27.5218 -10.3877 4
      vertex -27.4689 -10.5355 0
      vertex -27.4689 -10.5355 4
    endloop
  endfacet
  facet normal -0.904023 0.427484 0
    outer loop
      vertex -27.5889 -11.7542 0
      vertex -27.5218 -11.6123 4
      vertex -27.5218 -11.6123 0
    endloop
  endfacet
  facet normal -0.904023 0.427484 0
    outer loop
      vertex -27.5218 -11.6123 4
      vertex -27.5889 -11.7542 0
      vertex -27.5889 -11.7542 4
    endloop
  endfacet
  facet normal -0.596019 0.80297 0
    outer loop
      vertex -27.985 -12.2368 0
      vertex -28.1111 -12.3304 4
      vertex -27.985 -12.2368 4
    endloop
  endfacet
  facet normal -0.596019 0.80297 0
    outer loop
      vertex -28.1111 -12.3304 4
      vertex -27.985 -12.2368 0
      vertex -28.1111 -12.3304 0
    endloop
  endfacet
  facet normal 0.596019 0.80297 -0
    outer loop
      vertex -29.8889 -12.3304 0
      vertex -30.015 -12.2368 4
      vertex -29.8889 -12.3304 4
    endloop
  endfacet
  facet normal 0.596019 0.80297 0
    outer loop
      vertex -30.015 -12.2368 4
      vertex -29.8889 -12.3304 0
      vertex -30.015 -12.2368 0
    endloop
  endfacet
  facet normal -0.80297 0.596019 0
    outer loop
      vertex -27.7632 -12.015 0
      vertex -27.6696 -11.8889 4
      vertex -27.6696 -11.8889 0
    endloop
  endfacet
  facet normal -0.80297 0.596019 0
    outer loop
      vertex -27.6696 -11.8889 4
      vertex -27.7632 -12.015 0
      vertex -27.7632 -12.015 4
    endloop
  endfacet
  facet normal -0.427692 -0.903925 0
    outer loop
      vertex -28.3877 -9.52179 0
      vertex -28.2458 -9.58893 4
      vertex -28.3877 -9.52179 4
    endloop
  endfacet
  facet normal -0.427692 -0.903925 -0
    outer loop
      vertex -28.2458 -9.58893 4
      vertex -28.3877 -9.52179 0
      vertex -28.2458 -9.58893 0
    endloop
  endfacet
  facet normal -0.146752 -0.989173 0
    outer loop
      vertex -28.8432 -9.4077 0
      vertex -28.6879 -9.43074 4
      vertex -28.8432 -9.4077 4
    endloop
  endfacet
  facet normal -0.146752 -0.989173 -0
    outer loop
      vertex -28.6879 -9.43074 4
      vertex -28.8432 -9.4077 0
      vertex -28.6879 -9.43074 0
    endloop
  endfacet
  facet normal -0.85783 -0.513934 0
    outer loop
      vertex -27.5889 -10.2458 0
      vertex -27.6696 -10.1111 4
      vertex -27.6696 -10.1111 0
    endloop
  endfacet
  facet normal -0.85783 -0.513934 0
    outer loop
      vertex -27.6696 -10.1111 4
      vertex -27.5889 -10.2458 0
      vertex -27.5889 -10.2458 4
    endloop
  endfacet
  facet normal 0.513934 0.85783 -0
    outer loop
      vertex -29.7542 -12.4111 0
      vertex -29.8889 -12.3304 4
      vertex -29.7542 -12.4111 4
    endloop
  endfacet
  facet normal 0.513934 0.85783 0
    outer loop
      vertex -29.8889 -12.3304 4
      vertex -29.7542 -12.4111 0
      vertex -29.8889 -12.3304 0
    endloop
  endfacet
  facet normal 0.671388 -0.741106 0
    outer loop
      vertex -30.1314 -9.86863 0
      vertex -30.015 -9.76318 4
      vertex -30.1314 -9.86863 4
    endloop
  endfacet
  facet normal 0.671388 -0.741106 0
    outer loop
      vertex -30.015 -9.76318 4
      vertex -30.1314 -9.86863 0
      vertex -30.015 -9.76318 0
    endloop
  endfacet
  facet normal 0.904023 0.427484 0
    outer loop
      vertex -30.4111 -11.7542 4
      vertex -30.4782 -11.6123 0
      vertex -30.4782 -11.6123 4
    endloop
  endfacet
  facet normal 0.904023 0.427484 0
    outer loop
      vertex -30.4782 -11.6123 0
      vertex -30.4111 -11.7542 4
      vertex -30.4111 -11.7542 0
    endloop
  endfacet
  facet normal 0.336982 0.941511 -0
    outer loop
      vertex -29.4645 -12.5311 0
      vertex -29.6123 -12.4782 4
      vertex -29.4645 -12.5311 4
    endloop
  endfacet
  facet normal 0.336982 0.941511 0
    outer loop
      vertex -29.6123 -12.4782 4
      vertex -29.4645 -12.5311 0
      vertex -29.6123 -12.4782 0
    endloop
  endfacet
  facet normal 0.427484 0.904023 -0
    outer loop
      vertex -29.6123 -12.4782 0
      vertex -29.7542 -12.4111 4
      vertex -29.6123 -12.4782 4
    endloop
  endfacet
  facet normal 0.427484 0.904023 0
    outer loop
      vertex -29.7542 -12.4111 4
      vertex -29.6123 -12.4782 0
      vertex -29.7542 -12.4111 0
    endloop
  endfacet
  facet normal -0.941511 0.336982 0
    outer loop
      vertex -27.5218 -11.6123 0
      vertex -27.4689 -11.4645 4
      vertex -27.4689 -11.4645 0
    endloop
  endfacet
  facet normal -0.941511 0.336982 0
    outer loop
      vertex -27.4689 -11.4645 4
      vertex -27.5218 -11.6123 0
      vertex -27.5218 -11.6123 4
    endloop
  endfacet
  facet normal 0.98921 -0.146502 0
    outer loop
      vertex -30.5923 -10.8432 4
      vertex -30.5693 -10.6879 0
      vertex -30.5693 -10.6879 4
    endloop
  endfacet
  facet normal 0.98921 -0.146502 0
    outer loop
      vertex -30.5693 -10.6879 0
      vertex -30.5923 -10.8432 4
      vertex -30.5923 -10.8432 0
    endloop
  endfacet
  facet normal 0.998796 -0.049048 0
    outer loop
      vertex -30.6 -11 4
      vertex -30.5923 -10.8432 0
      vertex -30.5923 -10.8432 4
    endloop
  endfacet
  facet normal 0.998796 -0.049048 0
    outer loop
      vertex -30.5923 -10.8432 0
      vertex -30.6 -11 4
      vertex -30.6 -11 0
    endloop
  endfacet
  facet normal 0.741264 0.671213 0
    outer loop
      vertex -30.1314 -12.1314 4
      vertex -30.2368 -12.015 0
      vertex -30.2368 -12.015 4
    endloop
  endfacet
  facet normal 0.741264 0.671213 0
    outer loop
      vertex -30.2368 -12.015 0
      vertex -30.1314 -12.1314 4
      vertex -30.1314 -12.1314 0
    endloop
  endfacet
  facet normal 0.803038 -0.595928 0
    outer loop
      vertex -30.3304 -10.1111 4
      vertex -30.2368 -9.98497 0
      vertex -30.2368 -9.98497 4
    endloop
  endfacet
  facet normal 0.803038 -0.595928 0
    outer loop
      vertex -30.2368 -9.98497 0
      vertex -30.3304 -10.1111 4
      vertex -30.3304 -10.1111 0
    endloop
  endfacet
  facet normal 0.98921 0.146502 0
    outer loop
      vertex -30.5693 -11.3121 4
      vertex -30.5923 -11.1568 0
      vertex -30.5923 -11.1568 4
    endloop
  endfacet
  facet normal 0.98921 0.146502 0
    outer loop
      vertex -30.5923 -11.1568 0
      vertex -30.5693 -11.3121 4
      vertex -30.5693 -11.3121 0
    endloop
  endfacet
  facet normal 0.941511 -0.336982 0
    outer loop
      vertex -30.5311 -10.5355 4
      vertex -30.4782 -10.3877 0
      vertex -30.4782 -10.3877 4
    endloop
  endfacet
  facet normal 0.941511 -0.336982 0
    outer loop
      vertex -30.4782 -10.3877 0
      vertex -30.5311 -10.5355 4
      vertex -30.5311 -10.5355 0
    endloop
  endfacet
  facet normal 0.80297 0.596019 0
    outer loop
      vertex -30.2368 -12.015 4
      vertex -30.3304 -11.8889 0
      vertex -30.3304 -11.8889 4
    endloop
  endfacet
  facet normal 0.80297 0.596019 0
    outer loop
      vertex -30.3304 -11.8889 0
      vertex -30.2368 -12.015 4
      vertex -30.2368 -12.015 0
    endloop
  endfacet
  facet normal -0.336982 0.941511 0
    outer loop
      vertex -28.3877 -12.4782 0
      vertex -28.5355 -12.5311 4
      vertex -28.3877 -12.4782 4
    endloop
  endfacet
  facet normal -0.336982 0.941511 0
    outer loop
      vertex -28.5355 -12.5311 4
      vertex -28.3877 -12.4782 0
      vertex -28.5355 -12.5311 0
    endloop
  endfacet
  facet normal 0.969993 -0.243135 0
    outer loop
      vertex -30.5693 -10.6879 4
      vertex -30.5311 -10.5355 0
      vertex -30.5311 -10.5355 4
    endloop
  endfacet
  facet normal 0.969993 -0.243135 0
    outer loop
      vertex -30.5311 -10.5355 0
      vertex -30.5693 -10.6879 4
      vertex -30.5693 -10.6879 0
    endloop
  endfacet
  facet normal -0.049048 -0.998796 0
    outer loop
      vertex -29 -9.4 0
      vertex -28.8432 -9.4077 4
      vertex -29 -9.4 4
    endloop
  endfacet
  facet normal -0.049048 -0.998796 -0
    outer loop
      vertex -28.8432 -9.4077 4
      vertex -29 -9.4 0
      vertex -28.8432 -9.4077 0
    endloop
  endfacet
  facet normal 0.998796 0.049048 0
    outer loop
      vertex -30.5923 -11.1568 4
      vertex -30.6 -11 0
      vertex -30.6 -11 4
    endloop
  endfacet
  facet normal 0.998796 0.049048 0
    outer loop
      vertex -30.6 -11 0
      vertex -30.5923 -11.1568 4
      vertex -30.5923 -11.1568 0
    endloop
  endfacet
  facet normal -0.513934 0.85783 0
    outer loop
      vertex -28.1111 -12.3304 0
      vertex -28.2458 -12.4111 4
      vertex -28.1111 -12.3304 4
    endloop
  endfacet
  facet normal -0.513934 0.85783 0
    outer loop
      vertex -28.2458 -12.4111 4
      vertex -28.1111 -12.3304 0
      vertex -28.2458 -12.4111 0
    endloop
  endfacet
  facet normal -0.969993 0.243135 0
    outer loop
      vertex -27.4689 -11.4645 0
      vertex -27.4307 -11.3121 4
      vertex -27.4307 -11.3121 0
    endloop
  endfacet
  facet normal -0.969993 0.243135 0
    outer loop
      vertex -27.4307 -11.3121 4
      vertex -27.4689 -11.4645 0
      vertex -27.4689 -11.4645 4
    endloop
  endfacet
  facet normal 0.243135 0.969993 -0
    outer loop
      vertex -29.3121 -12.5693 0
      vertex -29.4645 -12.5311 4
      vertex -29.3121 -12.5693 4
    endloop
  endfacet
  facet normal 0.243135 0.969993 0
    outer loop
      vertex -29.4645 -12.5311 4
      vertex -29.3121 -12.5693 0
      vertex -29.4645 -12.5311 0
    endloop
  endfacet
  facet normal 0.85783 0.513934 0
    outer loop
      vertex -30.3304 -11.8889 4
      vertex -30.4111 -11.7542 0
      vertex -30.4111 -11.7542 4
    endloop
  endfacet
  facet normal 0.85783 0.513934 0
    outer loop
      vertex -30.4111 -11.7542 0
      vertex -30.3304 -11.8889 4
      vertex -30.3304 -11.8889 0
    endloop
  endfacet
  facet normal 0.904023 -0.427484 0
    outer loop
      vertex -30.4782 -10.3877 4
      vertex -30.4111 -10.2458 0
      vertex -30.4111 -10.2458 4
    endloop
  endfacet
  facet normal 0.904023 -0.427484 0
    outer loop
      vertex -30.4111 -10.2458 0
      vertex -30.4782 -10.3877 4
      vertex -30.4782 -10.3877 0
    endloop
  endfacet
  facet normal -0.671213 0.741264 0
    outer loop
      vertex -27.8686 -12.1314 0
      vertex -27.985 -12.2368 4
      vertex -27.8686 -12.1314 4
    endloop
  endfacet
  facet normal -0.671213 0.741264 0
    outer loop
      vertex -27.985 -12.2368 4
      vertex -27.8686 -12.1314 0
      vertex -27.985 -12.2368 0
    endloop
  endfacet
  facet normal 0.336982 -0.941511 0
    outer loop
      vertex -29.6123 12.4782 0
      vertex -29.4645 12.5311 4
      vertex -29.6123 12.4782 4
    endloop
  endfacet
  facet normal 0.336982 -0.941511 0
    outer loop
      vertex -29.4645 12.5311 4
      vertex -29.6123 12.4782 0
      vertex -29.4645 12.5311 0
    endloop
  endfacet
  facet normal -0.98921 -0.146502 0
    outer loop
      vertex -27.4077 11.1568 0
      vertex -27.4307 11.3121 4
      vertex -27.4307 11.3121 0
    endloop
  endfacet
  facet normal -0.98921 -0.146502 0
    outer loop
      vertex -27.4307 11.3121 4
      vertex -27.4077 11.1568 0
      vertex -27.4077 11.1568 4
    endloop
  endfacet
  facet normal -0.998796 -0.049048 0
    outer loop
      vertex -27.4 11 0
      vertex -27.4077 11.1568 4
      vertex -27.4077 11.1568 0
    endloop
  endfacet
  facet normal -0.998796 -0.049048 0
    outer loop
      vertex -27.4077 11.1568 4
      vertex -27.4 11 0
      vertex -27.4 11 4
    endloop
  endfacet
  facet normal -0.969993 -0.243135 0
    outer loop
      vertex -27.4307 11.3121 0
      vertex -27.4689 11.4645 4
      vertex -27.4689 11.4645 0
    endloop
  endfacet
  facet normal -0.969993 -0.243135 0
    outer loop
      vertex -27.4689 11.4645 4
      vertex -27.4307 11.3121 0
      vertex -27.4307 11.3121 4
    endloop
  endfacet
  facet normal 0.427692 0.903925 -0
    outer loop
      vertex -29.6123 9.52179 0
      vertex -29.7542 9.58893 4
      vertex -29.6123 9.52179 4
    endloop
  endfacet
  facet normal 0.427692 0.903925 0
    outer loop
      vertex -29.7542 9.58893 4
      vertex -29.6123 9.52179 0
      vertex -29.7542 9.58893 0
    endloop
  endfacet
  facet normal -0.671388 0.741106 0
    outer loop
      vertex -27.8686 9.86863 0
      vertex -27.985 9.76318 4
      vertex -27.8686 9.86863 4
    endloop
  endfacet
  facet normal -0.671388 0.741106 0
    outer loop
      vertex -27.985 9.76318 4
      vertex -27.8686 9.86863 0
      vertex -27.985 9.76318 0
    endloop
  endfacet
  facet normal -0.904023 -0.427484 0
    outer loop
      vertex -27.5218 11.6123 0
      vertex -27.5889 11.7542 4
      vertex -27.5889 11.7542 0
    endloop
  endfacet
  facet normal -0.904023 -0.427484 0
    outer loop
      vertex -27.5889 11.7542 4
      vertex -27.5218 11.6123 0
      vertex -27.5218 11.6123 4
    endloop
  endfacet
  facet normal -0.998796 0.049048 0
    outer loop
      vertex -27.4077 10.8432 0
      vertex -27.4 11 4
      vertex -27.4 11 0
    endloop
  endfacet
  facet normal -0.998796 0.049048 0
    outer loop
      vertex -27.4 11 4
      vertex -27.4077 10.8432 0
      vertex -27.4077 10.8432 4
    endloop
  endfacet
  facet normal -0.803038 0.595928 0
    outer loop
      vertex -27.7632 9.98497 0
      vertex -27.6696 10.1111 4
      vertex -27.6696 10.1111 0
    endloop
  endfacet
  facet normal -0.803038 0.595928 0
    outer loop
      vertex -27.6696 10.1111 4
      vertex -27.7632 9.98497 0
      vertex -27.7632 9.98497 4
    endloop
  endfacet
  facet normal -0.941511 0.336982 0
    outer loop
      vertex -27.5218 10.3877 0
      vertex -27.4689 10.5355 4
      vertex -27.4689 10.5355 0
    endloop
  endfacet
  facet normal -0.941511 0.336982 0
    outer loop
      vertex -27.4689 10.5355 4
      vertex -27.5218 10.3877 0
      vertex -27.5218 10.3877 4
    endloop
  endfacet
  facet normal 0.513934 -0.85783 0
    outer loop
      vertex -29.8889 12.3304 0
      vertex -29.7542 12.4111 4
      vertex -29.8889 12.3304 4
    endloop
  endfacet
  facet normal 0.513934 -0.85783 0
    outer loop
      vertex -29.7542 12.4111 4
      vertex -29.8889 12.3304 0
      vertex -29.7542 12.4111 0
    endloop
  endfacet
  facet normal 0.904023 -0.427484 0
    outer loop
      vertex -30.4782 11.6123 4
      vertex -30.4111 11.7542 0
      vertex -30.4111 11.7542 4
    endloop
  endfacet
  facet normal 0.904023 -0.427484 0
    outer loop
      vertex -30.4111 11.7542 0
      vertex -30.4782 11.6123 4
      vertex -30.4782 11.6123 0
    endloop
  endfacet
  facet normal -0.049048 -0.998796 0
    outer loop
      vertex -29 12.6 0
      vertex -28.8432 12.5923 4
      vertex -29 12.6 4
    endloop
  endfacet
  facet normal -0.049048 -0.998796 -0
    outer loop
      vertex -28.8432 12.5923 4
      vertex -29 12.6 0
      vertex -28.8432 12.5923 0
    endloop
  endfacet
  facet normal 0.741092 0.671404 0
    outer loop
      vertex -30.1314 9.86863 4
      vertex -30.2368 9.98497 0
      vertex -30.2368 9.98497 4
    endloop
  endfacet
  facet normal 0.741092 0.671404 0
    outer loop
      vertex -30.2368 9.98497 0
      vertex -30.1314 9.86863 4
      vertex -30.1314 9.86863 0
    endloop
  endfacet
  facet normal 0.146502 -0.98921 0
    outer loop
      vertex -29.3121 12.5693 0
      vertex -29.1568 12.5923 4
      vertex -29.3121 12.5693 4
    endloop
  endfacet
  facet normal 0.146502 -0.98921 0
    outer loop
      vertex -29.1568 12.5923 4
      vertex -29.3121 12.5693 0
      vertex -29.1568 12.5923 0
    endloop
  endfacet
  facet normal 0.243135 -0.969993 0
    outer loop
      vertex -29.4645 12.5311 0
      vertex -29.3121 12.5693 4
      vertex -29.4645 12.5311 4
    endloop
  endfacet
  facet normal 0.243135 -0.969993 0
    outer loop
      vertex -29.3121 12.5693 4
      vertex -29.4645 12.5311 0
      vertex -29.3121 12.5693 0
    endloop
  endfacet
  facet normal 0.904023 0.427484 0
    outer loop
      vertex -30.4111 10.2458 4
      vertex -30.4782 10.3877 0
      vertex -30.4782 10.3877 4
    endloop
  endfacet
  facet normal 0.904023 0.427484 0
    outer loop
      vertex -30.4782 10.3877 0
      vertex -30.4111 10.2458 4
      vertex -30.4111 10.2458 0
    endloop
  endfacet
  facet normal 0.969993 0.243135 0
    outer loop
      vertex -30.5311 10.5355 4
      vertex -30.5693 10.6879 0
      vertex -30.5693 10.6879 4
    endloop
  endfacet
  facet normal 0.969993 0.243135 0
    outer loop
      vertex -30.5693 10.6879 0
      vertex -30.5311 10.5355 4
      vertex -30.5311 10.5355 0
    endloop
  endfacet
  facet normal 0.049048 -0.998796 0
    outer loop
      vertex -29.1568 12.5923 0
      vertex -29 12.6 4
      vertex -29.1568 12.5923 4
    endloop
  endfacet
  facet normal 0.049048 -0.998796 0
    outer loop
      vertex -29 12.6 4
      vertex -29.1568 12.5923 0
      vertex -29 12.6 0
    endloop
  endfacet
  facet normal -0.049048 0.998796 0
    outer loop
      vertex -28.8432 9.4077 0
      vertex -29 9.4 4
      vertex -28.8432 9.4077 4
    endloop
  endfacet
  facet normal -0.049048 0.998796 0
    outer loop
      vertex -29 9.4 4
      vertex -28.8432 9.4077 0
      vertex -29 9.4 0
    endloop
  endfacet
  facet normal -0.427484 -0.904023 0
    outer loop
      vertex -28.3877 12.4782 0
      vertex -28.2458 12.4111 4
      vertex -28.3877 12.4782 4
    endloop
  endfacet
  facet normal -0.427484 -0.904023 -0
    outer loop
      vertex -28.2458 12.4111 4
      vertex -28.3877 12.4782 0
      vertex -28.2458 12.4111 0
    endloop
  endfacet
  facet normal -0.146752 0.989173 0
    outer loop
      vertex -28.6879 9.43074 0
      vertex -28.8432 9.4077 4
      vertex -28.6879 9.43074 4
    endloop
  endfacet
  facet normal -0.146752 0.989173 0
    outer loop
      vertex -28.8432 9.4077 4
      vertex -28.6879 9.43074 0
      vertex -28.8432 9.4077 0
    endloop
  endfacet
  facet normal -0.146502 -0.98921 0
    outer loop
      vertex -28.8432 12.5923 0
      vertex -28.6879 12.5693 4
      vertex -28.8432 12.5923 4
    endloop
  endfacet
  facet normal -0.146502 -0.98921 -0
    outer loop
      vertex -28.6879 12.5693 4
      vertex -28.8432 12.5923 0
      vertex -28.6879 12.5693 0
    endloop
  endfacet
  facet normal -0.941511 -0.336982 0
    outer loop
      vertex -27.4689 11.4645 0
      vertex -27.5218 11.6123 4
      vertex -27.5218 11.6123 0
    endloop
  endfacet
  facet normal -0.941511 -0.336982 0
    outer loop
      vertex -27.5218 11.6123 4
      vertex -27.4689 11.4645 0
      vertex -27.4689 11.4645 4
    endloop
  endfacet
  facet normal -0.80297 -0.596019 0
    outer loop
      vertex -27.6696 11.8889 0
      vertex -27.7632 12.015 4
      vertex -27.7632 12.015 0
    endloop
  endfacet
  facet normal -0.80297 -0.596019 0
    outer loop
      vertex -27.7632 12.015 4
      vertex -27.6696 11.8889 0
      vertex -27.6696 11.8889 4
    endloop
  endfacet
  facet normal -0.741092 0.671404 0
    outer loop
      vertex -27.8686 9.86863 0
      vertex -27.7632 9.98497 4
      vertex -27.7632 9.98497 0
    endloop
  endfacet
  facet normal -0.741092 0.671404 0
    outer loop
      vertex -27.7632 9.98497 4
      vertex -27.8686 9.86863 0
      vertex -27.8686 9.86863 4
    endloop
  endfacet
  facet normal -0.671213 -0.741264 0
    outer loop
      vertex -27.985 12.2368 0
      vertex -27.8686 12.1314 4
      vertex -27.985 12.2368 4
    endloop
  endfacet
  facet normal -0.671213 -0.741264 -0
    outer loop
      vertex -27.8686 12.1314 4
      vertex -27.985 12.2368 0
      vertex -27.8686 12.1314 0
    endloop
  endfacet
  facet normal 0.146752 0.989173 -0
    outer loop
      vertex -29.1568 9.4077 0
      vertex -29.3121 9.43074 4
      vertex -29.1568 9.4077 4
    endloop
  endfacet
  facet normal 0.146752 0.989173 0
    outer loop
      vertex -29.3121 9.43074 4
      vertex -29.1568 9.4077 0
      vertex -29.3121 9.43074 0
    endloop
  endfacet
  facet normal -0.243135 -0.969993 0
    outer loop
      vertex -28.6879 12.5693 0
      vertex -28.5355 12.5311 4
      vertex -28.6879 12.5693 4
    endloop
  endfacet
  facet normal -0.243135 -0.969993 -0
    outer loop
      vertex -28.5355 12.5311 4
      vertex -28.6879 12.5693 0
      vertex -28.5355 12.5311 0
    endloop
  endfacet
  facet normal 0.803038 0.595928 0
    outer loop
      vertex -30.2368 9.98497 4
      vertex -30.3304 10.1111 0
      vertex -30.3304 10.1111 4
    endloop
  endfacet
  facet normal 0.803038 0.595928 0
    outer loop
      vertex -30.3304 10.1111 0
      vertex -30.2368 9.98497 4
      vertex -30.2368 9.98497 0
    endloop
  endfacet
  facet normal -0.741264 -0.671213 0
    outer loop
      vertex -27.7632 12.015 0
      vertex -27.8686 12.1314 4
      vertex -27.8686 12.1314 0
    endloop
  endfacet
  facet normal -0.741264 -0.671213 0
    outer loop
      vertex -27.8686 12.1314 4
      vertex -27.7632 12.015 0
      vertex -27.7632 12.015 4
    endloop
  endfacet
  facet normal -0.242835 0.970068 0
    outer loop
      vertex -28.5355 9.46889 0
      vertex -28.6879 9.43074 4
      vertex -28.5355 9.46889 4
    endloop
  endfacet
  facet normal -0.242835 0.970068 0
    outer loop
      vertex -28.6879 9.43074 4
      vertex -28.5355 9.46889 0
      vertex -28.6879 9.43074 0
    endloop
  endfacet
  facet normal -0.427692 0.903925 0
    outer loop
      vertex -28.2458 9.58893 0
      vertex -28.3877 9.52179 4
      vertex -28.2458 9.58893 4
    endloop
  endfacet
  facet normal -0.427692 0.903925 0
    outer loop
      vertex -28.3877 9.52179 4
      vertex -28.2458 9.58893 0
      vertex -28.3877 9.52179 0
    endloop
  endfacet
  facet normal 0.242835 0.970068 -0
    outer loop
      vertex -29.3121 9.43074 0
      vertex -29.4645 9.46889 4
      vertex -29.3121 9.43074 4
    endloop
  endfacet
  facet normal 0.242835 0.970068 0
    outer loop
      vertex -29.4645 9.46889 4
      vertex -29.3121 9.43074 0
      vertex -29.4645 9.46889 0
    endloop
  endfacet
  facet normal -0.596019 -0.80297 0
    outer loop
      vertex -28.1111 12.3304 0
      vertex -27.985 12.2368 4
      vertex -28.1111 12.3304 4
    endloop
  endfacet
  facet normal -0.596019 -0.80297 -0
    outer loop
      vertex -27.985 12.2368 4
      vertex -28.1111 12.3304 0
      vertex -27.985 12.2368 0
    endloop
  endfacet
  facet normal -0.513934 -0.85783 0
    outer loop
      vertex -28.2458 12.4111 0
      vertex -28.1111 12.3304 4
      vertex -28.2458 12.4111 4
    endloop
  endfacet
  facet normal -0.513934 -0.85783 -0
    outer loop
      vertex -28.1111 12.3304 4
      vertex -28.2458 12.4111 0
      vertex -28.1111 12.3304 0
    endloop
  endfacet
  facet normal 0.427484 -0.904023 0
    outer loop
      vertex -29.7542 12.4111 0
      vertex -29.6123 12.4782 4
      vertex -29.7542 12.4111 4
    endloop
  endfacet
  facet normal 0.427484 -0.904023 0
    outer loop
      vertex -29.6123 12.4782 4
      vertex -29.7542 12.4111 0
      vertex -29.6123 12.4782 0
    endloop
  endfacet
  facet normal -0.595732 0.803184 0
    outer loop
      vertex -27.985 9.76318 0
      vertex -28.1111 9.66965 4
      vertex -27.985 9.76318 4
    endloop
  endfacet
  facet normal -0.595732 0.803184 0
    outer loop
      vertex -28.1111 9.66965 4
      vertex -27.985 9.76318 0
      vertex -28.1111 9.66965 0
    endloop
  endfacet
  facet normal -0.969993 0.243135 0
    outer loop
      vertex -27.4689 10.5355 0
      vertex -27.4307 10.6879 4
      vertex -27.4307 10.6879 0
    endloop
  endfacet
  facet normal -0.969993 0.243135 0
    outer loop
      vertex -27.4307 10.6879 4
      vertex -27.4689 10.5355 0
      vertex -27.4689 10.5355 4
    endloop
  endfacet
  facet normal -0.336982 -0.941511 0
    outer loop
      vertex -28.5355 12.5311 0
      vertex -28.3877 12.4782 4
      vertex -28.5355 12.5311 4
    endloop
  endfacet
  facet normal -0.336982 -0.941511 -0
    outer loop
      vertex -28.3877 12.4782 4
      vertex -28.5355 12.5311 0
      vertex -28.3877 12.4782 0
    endloop
  endfacet
  facet normal -0.98921 0.146502 0
    outer loop
      vertex -27.4307 10.6879 0
      vertex -27.4077 10.8432 4
      vertex -27.4077 10.8432 0
    endloop
  endfacet
  facet normal -0.98921 0.146502 0
    outer loop
      vertex -27.4077 10.8432 4
      vertex -27.4307 10.6879 0
      vertex -27.4307 10.6879 4
    endloop
  endfacet
  facet normal 0.671213 -0.741264 0
    outer loop
      vertex -30.1314 12.1314 0
      vertex -30.015 12.2368 4
      vertex -30.1314 12.1314 4
    endloop
  endfacet
  facet normal 0.671213 -0.741264 0
    outer loop
      vertex -30.015 12.2368 4
      vertex -30.1314 12.1314 0
      vertex -30.015 12.2368 0
    endloop
  endfacet
  facet normal -0.85783 -0.513934 0
    outer loop
      vertex -27.5889 11.7542 0
      vertex -27.6696 11.8889 4
      vertex -27.6696 11.8889 0
    endloop
  endfacet
  facet normal -0.85783 -0.513934 0
    outer loop
      vertex -27.6696 11.8889 4
      vertex -27.5889 11.7542 0
      vertex -27.5889 11.7542 4
    endloop
  endfacet
  facet normal 0.941511 0.336982 0
    outer loop
      vertex -30.4782 10.3877 4
      vertex -30.5311 10.5355 0
      vertex -30.5311 10.5355 4
    endloop
  endfacet
  facet normal 0.941511 0.336982 0
    outer loop
      vertex -30.5311 10.5355 0
      vertex -30.4782 10.3877 4
      vertex -30.4782 10.3877 0
    endloop
  endfacet
  facet normal 0.049048 0.998796 -0
    outer loop
      vertex -29 9.4 0
      vertex -29.1568 9.4077 4
      vertex -29 9.4 4
    endloop
  endfacet
  facet normal 0.049048 0.998796 0
    outer loop
      vertex -29.1568 9.4077 4
      vertex -29 9.4 0
      vertex -29.1568 9.4077 0
    endloop
  endfacet
  facet normal 0.514027 0.857774 -0
    outer loop
      vertex -29.7542 9.58893 0
      vertex -29.8889 9.66965 4
      vertex -29.7542 9.58893 4
    endloop
  endfacet
  facet normal 0.514027 0.857774 0
    outer loop
      vertex -29.8889 9.66965 4
      vertex -29.7542 9.58893 0
      vertex -29.8889 9.66965 0
    endloop
  endfacet
  facet normal 0.85783 0.513934 0
    outer loop
      vertex -30.3304 10.1111 4
      vertex -30.4111 10.2458 0
      vertex -30.4111 10.2458 4
    endloop
  endfacet
  facet normal 0.85783 0.513934 0
    outer loop
      vertex -30.4111 10.2458 0
      vertex -30.3304 10.1111 4
      vertex -30.3304 10.1111 0
    endloop
  endfacet
  facet normal 0.741264 -0.671213 0
    outer loop
      vertex -30.2368 12.015 4
      vertex -30.1314 12.1314 0
      vertex -30.1314 12.1314 4
    endloop
  endfacet
  facet normal 0.741264 -0.671213 0
    outer loop
      vertex -30.1314 12.1314 0
      vertex -30.2368 12.015 4
      vertex -30.2368 12.015 0
    endloop
  endfacet
  facet normal 0.85783 -0.513934 0
    outer loop
      vertex -30.4111 11.7542 4
      vertex -30.3304 11.8889 0
      vertex -30.3304 11.8889 4
    endloop
  endfacet
  facet normal 0.85783 -0.513934 0
    outer loop
      vertex -30.3304 11.8889 0
      vertex -30.4111 11.7542 4
      vertex -30.4111 11.7542 0
    endloop
  endfacet
  facet normal 0.98921 0.146502 0
    outer loop
      vertex -30.5693 10.6879 4
      vertex -30.5923 10.8432 0
      vertex -30.5923 10.8432 4
    endloop
  endfacet
  facet normal 0.98921 0.146502 0
    outer loop
      vertex -30.5923 10.8432 0
      vertex -30.5693 10.6879 4
      vertex -30.5693 10.6879 0
    endloop
  endfacet
  facet normal 0.336982 0.941511 -0
    outer loop
      vertex -29.4645 9.46889 0
      vertex -29.6123 9.52179 4
      vertex -29.4645 9.46889 4
    endloop
  endfacet
  facet normal 0.336982 0.941511 0
    outer loop
      vertex -29.6123 9.52179 4
      vertex -29.4645 9.46889 0
      vertex -29.6123 9.52179 0
    endloop
  endfacet
  facet normal 0.98921 -0.146502 0
    outer loop
      vertex -30.5923 11.1568 4
      vertex -30.5693 11.3121 0
      vertex -30.5693 11.3121 4
    endloop
  endfacet
  facet normal 0.98921 -0.146502 0
    outer loop
      vertex -30.5693 11.3121 0
      vertex -30.5923 11.1568 4
      vertex -30.5923 11.1568 0
    endloop
  endfacet
  facet normal -0.336982 0.941511 0
    outer loop
      vertex -28.3877 9.52179 0
      vertex -28.5355 9.46889 4
      vertex -28.3877 9.52179 4
    endloop
  endfacet
  facet normal -0.336982 0.941511 0
    outer loop
      vertex -28.5355 9.46889 4
      vertex -28.3877 9.52179 0
      vertex -28.5355 9.46889 0
    endloop
  endfacet
  facet normal -0.904023 0.427484 0
    outer loop
      vertex -27.5889 10.2458 0
      vertex -27.5218 10.3877 4
      vertex -27.5218 10.3877 0
    endloop
  endfacet
  facet normal -0.904023 0.427484 0
    outer loop
      vertex -27.5218 10.3877 4
      vertex -27.5889 10.2458 0
      vertex -27.5889 10.2458 4
    endloop
  endfacet
  facet normal 0.596019 -0.80297 0
    outer loop
      vertex -30.015 12.2368 0
      vertex -29.8889 12.3304 4
      vertex -30.015 12.2368 4
    endloop
  endfacet
  facet normal 0.596019 -0.80297 0
    outer loop
      vertex -29.8889 12.3304 4
      vertex -30.015 12.2368 0
      vertex -29.8889 12.3304 0
    endloop
  endfacet
  facet normal -0.514027 0.857774 0
    outer loop
      vertex -28.1111 9.66965 0
      vertex -28.2458 9.58893 4
      vertex -28.1111 9.66965 4
    endloop
  endfacet
  facet normal -0.514027 0.857774 0
    outer loop
      vertex -28.2458 9.58893 4
      vertex -28.1111 9.66965 0
      vertex -28.2458 9.58893 0
    endloop
  endfacet
  facet normal -0.85783 0.513934 0
    outer loop
      vertex -27.6696 10.1111 0
      vertex -27.5889 10.2458 4
      vertex -27.5889 10.2458 0
    endloop
  endfacet
  facet normal -0.85783 0.513934 0
    outer loop
      vertex -27.5889 10.2458 4
      vertex -27.6696 10.1111 0
      vertex -27.6696 10.1111 4
    endloop
  endfacet
  facet normal 0.969993 -0.243135 0
    outer loop
      vertex -30.5693 11.3121 4
      vertex -30.5311 11.4645 0
      vertex -30.5311 11.4645 4
    endloop
  endfacet
  facet normal 0.969993 -0.243135 0
    outer loop
      vertex -30.5311 11.4645 0
      vertex -30.5693 11.3121 4
      vertex -30.5693 11.3121 0
    endloop
  endfacet
  facet normal 0.941511 -0.336982 0
    outer loop
      vertex -30.5311 11.4645 4
      vertex -30.4782 11.6123 0
      vertex -30.4782 11.6123 4
    endloop
  endfacet
  facet normal 0.941511 -0.336982 0
    outer loop
      vertex -30.4782 11.6123 0
      vertex -30.5311 11.4645 4
      vertex -30.5311 11.4645 0
    endloop
  endfacet
  facet normal 0.671388 0.741106 -0
    outer loop
      vertex -30.015 9.76318 0
      vertex -30.1314 9.86863 4
      vertex -30.015 9.76318 4
    endloop
  endfacet
  facet normal 0.671388 0.741106 0
    outer loop
      vertex -30.1314 9.86863 4
      vertex -30.015 9.76318 0
      vertex -30.1314 9.86863 0
    endloop
  endfacet
  facet normal 0.595732 0.803184 -0
    outer loop
      vertex -29.8889 9.66965 0
      vertex -30.015 9.76318 4
      vertex -29.8889 9.66965 4
    endloop
  endfacet
  facet normal 0.595732 0.803184 0
    outer loop
      vertex -30.015 9.76318 4
      vertex -29.8889 9.66965 0
      vertex -30.015 9.76318 0
    endloop
  endfacet
  facet normal 0.998796 -0.049048 0
    outer loop
      vertex -30.6 11 4
      vertex -30.5923 11.1568 0
      vertex -30.5923 11.1568 4
    endloop
  endfacet
  facet normal 0.998796 -0.049048 0
    outer loop
      vertex -30.5923 11.1568 0
      vertex -30.6 11 4
      vertex -30.6 11 0
    endloop
  endfacet
  facet normal 0.998796 0.049048 0
    outer loop
      vertex -30.5923 10.8432 4
      vertex -30.6 11 0
      vertex -30.6 11 4
    endloop
  endfacet
  facet normal 0.998796 0.049048 0
    outer loop
      vertex -30.6 11 0
      vertex -30.5923 10.8432 4
      vertex -30.5923 10.8432 0
    endloop
  endfacet
  facet normal 0.80297 -0.596019 0
    outer loop
      vertex -30.3304 11.8889 4
      vertex -30.2368 12.015 0
      vertex -30.2368 12.015 4
    endloop
  endfacet
  facet normal 0.80297 -0.596019 0
    outer loop
      vertex -30.2368 12.015 0
      vertex -30.3304 11.8889 4
      vertex -30.3304 11.8889 0
    endloop
  endfacet
  facet normal 0.146502 0.98921 -0
    outer loop
      vertex 28.8432 -12.5923 0
      vertex 28.6879 -12.5693 4
      vertex 28.8432 -12.5923 4
    endloop
  endfacet
  facet normal 0.146502 0.98921 0
    outer loop
      vertex 28.6879 -12.5693 4
      vertex 28.8432 -12.5923 0
      vertex 28.6879 -12.5693 0
    endloop
  endfacet
  facet normal -0.98921 -0.146502 0
    outer loop
      vertex 30.5923 -10.8432 0
      vertex 30.5693 -10.6879 4
      vertex 30.5693 -10.6879 0
    endloop
  endfacet
  facet normal -0.98921 -0.146502 0
    outer loop
      vertex 30.5693 -10.6879 4
      vertex 30.5923 -10.8432 0
      vertex 30.5923 -10.8432 4
    endloop
  endfacet
  facet normal -0.998796 -0.049048 0
    outer loop
      vertex 30.6 -11 0
      vertex 30.5923 -10.8432 4
      vertex 30.5923 -10.8432 0
    endloop
  endfacet
  facet normal -0.998796 -0.049048 0
    outer loop
      vertex 30.5923 -10.8432 4
      vertex 30.6 -11 0
      vertex 30.6 -11 4
    endloop
  endfacet
  facet normal -0.969993 -0.243135 0
    outer loop
      vertex 30.5693 -10.6879 0
      vertex 30.5311 -10.5355 4
      vertex 30.5311 -10.5355 0
    endloop
  endfacet
  facet normal -0.969993 -0.243135 0
    outer loop
      vertex 30.5311 -10.5355 4
      vertex 30.5693 -10.6879 0
      vertex 30.5693 -10.6879 4
    endloop
  endfacet
  facet normal 0.969993 -0.243135 0
    outer loop
      vertex 27.4307 -10.6879 4
      vertex 27.4689 -10.5355 0
      vertex 27.4689 -10.5355 4
    endloop
  endfacet
  facet normal 0.969993 -0.243135 0
    outer loop
      vertex 27.4689 -10.5355 0
      vertex 27.4307 -10.6879 4
      vertex 27.4307 -10.6879 0
    endloop
  endfacet
  facet normal 0.904023 0.427484 0
    outer loop
      vertex 27.5889 -11.7542 4
      vertex 27.5218 -11.6123 0
      vertex 27.5218 -11.6123 4
    endloop
  endfacet
  facet normal 0.904023 0.427484 0
    outer loop
      vertex 27.5218 -11.6123 0
      vertex 27.5889 -11.7542 4
      vertex 27.5889 -11.7542 0
    endloop
  endfacet
  facet normal -0.513934 0.85783 0
    outer loop
      vertex 29.8889 -12.3304 0
      vertex 29.7542 -12.4111 4
      vertex 29.8889 -12.3304 4
    endloop
  endfacet
  facet normal -0.513934 0.85783 0
    outer loop
      vertex 29.7542 -12.4111 4
      vertex 29.8889 -12.3304 0
      vertex 29.7542 -12.4111 0
    endloop
  endfacet
  facet normal 0.514027 -0.857774 0
    outer loop
      vertex 28.1111 -9.66965 0
      vertex 28.2458 -9.58893 4
      vertex 28.1111 -9.66965 4
    endloop
  endfacet
  facet normal 0.514027 -0.857774 0
    outer loop
      vertex 28.2458 -9.58893 4
      vertex 28.1111 -9.66965 0
      vertex 28.2458 -9.58893 0
    endloop
  endfacet
  facet normal -0.146502 0.98921 0
    outer loop
      vertex 29.3121 -12.5693 0
      vertex 29.1568 -12.5923 4
      vertex 29.3121 -12.5693 4
    endloop
  endfacet
  facet normal -0.146502 0.98921 0
    outer loop
      vertex 29.1568 -12.5923 4
      vertex 29.3121 -12.5693 0
      vertex 29.1568 -12.5923 0
    endloop
  endfacet
  facet normal -0.741092 -0.671404 0
    outer loop
      vertex 30.2368 -9.98497 0
      vertex 30.1314 -9.86863 4
      vertex 30.1314 -9.86863 0
    endloop
  endfacet
  facet normal -0.741092 -0.671404 0
    outer loop
      vertex 30.1314 -9.86863 4
      vertex 30.2368 -9.98497 0
      vertex 30.2368 -9.98497 4
    endloop
  endfacet
  facet normal -0.427484 0.904023 0
    outer loop
      vertex 29.7542 -12.4111 0
      vertex 29.6123 -12.4782 4
      vertex 29.7542 -12.4111 4
    endloop
  endfacet
  facet normal -0.427484 0.904023 0
    outer loop
      vertex 29.6123 -12.4782 4
      vertex 29.7542 -12.4111 0
      vertex 29.6123 -12.4782 0
    endloop
  endfacet
  facet normal -0.427692 -0.903925 0
    outer loop
      vertex 29.6123 -9.52179 0
      vertex 29.7542 -9.58893 4
      vertex 29.6123 -9.52179 4
    endloop
  endfacet
  facet normal -0.427692 -0.903925 -0
    outer loop
      vertex 29.7542 -9.58893 4
      vertex 29.6123 -9.52179 0
      vertex 29.7542 -9.58893 0
    endloop
  endfacet
  facet normal 0.969993 0.243135 0
    outer loop
      vertex 27.4689 -11.4645 4
      vertex 27.4307 -11.3121 0
      vertex 27.4307 -11.3121 4
    endloop
  endfacet
  facet normal 0.969993 0.243135 0
    outer loop
      vertex 27.4307 -11.3121 0
      vertex 27.4689 -11.4645 4
      vertex 27.4689 -11.4645 0
    endloop
  endfacet
  facet normal -0.80297 0.596019 0
    outer loop
      vertex 30.2368 -12.015 0
      vertex 30.3304 -11.8889 4
      vertex 30.3304 -11.8889 0
    endloop
  endfacet
  facet normal -0.80297 0.596019 0
    outer loop
      vertex 30.3304 -11.8889 4
      vertex 30.2368 -12.015 0
      vertex 30.2368 -12.015 4
    endloop
  endfacet
  facet normal -0.671388 -0.741106 0
    outer loop
      vertex 30.015 -9.76318 0
      vertex 30.1314 -9.86863 4
      vertex 30.015 -9.76318 4
    endloop
  endfacet
  facet normal -0.671388 -0.741106 -0
    outer loop
      vertex 30.1314 -9.86863 4
      vertex 30.015 -9.76318 0
      vertex 30.1314 -9.86863 0
    endloop
  endfacet
  facet normal 0.596019 0.80297 -0
    outer loop
      vertex 28.1111 -12.3304 0
      vertex 27.985 -12.2368 4
      vertex 28.1111 -12.3304 4
    endloop
  endfacet
  facet normal 0.596019 0.80297 0
    outer loop
      vertex 27.985 -12.2368 4
      vertex 28.1111 -12.3304 0
      vertex 27.985 -12.2368 0
    endloop
  endfacet
  facet normal 0.671388 -0.741106 0
    outer loop
      vertex 27.8686 -9.86863 0
      vertex 27.985 -9.76318 4
      vertex 27.8686 -9.86863 4
    endloop
  endfacet
  facet normal 0.671388 -0.741106 0
    outer loop
      vertex 27.985 -9.76318 4
      vertex 27.8686 -9.86863 0
      vertex 27.985 -9.76318 0
    endloop
  endfacet
  facet normal -0.85783 -0.513934 0
    outer loop
      vertex 30.4111 -10.2458 0
      vertex 30.3304 -10.1111 4
      vertex 30.3304 -10.1111 0
    endloop
  endfacet
  facet normal -0.85783 -0.513934 0
    outer loop
      vertex 30.3304 -10.1111 4
      vertex 30.4111 -10.2458 0
      vertex 30.4111 -10.2458 4
    endloop
  endfacet
  facet normal 0.427484 0.904023 -0
    outer loop
      vertex 28.3877 -12.4782 0
      vertex 28.2458 -12.4111 4
      vertex 28.3877 -12.4782 4
    endloop
  endfacet
  facet normal 0.427484 0.904023 0
    outer loop
      vertex 28.2458 -12.4111 4
      vertex 28.3877 -12.4782 0
      vertex 28.2458 -12.4111 0
    endloop
  endfacet
  facet normal -0.98921 0.146502 0
    outer loop
      vertex 30.5693 -11.3121 0
      vertex 30.5923 -11.1568 4
      vertex 30.5923 -11.1568 0
    endloop
  endfacet
  facet normal -0.98921 0.146502 0
    outer loop
      vertex 30.5923 -11.1568 4
      vertex 30.5693 -11.3121 0
      vertex 30.5693 -11.3121 4
    endloop
  endfacet
  facet normal 0.595732 -0.803184 0
    outer loop
      vertex 27.985 -9.76318 0
      vertex 28.1111 -9.66965 4
      vertex 27.985 -9.76318 4
    endloop
  endfacet
  facet normal 0.595732 -0.803184 0
    outer loop
      vertex 28.1111 -9.66965 4
      vertex 27.985 -9.76318 0
      vertex 28.1111 -9.66965 0
    endloop
  endfacet
  facet normal 0.427692 -0.903925 0
    outer loop
      vertex 28.2458 -9.58893 0
      vertex 28.3877 -9.52179 4
      vertex 28.2458 -9.58893 4
    endloop
  endfacet
  facet normal 0.427692 -0.903925 0
    outer loop
      vertex 28.3877 -9.52179 4
      vertex 28.2458 -9.58893 0
      vertex 28.3877 -9.52179 0
    endloop
  endfacet
  facet normal 0.243135 0.969993 -0
    outer loop
      vertex 28.6879 -12.5693 0
      vertex 28.5355 -12.5311 4
      vertex 28.6879 -12.5693 4
    endloop
  endfacet
  facet normal 0.243135 0.969993 0
    outer loop
      vertex 28.5355 -12.5311 4
      vertex 28.6879 -12.5693 0
      vertex 28.5355 -12.5311 0
    endloop
  endfacet
  facet normal -0.969993 0.243135 0
    outer loop
      vertex 30.5311 -11.4645 0
      vertex 30.5693 -11.3121 4
      vertex 30.5693 -11.3121 0
    endloop
  endfacet
  facet normal -0.969993 0.243135 0
    outer loop
      vertex 30.5693 -11.3121 4
      vertex 30.5311 -11.4645 0
      vertex 30.5311 -11.4645 4
    endloop
  endfacet
  facet normal -0.146752 -0.989173 0
    outer loop
      vertex 29.1568 -9.4077 0
      vertex 29.3121 -9.43074 4
      vertex 29.1568 -9.4077 4
    endloop
  endfacet
  facet normal -0.146752 -0.989173 -0
    outer loop
      vertex 29.3121 -9.43074 4
      vertex 29.1568 -9.4077 0
      vertex 29.3121 -9.43074 0
    endloop
  endfacet
  facet normal -0.242835 -0.970068 0
    outer loop
      vertex 29.3121 -9.43074 0
      vertex 29.4645 -9.46889 4
      vertex 29.3121 -9.43074 4
    endloop
  endfacet
  facet normal -0.242835 -0.970068 -0
    outer loop
      vertex 29.4645 -9.46889 4
      vertex 29.3121 -9.43074 0
      vertex 29.4645 -9.46889 0
    endloop
  endfacet
  facet normal 0.941511 0.336982 0
    outer loop
      vertex 27.5218 -11.6123 4
      vertex 27.4689 -11.4645 0
      vertex 27.4689 -11.4645 4
    endloop
  endfacet
  facet normal 0.941511 0.336982 0
    outer loop
      vertex 27.4689 -11.4645 0
      vertex 27.5218 -11.6123 4
      vertex 27.5218 -11.6123 0
    endloop
  endfacet
  facet normal -0.336982 0.941511 0
    outer loop
      vertex 29.6123 -12.4782 0
      vertex 29.4645 -12.5311 4
      vertex 29.6123 -12.4782 4
    endloop
  endfacet
  facet normal -0.336982 0.941511 0
    outer loop
      vertex 29.4645 -12.5311 4
      vertex 29.6123 -12.4782 0
      vertex 29.4645 -12.5311 0
    endloop
  endfacet
  facet normal 0.998796 0.049048 0
    outer loop
      vertex 27.4077 -11.1568 4
      vertex 27.4 -11 0
      vertex 27.4 -11 4
    endloop
  endfacet
  facet normal 0.998796 0.049048 0
    outer loop
      vertex 27.4 -11 0
      vertex 27.4077 -11.1568 4
      vertex 27.4077 -11.1568 0
    endloop
  endfacet
  facet normal -0.049048 -0.998796 0
    outer loop
      vertex 29 -9.4 0
      vertex 29.1568 -9.4077 4
      vertex 29 -9.4 4
    endloop
  endfacet
  facet normal -0.049048 -0.998796 -0
    outer loop
      vertex 29.1568 -9.4077 4
      vertex 29 -9.4 0
      vertex 29.1568 -9.4077 0
    endloop
  endfacet
  facet normal -0.514027 -0.857774 0
    outer loop
      vertex 29.7542 -9.58893 0
      vertex 29.8889 -9.66965 4
      vertex 29.7542 -9.58893 4
    endloop
  endfacet
  facet normal -0.514027 -0.857774 -0
    outer loop
      vertex 29.8889 -9.66965 4
      vertex 29.7542 -9.58893 0
      vertex 29.8889 -9.66965 0
    endloop
  endfacet
  facet normal -0.998796 0.049048 0
    outer loop
      vertex 30.5923 -11.1568 0
      vertex 30.6 -11 4
      vertex 30.6 -11 0
    endloop
  endfacet
  facet normal -0.998796 0.049048 0
    outer loop
      vertex 30.6 -11 4
      vertex 30.5923 -11.1568 0
      vertex 30.5923 -11.1568 4
    endloop
  endfacet
  facet normal -0.904023 0.427484 0
    outer loop
      vertex 30.4111 -11.7542 0
      vertex 30.4782 -11.6123 4
      vertex 30.4782 -11.6123 0
    endloop
  endfacet
  facet normal -0.904023 0.427484 0
    outer loop
      vertex 30.4782 -11.6123 4
      vertex 30.4111 -11.7542 0
      vertex 30.4111 -11.7542 4
    endloop
  endfacet
  facet normal 0.049048 -0.998796 0
    outer loop
      vertex 28.8432 -9.4077 0
      vertex 29 -9.4 4
      vertex 28.8432 -9.4077 4
    endloop
  endfacet
  facet normal 0.049048 -0.998796 0
    outer loop
      vertex 29 -9.4 4
      vertex 28.8432 -9.4077 0
      vertex 29 -9.4 0
    endloop
  endfacet
  facet normal 0.741092 -0.671404 0
    outer loop
      vertex 27.7632 -9.98497 4
      vertex 27.8686 -9.86863 0
      vertex 27.8686 -9.86863 4
    endloop
  endfacet
  facet normal 0.741092 -0.671404 0
    outer loop
      vertex 27.8686 -9.86863 0
      vertex 27.7632 -9.98497 4
      vertex 27.7632 -9.98497 0
    endloop
  endfacet
  facet normal -0.803038 -0.595928 0
    outer loop
      vertex 30.3304 -10.1111 0
      vertex 30.2368 -9.98497 4
      vertex 30.2368 -9.98497 0
    endloop
  endfacet
  facet normal -0.803038 -0.595928 0
    outer loop
      vertex 30.2368 -9.98497 4
      vertex 30.3304 -10.1111 0
      vertex 30.3304 -10.1111 4
    endloop
  endfacet
  facet normal -0.595732 -0.803184 0
    outer loop
      vertex 29.8889 -9.66965 0
      vertex 30.015 -9.76318 4
      vertex 29.8889 -9.66965 4
    endloop
  endfacet
  facet normal -0.595732 -0.803184 -0
    outer loop
      vertex 30.015 -9.76318 4
      vertex 29.8889 -9.66965 0
      vertex 30.015 -9.76318 0
    endloop
  endfacet
  facet normal -0.049048 0.998796 0
    outer loop
      vertex 29.1568 -12.5923 0
      vertex 29 -12.6 4
      vertex 29.1568 -12.5923 4
    endloop
  endfacet
  facet normal -0.049048 0.998796 0
    outer loop
      vertex 29 -12.6 4
      vertex 29.1568 -12.5923 0
      vertex 29 -12.6 0
    endloop
  endfacet
  facet normal -0.941511 -0.336982 0
    outer loop
      vertex 30.5311 -10.5355 0
      vertex 30.4782 -10.3877 4
      vertex 30.4782 -10.3877 0
    endloop
  endfacet
  facet normal -0.941511 -0.336982 0
    outer loop
      vertex 30.4782 -10.3877 4
      vertex 30.5311 -10.5355 0
      vertex 30.5311 -10.5355 4
    endloop
  endfacet
  facet normal -0.85783 0.513934 0
    outer loop
      vertex 30.3304 -11.8889 0
      vertex 30.4111 -11.7542 4
      vertex 30.4111 -11.7542 0
    endloop
  endfacet
  facet normal -0.85783 0.513934 0
    outer loop
      vertex 30.4111 -11.7542 4
      vertex 30.3304 -11.8889 0
      vertex 30.3304 -11.8889 4
    endloop
  endfacet
  facet normal 0.336982 0.941511 -0
    outer loop
      vertex 28.5355 -12.5311 0
      vertex 28.3877 -12.4782 4
      vertex 28.5355 -12.5311 4
    endloop
  endfacet
  facet normal 0.336982 0.941511 0
    outer loop
      vertex 28.3877 -12.4782 4
      vertex 28.5355 -12.5311 0
      vertex 28.3877 -12.4782 0
    endloop
  endfacet
  facet normal 0.998796 -0.049048 0
    outer loop
      vertex 27.4 -11 4
      vertex 27.4077 -10.8432 0
      vertex 27.4077 -10.8432 4
    endloop
  endfacet
  facet normal 0.998796 -0.049048 0
    outer loop
      vertex 27.4077 -10.8432 0
      vertex 27.4 -11 4
      vertex 27.4 -11 0
    endloop
  endfacet
  facet normal -0.941511 0.336982 0
    outer loop
      vertex 30.4782 -11.6123 0
      vertex 30.5311 -11.4645 4
      vertex 30.5311 -11.4645 0
    endloop
  endfacet
  facet normal -0.941511 0.336982 0
    outer loop
      vertex 30.5311 -11.4645 4
      vertex 30.4782 -11.6123 0
      vertex 30.4782 -11.6123 4
    endloop
  endfacet
  facet normal 0.242835 -0.970068 0
    outer loop
      vertex 28.5355 -9.46889 0
      vertex 28.6879 -9.43074 4
      vertex 28.5355 -9.46889 4
    endloop
  endfacet
  facet normal 0.242835 -0.970068 0
    outer loop
      vertex 28.6879 -9.43074 4
      vertex 28.5355 -9.46889 0
      vertex 28.6879 -9.43074 0
    endloop
  endfacet
  facet normal 0.904023 -0.427484 0
    outer loop
      vertex 27.5218 -10.3877 4
      vertex 27.5889 -10.2458 0
      vertex 27.5889 -10.2458 4
    endloop
  endfacet
  facet normal 0.904023 -0.427484 0
    outer loop
      vertex 27.5889 -10.2458 0
      vertex 27.5218 -10.3877 4
      vertex 27.5218 -10.3877 0
    endloop
  endfacet
  facet normal -0.904023 -0.427484 0
    outer loop
      vertex 30.4782 -10.3877 0
      vertex 30.4111 -10.2458 4
      vertex 30.4111 -10.2458 0
    endloop
  endfacet
  facet normal -0.904023 -0.427484 0
    outer loop
      vertex 30.4111 -10.2458 4
      vertex 30.4782 -10.3877 0
      vertex 30.4782 -10.3877 4
    endloop
  endfacet
  facet normal -0.671213 0.741264 0
    outer loop
      vertex 30.1314 -12.1314 0
      vertex 30.015 -12.2368 4
      vertex 30.1314 -12.1314 4
    endloop
  endfacet
  facet normal -0.671213 0.741264 0
    outer loop
      vertex 30.015 -12.2368 4
      vertex 30.1314 -12.1314 0
      vertex 30.015 -12.2368 0
    endloop
  endfacet
  facet normal 0.146752 -0.989173 0
    outer loop
      vertex 28.6879 -9.43074 0
      vertex 28.8432 -9.4077 4
      vertex 28.6879 -9.43074 4
    endloop
  endfacet
  facet normal 0.146752 -0.989173 0
    outer loop
      vertex 28.8432 -9.4077 4
      vertex 28.6879 -9.43074 0
      vertex 28.8432 -9.4077 0
    endloop
  endfacet
  facet normal -0.243135 0.969993 0
    outer loop
      vertex 29.4645 -12.5311 0
      vertex 29.3121 -12.5693 4
      vertex 29.4645 -12.5311 4
    endloop
  endfacet
  facet normal -0.243135 0.969993 0
    outer loop
      vertex 29.3121 -12.5693 4
      vertex 29.4645 -12.5311 0
      vertex 29.3121 -12.5693 0
    endloop
  endfacet
  facet normal 0.85783 0.513934 0
    outer loop
      vertex 27.6696 -11.8889 4
      vertex 27.5889 -11.7542 0
      vertex 27.5889 -11.7542 4
    endloop
  endfacet
  facet normal 0.85783 0.513934 0
    outer loop
      vertex 27.5889 -11.7542 0
      vertex 27.6696 -11.8889 4
      vertex 27.6696 -11.8889 0
    endloop
  endfacet
  facet normal 0.741264 0.671213 0
    outer loop
      vertex 27.8686 -12.1314 4
      vertex 27.7632 -12.015 0
      vertex 27.7632 -12.015 4
    endloop
  endfacet
  facet normal 0.741264 0.671213 0
    outer loop
      vertex 27.7632 -12.015 0
      vertex 27.8686 -12.1314 4
      vertex 27.8686 -12.1314 0
    endloop
  endfacet
  facet normal 0.336982 -0.941511 0
    outer loop
      vertex 28.3877 -9.52179 0
      vertex 28.5355 -9.46889 4
      vertex 28.3877 -9.52179 4
    endloop
  endfacet
  facet normal 0.336982 -0.941511 0
    outer loop
      vertex 28.5355 -9.46889 4
      vertex 28.3877 -9.52179 0
      vertex 28.5355 -9.46889 0
    endloop
  endfacet
  facet normal 0.513934 0.85783 -0
    outer loop
      vertex 28.2458 -12.4111 0
      vertex 28.1111 -12.3304 4
      vertex 28.2458 -12.4111 4
    endloop
  endfacet
  facet normal 0.513934 0.85783 0
    outer loop
      vertex 28.1111 -12.3304 4
      vertex 28.2458 -12.4111 0
      vertex 28.1111 -12.3304 0
    endloop
  endfacet
  facet normal -0.336982 -0.941511 0
    outer loop
      vertex 29.4645 -9.46889 0
      vertex 29.6123 -9.52179 4
      vertex 29.4645 -9.46889 4
    endloop
  endfacet
  facet normal -0.336982 -0.941511 -0
    outer loop
      vertex 29.6123 -9.52179 4
      vertex 29.4645 -9.46889 0
      vertex 29.6123 -9.52179 0
    endloop
  endfacet
  facet normal 0.941511 -0.336982 0
    outer loop
      vertex 27.4689 -10.5355 4
      vertex 27.5218 -10.3877 0
      vertex 27.5218 -10.3877 4
    endloop
  endfacet
  facet normal 0.941511 -0.336982 0
    outer loop
      vertex 27.5218 -10.3877 0
      vertex 27.4689 -10.5355 4
      vertex 27.4689 -10.5355 0
    endloop
  endfacet
  facet normal 0.80297 0.596019 0
    outer loop
      vertex 27.7632 -12.015 4
      vertex 27.6696 -11.8889 0
      vertex 27.6696 -11.8889 4
    endloop
  endfacet
  facet normal 0.80297 0.596019 0
    outer loop
      vertex 27.6696 -11.8889 0
      vertex 27.7632 -12.015 4
      vertex 27.7632 -12.015 0
    endloop
  endfacet
  facet normal 0.98921 0.146502 0
    outer loop
      vertex 27.4307 -11.3121 4
      vertex 27.4077 -11.1568 0
      vertex 27.4077 -11.1568 4
    endloop
  endfacet
  facet normal 0.98921 0.146502 0
    outer loop
      vertex 27.4077 -11.1568 0
      vertex 27.4307 -11.3121 4
      vertex 27.4307 -11.3121 0
    endloop
  endfacet
  facet normal -0.596019 0.80297 0
    outer loop
      vertex 30.015 -12.2368 0
      vertex 29.8889 -12.3304 4
      vertex 30.015 -12.2368 4
    endloop
  endfacet
  facet normal -0.596019 0.80297 0
    outer loop
      vertex 29.8889 -12.3304 4
      vertex 30.015 -12.2368 0
      vertex 29.8889 -12.3304 0
    endloop
  endfacet
  facet normal 0.671213 0.741264 -0
    outer loop
      vertex 27.985 -12.2368 0
      vertex 27.8686 -12.1314 4
      vertex 27.985 -12.2368 4
    endloop
  endfacet
  facet normal 0.671213 0.741264 0
    outer loop
      vertex 27.8686 -12.1314 4
      vertex 27.985 -12.2368 0
      vertex 27.8686 -12.1314 0
    endloop
  endfacet
  facet normal 0.803038 -0.595928 0
    outer loop
      vertex 27.6696 -10.1111 4
      vertex 27.7632 -9.98497 0
      vertex 27.7632 -9.98497 4
    endloop
  endfacet
  facet normal 0.803038 -0.595928 0
    outer loop
      vertex 27.7632 -9.98497 0
      vertex 27.6696 -10.1111 4
      vertex 27.6696 -10.1111 0
    endloop
  endfacet
  facet normal 0.049048 0.998796 -0
    outer loop
      vertex 29 -12.6 0
      vertex 28.8432 -12.5923 4
      vertex 29 -12.6 4
    endloop
  endfacet
  facet normal 0.049048 0.998796 0
    outer loop
      vertex 28.8432 -12.5923 4
      vertex 29 -12.6 0
      vertex 28.8432 -12.5923 0
    endloop
  endfacet
  facet normal 0.98921 -0.146502 0
    outer loop
      vertex 27.4077 -10.8432 4
      vertex 27.4307 -10.6879 0
      vertex 27.4307 -10.6879 4
    endloop
  endfacet
  facet normal 0.98921 -0.146502 0
    outer loop
      vertex 27.4307 -10.6879 0
      vertex 27.4077 -10.8432 4
      vertex 27.4077 -10.8432 0
    endloop
  endfacet
  facet normal -0.741264 0.671213 0
    outer loop
      vertex 30.1314 -12.1314 0
      vertex 30.2368 -12.015 4
      vertex 30.2368 -12.015 0
    endloop
  endfacet
  facet normal -0.741264 0.671213 0
    outer loop
      vertex 30.2368 -12.015 4
      vertex 30.1314 -12.1314 0
      vertex 30.1314 -12.1314 4
    endloop
  endfacet
  facet normal 0.85783 -0.513934 0
    outer loop
      vertex 27.5889 -10.2458 4
      vertex 27.6696 -10.1111 0
      vertex 27.6696 -10.1111 4
    endloop
  endfacet
  facet normal 0.85783 -0.513934 0
    outer loop
      vertex 27.6696 -10.1111 0
      vertex 27.5889 -10.2458 4
      vertex 27.5889 -10.2458 0
    endloop
  endfacet
  facet normal 0.998796 -0.049048 0
    outer loop
      vertex 27.4 11 4
      vertex 27.4077 11.1568 0
      vertex 27.4077 11.1568 4
    endloop
  endfacet
  facet normal 0.998796 -0.049048 0
    outer loop
      vertex 27.4077 11.1568 0
      vertex 27.4 11 4
      vertex 27.4 11 0
    endloop
  endfacet
  facet normal -0.98921 -0.146502 0
    outer loop
      vertex 30.5923 11.1568 0
      vertex 30.5693 11.3121 4
      vertex 30.5693 11.3121 0
    endloop
  endfacet
  facet normal -0.98921 -0.146502 0
    outer loop
      vertex 30.5693 11.3121 4
      vertex 30.5923 11.1568 0
      vertex 30.5923 11.1568 4
    endloop
  endfacet
  facet normal -0.998796 -0.049048 0
    outer loop
      vertex 30.6 11 0
      vertex 30.5923 11.1568 4
      vertex 30.5923 11.1568 0
    endloop
  endfacet
  facet normal -0.998796 -0.049048 0
    outer loop
      vertex 30.5923 11.1568 4
      vertex 30.6 11 0
      vertex 30.6 11 4
    endloop
  endfacet
  facet normal -0.969993 -0.243135 0
    outer loop
      vertex 30.5693 11.3121 0
      vertex 30.5311 11.4645 4
      vertex 30.5311 11.4645 0
    endloop
  endfacet
  facet normal -0.969993 -0.243135 0
    outer loop
      vertex 30.5311 11.4645 4
      vertex 30.5693 11.3121 0
      vertex 30.5693 11.3121 4
    endloop
  endfacet
  facet normal -0.146502 -0.98921 0
    outer loop
      vertex 29.1568 12.5923 0
      vertex 29.3121 12.5693 4
      vertex 29.1568 12.5923 4
    endloop
  endfacet
  facet normal -0.146502 -0.98921 -0
    outer loop
      vertex 29.3121 12.5693 4
      vertex 29.1568 12.5923 0
      vertex 29.3121 12.5693 0
    endloop
  endfacet
  facet normal 0.969993 0.243135 0
    outer loop
      vertex 27.4689 10.5355 4
      vertex 27.4307 10.6879 0
      vertex 27.4307 10.6879 4
    endloop
  endfacet
  facet normal 0.969993 0.243135 0
    outer loop
      vertex 27.4307 10.6879 0
      vertex 27.4689 10.5355 4
      vertex 27.4689 10.5355 0
    endloop
  endfacet
  facet normal 0.336982 0.941511 -0
    outer loop
      vertex 28.5355 9.46889 0
      vertex 28.3877 9.52179 4
      vertex 28.5355 9.46889 4
    endloop
  endfacet
  facet normal 0.336982 0.941511 0
    outer loop
      vertex 28.3877 9.52179 4
      vertex 28.5355 9.46889 0
      vertex 28.3877 9.52179 0
    endloop
  endfacet
  facet normal -0.998796 0.049048 0
    outer loop
      vertex 30.5923 10.8432 0
      vertex 30.6 11 4
      vertex 30.6 11 0
    endloop
  endfacet
  facet normal -0.998796 0.049048 0
    outer loop
      vertex 30.6 11 4
      vertex 30.5923 10.8432 0
      vertex 30.5923 10.8432 4
    endloop
  endfacet
  facet normal 0.98921 -0.146502 0
    outer loop
      vertex 27.4077 11.1568 4
      vertex 27.4307 11.3121 0
      vertex 27.4307 11.3121 4
    endloop
  endfacet
  facet normal 0.98921 -0.146502 0
    outer loop
      vertex 27.4307 11.3121 0
      vertex 27.4077 11.1568 4
      vertex 27.4077 11.1568 0
    endloop
  endfacet
  facet normal -0.146752 0.989173 0
    outer loop
      vertex 29.3121 9.43074 0
      vertex 29.1568 9.4077 4
      vertex 29.3121 9.43074 4
    endloop
  endfacet
  facet normal -0.146752 0.989173 0
    outer loop
      vertex 29.1568 9.4077 4
      vertex 29.3121 9.43074 0
      vertex 29.1568 9.4077 0
    endloop
  endfacet
  facet normal -0.941511 -0.336982 0
    outer loop
      vertex 30.5311 11.4645 0
      vertex 30.4782 11.6123 4
      vertex 30.4782 11.6123 0
    endloop
  endfacet
  facet normal -0.941511 -0.336982 0
    outer loop
      vertex 30.4782 11.6123 4
      vertex 30.5311 11.4645 0
      vertex 30.5311 11.4645 4
    endloop
  endfacet
  facet normal 0.427484 -0.904023 0
    outer loop
      vertex 28.2458 12.4111 0
      vertex 28.3877 12.4782 4
      vertex 28.2458 12.4111 4
    endloop
  endfacet
  facet normal 0.427484 -0.904023 0
    outer loop
      vertex 28.3877 12.4782 4
      vertex 28.2458 12.4111 0
      vertex 28.3877 12.4782 0
    endloop
  endfacet
  facet normal -0.969993 0.243135 0
    outer loop
      vertex 30.5311 10.5355 0
      vertex 30.5693 10.6879 4
      vertex 30.5693 10.6879 0
    endloop
  endfacet
  facet normal -0.969993 0.243135 0
    outer loop
      vertex 30.5693 10.6879 4
      vertex 30.5311 10.5355 0
      vertex 30.5311 10.5355 4
    endloop
  endfacet
  facet normal 0.427692 0.903925 -0
    outer loop
      vertex 28.3877 9.52179 0
      vertex 28.2458 9.58893 4
      vertex 28.3877 9.52179 4
    endloop
  endfacet
  facet normal 0.427692 0.903925 0
    outer loop
      vertex 28.2458 9.58893 4
      vertex 28.3877 9.52179 0
      vertex 28.2458 9.58893 0
    endloop
  endfacet
  facet normal 0.243135 -0.969993 0
    outer loop
      vertex 28.5355 12.5311 0
      vertex 28.6879 12.5693 4
      vertex 28.5355 12.5311 4
    endloop
  endfacet
  facet normal 0.243135 -0.969993 0
    outer loop
      vertex 28.6879 12.5693 4
      vertex 28.5355 12.5311 0
      vertex 28.6879 12.5693 0
    endloop
  endfacet
  facet normal 0.904023 -0.427484 0
    outer loop
      vertex 27.5218 11.6123 4
      vertex 27.5889 11.7542 0
      vertex 27.5889 11.7542 4
    endloop
  endfacet
  facet normal 0.904023 -0.427484 0
    outer loop
      vertex 27.5889 11.7542 0
      vertex 27.5218 11.6123 4
      vertex 27.5218 11.6123 0
    endloop
  endfacet
  facet normal 0.904023 0.427484 0
    outer loop
      vertex 27.5889 10.2458 4
      vertex 27.5218 10.3877 0
      vertex 27.5218 10.3877 4
    endloop
  endfacet
  facet normal 0.904023 0.427484 0
    outer loop
      vertex 27.5218 10.3877 0
      vertex 27.5889 10.2458 4
      vertex 27.5889 10.2458 0
    endloop
  endfacet
  facet normal -0.336982 -0.941511 0
    outer loop
      vertex 29.4645 12.5311 0
      vertex 29.6123 12.4782 4
      vertex 29.4645 12.5311 4
    endloop
  endfacet
  facet normal -0.336982 -0.941511 -0
    outer loop
      vertex 29.6123 12.4782 4
      vertex 29.4645 12.5311 0
      vertex 29.6123 12.4782 0
    endloop
  endfacet
  facet normal -0.243135 -0.969993 0
    outer loop
      vertex 29.3121 12.5693 0
      vertex 29.4645 12.5311 4
      vertex 29.3121 12.5693 4
    endloop
  endfacet
  facet normal -0.243135 -0.969993 -0
    outer loop
      vertex 29.4645 12.5311 4
      vertex 29.3121 12.5693 0
      vertex 29.4645 12.5311 0
    endloop
  endfacet
  facet normal 0.336982 -0.941511 0
    outer loop
      vertex 28.3877 12.4782 0
      vertex 28.5355 12.5311 4
      vertex 28.3877 12.4782 4
    endloop
  endfacet
  facet normal 0.336982 -0.941511 0
    outer loop
      vertex 28.5355 12.5311 4
      vertex 28.3877 12.4782 0
      vertex 28.5355 12.5311 0
    endloop
  endfacet
  facet normal -0.803038 0.595928 0
    outer loop
      vertex 30.2368 9.98497 0
      vertex 30.3304 10.1111 4
      vertex 30.3304 10.1111 0
    endloop
  endfacet
  facet normal -0.803038 0.595928 0
    outer loop
      vertex 30.3304 10.1111 4
      vertex 30.2368 9.98497 0
      vertex 30.2368 9.98497 4
    endloop
  endfacet
  facet normal 0.85783 -0.513934 0
    outer loop
      vertex 27.5889 11.7542 4
      vertex 27.6696 11.8889 0
      vertex 27.6696 11.8889 4
    endloop
  endfacet
  facet normal 0.85783 -0.513934 0
    outer loop
      vertex 27.6696 11.8889 0
      vertex 27.5889 11.7542 4
      vertex 27.5889 11.7542 0
    endloop
  endfacet
  facet normal -0.671213 -0.741264 0
    outer loop
      vertex 30.015 12.2368 0
      vertex 30.1314 12.1314 4
      vertex 30.015 12.2368 4
    endloop
  endfacet
  facet normal -0.671213 -0.741264 -0
    outer loop
      vertex 30.1314 12.1314 4
      vertex 30.015 12.2368 0
      vertex 30.1314 12.1314 0
    endloop
  endfacet
  facet normal -0.049048 0.998796 0
    outer loop
      vertex 29.1568 9.4077 0
      vertex 29 9.4 4
      vertex 29.1568 9.4077 4
    endloop
  endfacet
  facet normal -0.049048 0.998796 0
    outer loop
      vertex 29 9.4 4
      vertex 29.1568 9.4077 0
      vertex 29 9.4 0
    endloop
  endfacet
  facet normal -0.427484 -0.904023 0
    outer loop
      vertex 29.6123 12.4782 0
      vertex 29.7542 12.4111 4
      vertex 29.6123 12.4782 4
    endloop
  endfacet
  facet normal -0.427484 -0.904023 -0
    outer loop
      vertex 29.7542 12.4111 4
      vertex 29.6123 12.4782 0
      vertex 29.7542 12.4111 0
    endloop
  endfacet
  facet normal 0.741092 0.671404 0
    outer loop
      vertex 27.8686 9.86863 4
      vertex 27.7632 9.98497 0
      vertex 27.7632 9.98497 4
    endloop
  endfacet
  facet normal 0.741092 0.671404 0
    outer loop
      vertex 27.7632 9.98497 0
      vertex 27.8686 9.86863 4
      vertex 27.8686 9.86863 0
    endloop
  endfacet
  facet normal -0.904023 -0.427484 0
    outer loop
      vertex 30.4782 11.6123 0
      vertex 30.4111 11.7542 4
      vertex 30.4111 11.7542 0
    endloop
  endfacet
  facet normal -0.904023 -0.427484 0
    outer loop
      vertex 30.4111 11.7542 4
      vertex 30.4782 11.6123 0
      vertex 30.4782 11.6123 4
    endloop
  endfacet
  facet normal -0.85783 0.513934 0
    outer loop
      vertex 30.3304 10.1111 0
      vertex 30.4111 10.2458 4
      vertex 30.4111 10.2458 0
    endloop
  endfacet
  facet normal -0.85783 0.513934 0
    outer loop
      vertex 30.4111 10.2458 4
      vertex 30.3304 10.1111 0
      vertex 30.3304 10.1111 4
    endloop
  endfacet
  facet normal 0.941511 0.336982 0
    outer loop
      vertex 27.5218 10.3877 4
      vertex 27.4689 10.5355 0
      vertex 27.4689 10.5355 4
    endloop
  endfacet
  facet normal 0.941511 0.336982 0
    outer loop
      vertex 27.4689 10.5355 0
      vertex 27.5218 10.3877 4
      vertex 27.5218 10.3877 0
    endloop
  endfacet
  facet normal -0.513934 -0.85783 0
    outer loop
      vertex 29.7542 12.4111 0
      vertex 29.8889 12.3304 4
      vertex 29.7542 12.4111 4
    endloop
  endfacet
  facet normal -0.513934 -0.85783 -0
    outer loop
      vertex 29.8889 12.3304 4
      vertex 29.7542 12.4111 0
      vertex 29.8889 12.3304 0
    endloop
  endfacet
  facet normal 0.049048 0.998796 -0
    outer loop
      vertex 29 9.4 0
      vertex 28.8432 9.4077 4
      vertex 29 9.4 4
    endloop
  endfacet
  facet normal 0.049048 0.998796 0
    outer loop
      vertex 28.8432 9.4077 4
      vertex 29 9.4 0
      vertex 28.8432 9.4077 0
    endloop
  endfacet
  facet normal -0.595732 0.803184 0
    outer loop
      vertex 30.015 9.76318 0
      vertex 29.8889 9.66965 4
      vertex 30.015 9.76318 4
    endloop
  endfacet
  facet normal -0.595732 0.803184 0
    outer loop
      vertex 29.8889 9.66965 4
      vertex 30.015 9.76318 0
      vertex 29.8889 9.66965 0
    endloop
  endfacet
  facet normal 0.969993 -0.243135 0
    outer loop
      vertex 27.4307 11.3121 4
      vertex 27.4689 11.4645 0
      vertex 27.4689 11.4645 4
    endloop
  endfacet
  facet normal 0.969993 -0.243135 0
    outer loop
      vertex 27.4689 11.4645 0
      vertex 27.4307 11.3121 4
      vertex 27.4307 11.3121 0
    endloop
  endfacet
  facet normal -0.336982 0.941511 0
    outer loop
      vertex 29.6123 9.52179 0
      vertex 29.4645 9.46889 4
      vertex 29.6123 9.52179 4
    endloop
  endfacet
  facet normal -0.336982 0.941511 0
    outer loop
      vertex 29.4645 9.46889 4
      vertex 29.6123 9.52179 0
      vertex 29.4645 9.46889 0
    endloop
  endfacet
  facet normal -0.80297 -0.596019 0
    outer loop
      vertex 30.3304 11.8889 0
      vertex 30.2368 12.015 4
      vertex 30.2368 12.015 0
    endloop
  endfacet
  facet normal -0.80297 -0.596019 0
    outer loop
      vertex 30.2368 12.015 4
      vertex 30.3304 11.8889 0
      vertex 30.3304 11.8889 4
    endloop
  endfacet
  facet normal 0.514027 0.857774 -0
    outer loop
      vertex 28.2458 9.58893 0
      vertex 28.1111 9.66965 4
      vertex 28.2458 9.58893 4
    endloop
  endfacet
  facet normal 0.514027 0.857774 0
    outer loop
      vertex 28.1111 9.66965 4
      vertex 28.2458 9.58893 0
      vertex 28.1111 9.66965 0
    endloop
  endfacet
  facet normal -0.596019 -0.80297 0
    outer loop
      vertex 29.8889 12.3304 0
      vertex 30.015 12.2368 4
      vertex 29.8889 12.3304 4
    endloop
  endfacet
  facet normal -0.596019 -0.80297 -0
    outer loop
      vertex 30.015 12.2368 4
      vertex 29.8889 12.3304 0
      vertex 30.015 12.2368 0
    endloop
  endfacet
  facet normal -0.904023 0.427484 0
    outer loop
      vertex 30.4111 10.2458 0
      vertex 30.4782 10.3877 4
      vertex 30.4782 10.3877 0
    endloop
  endfacet
  facet normal -0.904023 0.427484 0
    outer loop
      vertex 30.4782 10.3877 4
      vertex 30.4111 10.2458 0
      vertex 30.4111 10.2458 4
    endloop
  endfacet
  facet normal -0.741092 0.671404 0
    outer loop
      vertex 30.1314 9.86863 0
      vertex 30.2368 9.98497 4
      vertex 30.2368 9.98497 0
    endloop
  endfacet
  facet normal -0.741092 0.671404 0
    outer loop
      vertex 30.2368 9.98497 4
      vertex 30.1314 9.86863 0
      vertex 30.1314 9.86863 4
    endloop
  endfacet
  facet normal -0.049048 -0.998796 0
    outer loop
      vertex 29 12.6 0
      vertex 29.1568 12.5923 4
      vertex 29 12.6 4
    endloop
  endfacet
  facet normal -0.049048 -0.998796 -0
    outer loop
      vertex 29.1568 12.5923 4
      vertex 29 12.6 0
      vertex 29.1568 12.5923 0
    endloop
  endfacet
  facet normal -0.427692 0.903925 0
    outer loop
      vertex 29.7542 9.58893 0
      vertex 29.6123 9.52179 4
      vertex 29.7542 9.58893 4
    endloop
  endfacet
  facet normal -0.427692 0.903925 0
    outer loop
      vertex 29.6123 9.52179 4
      vertex 29.7542 9.58893 0
      vertex 29.6123 9.52179 0
    endloop
  endfacet
  facet normal 0.146502 -0.98921 0
    outer loop
      vertex 28.6879 12.5693 0
      vertex 28.8432 12.5923 4
      vertex 28.6879 12.5693 4
    endloop
  endfacet
  facet normal 0.146502 -0.98921 0
    outer loop
      vertex 28.8432 12.5923 4
      vertex 28.6879 12.5693 0
      vertex 28.8432 12.5923 0
    endloop
  endfacet
  facet normal -0.98921 0.146502 0
    outer loop
      vertex 30.5693 10.6879 0
      vertex 30.5923 10.8432 4
      vertex 30.5923 10.8432 0
    endloop
  endfacet
  facet normal -0.98921 0.146502 0
    outer loop
      vertex 30.5923 10.8432 4
      vertex 30.5693 10.6879 0
      vertex 30.5693 10.6879 4
    endloop
  endfacet
  facet normal -0.242835 0.970068 0
    outer loop
      vertex 29.4645 9.46889 0
      vertex 29.3121 9.43074 4
      vertex 29.4645 9.46889 4
    endloop
  endfacet
  facet normal -0.242835 0.970068 0
    outer loop
      vertex 29.3121 9.43074 4
      vertex 29.4645 9.46889 0
      vertex 29.3121 9.43074 0
    endloop
  endfacet
  facet normal 0.671213 -0.741264 0
    outer loop
      vertex 27.8686 12.1314 0
      vertex 27.985 12.2368 4
      vertex 27.8686 12.1314 4
    endloop
  endfacet
  facet normal 0.671213 -0.741264 0
    outer loop
      vertex 27.985 12.2368 4
      vertex 27.8686 12.1314 0
      vertex 27.985 12.2368 0
    endloop
  endfacet
  facet normal -0.85783 -0.513934 0
    outer loop
      vertex 30.4111 11.7542 0
      vertex 30.3304 11.8889 4
      vertex 30.3304 11.8889 0
    endloop
  endfacet
  facet normal -0.85783 -0.513934 0
    outer loop
      vertex 30.3304 11.8889 4
      vertex 30.4111 11.7542 0
      vertex 30.4111 11.7542 4
    endloop
  endfacet
  facet normal -0.741264 -0.671213 0
    outer loop
      vertex 30.2368 12.015 0
      vertex 30.1314 12.1314 4
      vertex 30.1314 12.1314 0
    endloop
  endfacet
  facet normal -0.741264 -0.671213 0
    outer loop
      vertex 30.1314 12.1314 4
      vertex 30.2368 12.015 0
      vertex 30.2368 12.015 4
    endloop
  endfacet
  facet normal 0.803038 0.595928 0
    outer loop
      vertex 27.7632 9.98497 4
      vertex 27.6696 10.1111 0
      vertex 27.6696 10.1111 4
    endloop
  endfacet
  facet normal 0.803038 0.595928 0
    outer loop
      vertex 27.6696 10.1111 0
      vertex 27.7632 9.98497 4
      vertex 27.7632 9.98497 0
    endloop
  endfacet
  facet normal -0.941511 0.336982 0
    outer loop
      vertex 30.4782 10.3877 0
      vertex 30.5311 10.5355 4
      vertex 30.5311 10.5355 0
    endloop
  endfacet
  facet normal -0.941511 0.336982 0
    outer loop
      vertex 30.5311 10.5355 4
      vertex 30.4782 10.3877 0
      vertex 30.4782 10.3877 4
    endloop
  endfacet
  facet normal 0.741264 -0.671213 0
    outer loop
      vertex 27.7632 12.015 4
      vertex 27.8686 12.1314 0
      vertex 27.8686 12.1314 4
    endloop
  endfacet
  facet normal 0.741264 -0.671213 0
    outer loop
      vertex 27.8686 12.1314 0
      vertex 27.7632 12.015 4
      vertex 27.7632 12.015 0
    endloop
  endfacet
  facet normal 0.595732 0.803184 -0
    outer loop
      vertex 28.1111 9.66965 0
      vertex 27.985 9.76318 4
      vertex 28.1111 9.66965 4
    endloop
  endfacet
  facet normal 0.595732 0.803184 0
    outer loop
      vertex 27.985 9.76318 4
      vertex 28.1111 9.66965 0
      vertex 27.985 9.76318 0
    endloop
  endfacet
  facet normal 0.671388 0.741106 -0
    outer loop
      vertex 27.985 9.76318 0
      vertex 27.8686 9.86863 4
      vertex 27.985 9.76318 4
    endloop
  endfacet
  facet normal 0.671388 0.741106 0
    outer loop
      vertex 27.8686 9.86863 4
      vertex 27.985 9.76318 0
      vertex 27.8686 9.86863 0
    endloop
  endfacet
  facet normal -0.514027 0.857774 0
    outer loop
      vertex 29.8889 9.66965 0
      vertex 29.7542 9.58893 4
      vertex 29.8889 9.66965 4
    endloop
  endfacet
  facet normal -0.514027 0.857774 0
    outer loop
      vertex 29.7542 9.58893 4
      vertex 29.8889 9.66965 0
      vertex 29.7542 9.58893 0
    endloop
  endfacet
  facet normal -0.671388 0.741106 0
    outer loop
      vertex 30.1314 9.86863 0
      vertex 30.015 9.76318 4
      vertex 30.1314 9.86863 4
    endloop
  endfacet
  facet normal -0.671388 0.741106 0
    outer loop
      vertex 30.015 9.76318 4
      vertex 30.1314 9.86863 0
      vertex 30.015 9.76318 0
    endloop
  endfacet
  facet normal 0.049048 -0.998796 0
    outer loop
      vertex 28.8432 12.5923 0
      vertex 29 12.6 4
      vertex 28.8432 12.5923 4
    endloop
  endfacet
  facet normal 0.049048 -0.998796 0
    outer loop
      vertex 29 12.6 4
      vertex 28.8432 12.5923 0
      vertex 29 12.6 0
    endloop
  endfacet
  facet normal 0.242835 0.970068 -0
    outer loop
      vertex 28.6879 9.43074 0
      vertex 28.5355 9.46889 4
      vertex 28.6879 9.43074 4
    endloop
  endfacet
  facet normal 0.242835 0.970068 0
    outer loop
      vertex 28.5355 9.46889 4
      vertex 28.6879 9.43074 0
      vertex 28.5355 9.46889 0
    endloop
  endfacet
  facet normal 0.98921 0.146502 0
    outer loop
      vertex 27.4307 10.6879 4
      vertex 27.4077 10.8432 0
      vertex 27.4077 10.8432 4
    endloop
  endfacet
  facet normal 0.98921 0.146502 0
    outer loop
      vertex 27.4077 10.8432 0
      vertex 27.4307 10.6879 4
      vertex 27.4307 10.6879 0
    endloop
  endfacet
  facet normal 0.513934 -0.85783 0
    outer loop
      vertex 28.1111 12.3304 0
      vertex 28.2458 12.4111 4
      vertex 28.1111 12.3304 4
    endloop
  endfacet
  facet normal 0.513934 -0.85783 0
    outer loop
      vertex 28.2458 12.4111 4
      vertex 28.1111 12.3304 0
      vertex 28.2458 12.4111 0
    endloop
  endfacet
  facet normal 0.596019 -0.80297 0
    outer loop
      vertex 27.985 12.2368 0
      vertex 28.1111 12.3304 4
      vertex 27.985 12.2368 4
    endloop
  endfacet
  facet normal 0.596019 -0.80297 0
    outer loop
      vertex 28.1111 12.3304 4
      vertex 27.985 12.2368 0
      vertex 28.1111 12.3304 0
    endloop
  endfacet
  facet normal 0.941511 -0.336982 0
    outer loop
      vertex 27.4689 11.4645 4
      vertex 27.5218 11.6123 0
      vertex 27.5218 11.6123 4
    endloop
  endfacet
  facet normal 0.941511 -0.336982 0
    outer loop
      vertex 27.5218 11.6123 0
      vertex 27.4689 11.4645 4
      vertex 27.4689 11.4645 0
    endloop
  endfacet
  facet normal 0.85783 0.513934 0
    outer loop
      vertex 27.6696 10.1111 4
      vertex 27.5889 10.2458 0
      vertex 27.5889 10.2458 4
    endloop
  endfacet
  facet normal 0.85783 0.513934 0
    outer loop
      vertex 27.5889 10.2458 0
      vertex 27.6696 10.1111 4
      vertex 27.6696 10.1111 0
    endloop
  endfacet
  facet normal 0.998796 0.049048 0
    outer loop
      vertex 27.4077 10.8432 4
      vertex 27.4 11 0
      vertex 27.4 11 4
    endloop
  endfacet
  facet normal 0.998796 0.049048 0
    outer loop
      vertex 27.4 11 0
      vertex 27.4077 10.8432 4
      vertex 27.4077 10.8432 0
    endloop
  endfacet
  facet normal 0.146752 0.989173 -0
    outer loop
      vertex 28.8432 9.4077 0
      vertex 28.6879 9.43074 4
      vertex 28.8432 9.4077 4
    endloop
  endfacet
  facet normal 0.146752 0.989173 0
    outer loop
      vertex 28.6879 9.43074 4
      vertex 28.8432 9.4077 0
      vertex 28.6879 9.43074 0
    endloop
  endfacet
  facet normal 0.80297 -0.596019 0
    outer loop
      vertex 27.6696 11.8889 4
      vertex 27.7632 12.015 0
      vertex 27.7632 12.015 4
    endloop
  endfacet
  facet normal 0.80297 -0.596019 0
    outer loop
      vertex 27.7632 12.015 0
      vertex 27.6696 11.8889 4
      vertex 27.6696 11.8889 0
    endloop
  endfacet
  facet normal -0.998791 0.0491626 0
    outer loop
      vertex -35 13 0
      vertex -34.9807 13.3921 4
      vertex -34.9807 13.3921 0
    endloop
  endfacet
  facet normal -0.998791 0.0491626 0
    outer loop
      vertex -34.9807 13.3921 4
      vertex -35 13 0
      vertex -35 13 4
    endloop
  endfacet
  facet normal 0.0491626 -0.998791 0
    outer loop
      vertex 31 -17 0
      vertex 31.3921 -16.9807 4
      vertex 31 -17 4
    endloop
  endfacet
  facet normal 0.0491626 -0.998791 0
    outer loop
      vertex 31.3921 -16.9807 4
      vertex 31 -17 0
      vertex 31.3921 -16.9807 0
    endloop
  endfacet
  facet normal -0.514084 -0.85774 0
    outer loop
      vertex -33.2223 -16.3259 0
      vertex -32.8856 -16.5277 4
      vertex -33.2223 -16.3259 4
    endloop
  endfacet
  facet normal -0.514084 -0.85774 -0
    outer loop
      vertex -32.8856 -16.5277 4
      vertex -33.2223 -16.3259 0
      vertex -32.8856 -16.5277 0
    endloop
  endfacet
  facet normal 0.42744 -0.904044 0
    outer loop
      vertex 32.5307 -16.6955 0
      vertex 32.8856 -16.5277 4
      vertex 32.5307 -16.6955 4
    endloop
  endfacet
  facet normal 0.42744 -0.904044 0
    outer loop
      vertex 32.8856 -16.5277 4
      vertex 32.5307 -16.6955 0
      vertex 32.8856 -16.5277 0
    endloop
  endfacet
  facet normal -0.989176 0.146733 0
    outer loop
      vertex -34.9807 13.3921 0
      vertex -34.9231 13.7804 4
      vertex -34.9231 13.7804 0
    endloop
  endfacet
  facet normal -0.989176 0.146733 0
    outer loop
      vertex -34.9231 13.7804 4
      vertex -34.9807 13.3921 0
      vertex -34.9807 13.3921 4
    endloop
  endfacet
  facet normal -0.514084 0.85774 0
    outer loop
      vertex -32.8856 16.5277 0
      vertex -33.2223 16.3259 4
      vertex -32.8856 16.5277 4
    endloop
  endfacet
  facet normal -0.514084 0.85774 0
    outer loop
      vertex -33.2223 16.3259 4
      vertex -32.8856 16.5277 0
      vertex -33.2223 16.3259 0
    endloop
  endfacet
  facet normal 0.146733 0.989176 -0
    outer loop
      vertex 31.7804 16.9231 0
      vertex 31.3921 16.9807 4
      vertex 31.7804 16.9231 4
    endloop
  endfacet
  facet normal 0.146733 0.989176 0
    outer loop
      vertex 31.3921 16.9807 4
      vertex 31.7804 16.9231 0
      vertex 31.3921 16.9807 0
    endloop
  endfacet
  facet normal 0.337014 0.9415 -0
    outer loop
      vertex 32.5307 16.6955 0
      vertex 32.1611 16.8278 4
      vertex 32.5307 16.6955 4
    endloop
  endfacet
  facet normal 0.337014 0.9415 0
    outer loop
      vertex 32.1611 16.8278 4
      vertex 32.5307 16.6955 0
      vertex 32.1611 16.8278 0
    endloop
  endfacet
  facet normal 0 1 -0
    outer loop
      vertex 31 17 0
      vertex -31 17 4
      vertex 31 17 4
    endloop
  endfacet
  facet normal 0 1 0
    outer loop
      vertex -31 17 4
      vertex 31 17 0
      vertex -31 17 0
    endloop
  endfacet
  facet normal 0.740908 0.671607 0
    outer loop
      vertex 34.092 15.5376 4
      vertex 33.8284 15.8284 0
      vertex 33.8284 15.8284 4
    endloop
  endfacet
  facet normal 0.740908 0.671607 0
    outer loop
      vertex 33.8284 15.8284 0
      vertex 34.092 15.5376 4
      vertex 34.092 15.5376 0
    endloop
  endfacet
  facet normal -1 0 0
    outer loop
      vertex -35 -13 0
      vertex -35 13 4
      vertex -35 13 0
    endloop
  endfacet
  facet normal -1 -0 0
    outer loop
      vertex -35 13 4
      vertex -35 -13 0
      vertex -35 -13 4
    endloop
  endfacet
  facet normal 0 -1 0
    outer loop
      vertex -31 -17 0
      vertex 31 -17 4
      vertex -31 -17 4
    endloop
  endfacet
  facet normal 0 -1 -0
    outer loop
      vertex 31 -17 4
      vertex -31 -17 0
      vertex 31 -17 0
    endloop
  endfacet
  facet normal 0.998791 0.0491626 0
    outer loop
      vertex 35 13 4
      vertex 34.9807 13.3921 0
      vertex 34.9807 13.3921 4
    endloop
  endfacet
  facet normal 0.998791 0.0491626 0
    outer loop
      vertex 34.9807 13.3921 0
      vertex 35 13 4
      vertex 35 13 0
    endloop
  endfacet
  facet normal 0.514084 0.85774 -0
    outer loop
      vertex 33.2223 16.3259 0
      vertex 32.8856 16.5277 4
      vertex 33.2223 16.3259 4
    endloop
  endfacet
  facet normal 0.514084 0.85774 0
    outer loop
      vertex 32.8856 16.5277 4
      vertex 33.2223 16.3259 0
      vertex 32.8856 16.5277 0
    endloop
  endfacet
  facet normal -0.998791 -0.0491626 0
    outer loop
      vertex -34.9807 -13.3921 0
      vertex -35 -13 4
      vertex -35 -13 0
    endloop
  endfacet
  facet normal -0.998791 -0.0491626 0
    outer loop
      vertex -35 -13 4
      vertex -34.9807 -13.3921 0
      vertex -34.9807 -13.3921 4
    endloop
  endfacet
  facet normal -0.146733 -0.989176 0
    outer loop
      vertex -31.7804 -16.9231 0
      vertex -31.3921 -16.9807 4
      vertex -31.7804 -16.9231 4
    endloop
  endfacet
  facet normal -0.146733 -0.989176 -0
    outer loop
      vertex -31.3921 -16.9807 4
      vertex -31.7804 -16.9231 0
      vertex -31.3921 -16.9807 0
    endloop
  endfacet
  facet normal -0.0491626 -0.998791 0
    outer loop
      vertex -31.3921 -16.9807 0
      vertex -31 -17 4
      vertex -31.3921 -16.9807 4
    endloop
  endfacet
  facet normal -0.0491626 -0.998791 -0
    outer loop
      vertex -31 -17 4
      vertex -31.3921 -16.9807 0
      vertex -31 -17 0
    endloop
  endfacet
  facet normal -0.671607 0.740908 0
    outer loop
      vertex -33.5376 16.092 0
      vertex -33.8284 15.8284 4
      vertex -33.5376 16.092 4
    endloop
  endfacet
  facet normal -0.671607 0.740908 0
    outer loop
      vertex -33.8284 15.8284 4
      vertex -33.5376 16.092 0
      vertex -33.8284 15.8284 0
    endloop
  endfacet
  facet normal -0.0491626 0.998791 0
    outer loop
      vertex -31 17 0
      vertex -31.3921 16.9807 4
      vertex -31 17 4
    endloop
  endfacet
  facet normal -0.0491626 0.998791 0
    outer loop
      vertex -31.3921 16.9807 4
      vertex -31 17 0
      vertex -31.3921 16.9807 0
    endloop
  endfacet
  facet normal 0.595794 0.803137 -0
    outer loop
      vertex 33.5376 16.092 0
      vertex 33.2223 16.3259 4
      vertex 33.5376 16.092 4
    endloop
  endfacet
  facet normal 0.595794 0.803137 0
    outer loop
      vertex 33.2223 16.3259 4
      vertex 33.5376 16.092 0
      vertex 33.2223 16.3259 0
    endloop
  endfacet
  facet normal 0.803137 -0.595794 0
    outer loop
      vertex 34.092 -15.5376 4
      vertex 34.3259 -15.2223 0
      vertex 34.3259 -15.2223 4
    endloop
  endfacet
  facet normal 0.803137 -0.595794 0
    outer loop
      vertex 34.3259 -15.2223 0
      vertex 34.092 -15.5376 4
      vertex 34.092 -15.5376 0
    endloop
  endfacet
  facet normal -0.970068 0.242835 0
    outer loop
      vertex -34.9231 13.7804 0
      vertex -34.8278 14.1611 4
      vertex -34.8278 14.1611 0
    endloop
  endfacet
  facet normal -0.970068 0.242835 0
    outer loop
      vertex -34.8278 14.1611 4
      vertex -34.9231 13.7804 0
      vertex -34.9231 13.7804 4
    endloop
  endfacet
  facet normal -0.9415 -0.337014 0
    outer loop
      vertex -34.6955 -14.5307 0
      vertex -34.8278 -14.1611 4
      vertex -34.8278 -14.1611 0
    endloop
  endfacet
  facet normal -0.9415 -0.337014 0
    outer loop
      vertex -34.8278 -14.1611 4
      vertex -34.6955 -14.5307 0
      vertex -34.6955 -14.5307 4
    endloop
  endfacet
  facet normal -0.146733 0.989176 0
    outer loop
      vertex -31.3921 16.9807 0
      vertex -31.7804 16.9231 4
      vertex -31.3921 16.9807 4
    endloop
  endfacet
  facet normal -0.146733 0.989176 0
    outer loop
      vertex -31.7804 16.9231 4
      vertex -31.3921 16.9807 0
      vertex -31.7804 16.9231 0
    endloop
  endfacet
  facet normal -0.337014 -0.9415 0
    outer loop
      vertex -32.5307 -16.6955 0
      vertex -32.1611 -16.8278 4
      vertex -32.5307 -16.6955 4
    endloop
  endfacet
  facet normal -0.337014 -0.9415 -0
    outer loop
      vertex -32.1611 -16.8278 4
      vertex -32.5307 -16.6955 0
      vertex -32.1611 -16.8278 0
    endloop
  endfacet
  facet normal 0.242835 0.970068 -0
    outer loop
      vertex 32.1611 16.8278 0
      vertex 31.7804 16.9231 4
      vertex 32.1611 16.8278 4
    endloop
  endfacet
  facet normal 0.242835 0.970068 0
    outer loop
      vertex 31.7804 16.9231 4
      vertex 32.1611 16.8278 0
      vertex 31.7804 16.9231 0
    endloop
  endfacet
  facet normal 0.0491626 0.998791 -0
    outer loop
      vertex 31.3921 16.9807 0
      vertex 31 17 4
      vertex 31.3921 16.9807 4
    endloop
  endfacet
  facet normal 0.0491626 0.998791 0
    outer loop
      vertex 31 17 4
      vertex 31.3921 16.9807 0
      vertex 31 17 0
    endloop
  endfacet
  facet normal 0.671607 -0.740908 0
    outer loop
      vertex 33.5376 -16.092 0
      vertex 33.8284 -15.8284 4
      vertex 33.5376 -16.092 4
    endloop
  endfacet
  facet normal 0.671607 -0.740908 0
    outer loop
      vertex 33.8284 -15.8284 4
      vertex 33.5376 -16.092 0
      vertex 33.8284 -15.8284 0
    endloop
  endfacet
  facet normal -0.85774 -0.514084 0
    outer loop
      vertex -34.3259 -15.2223 0
      vertex -34.5277 -14.8856 4
      vertex -34.5277 -14.8856 0
    endloop
  endfacet
  facet normal -0.85774 -0.514084 0
    outer loop
      vertex -34.5277 -14.8856 4
      vertex -34.3259 -15.2223 0
      vertex -34.3259 -15.2223 4
    endloop
  endfacet
  facet normal -0.242835 -0.970068 0
    outer loop
      vertex -32.1611 -16.8278 0
      vertex -31.7804 -16.9231 4
      vertex -32.1611 -16.8278 4
    endloop
  endfacet
  facet normal -0.242835 -0.970068 -0
    outer loop
      vertex -31.7804 -16.9231 4
      vertex -32.1611 -16.8278 0
      vertex -31.7804 -16.9231 0
    endloop
  endfacet
  facet normal -0.9415 0.337014 0
    outer loop
      vertex -34.8278 14.1611 0
      vertex -34.6955 14.5307 4
      vertex -34.6955 14.5307 0
    endloop
  endfacet
  facet normal -0.9415 0.337014 0
    outer loop
      vertex -34.6955 14.5307 4
      vertex -34.8278 14.1611 0
      vertex -34.8278 14.1611 4
    endloop
  endfacet
  facet normal 0.740908 -0.671607 0
    outer loop
      vertex 33.8284 -15.8284 4
      vertex 34.092 -15.5376 0
      vertex 34.092 -15.5376 4
    endloop
  endfacet
  facet normal 0.740908 -0.671607 0
    outer loop
      vertex 34.092 -15.5376 0
      vertex 33.8284 -15.8284 4
      vertex 33.8284 -15.8284 0
    endloop
  endfacet
  facet normal 0.595794 -0.803137 0
    outer loop
      vertex 33.2223 -16.3259 0
      vertex 33.5376 -16.092 4
      vertex 33.2223 -16.3259 4
    endloop
  endfacet
  facet normal 0.595794 -0.803137 0
    outer loop
      vertex 33.5376 -16.092 4
      vertex 33.2223 -16.3259 0
      vertex 33.5376 -16.092 0
    endloop
  endfacet
  facet normal -0.740908 -0.671607 0
    outer loop
      vertex -33.8284 -15.8284 0
      vertex -34.092 -15.5376 4
      vertex -34.092 -15.5376 0
    endloop
  endfacet
  facet normal -0.740908 -0.671607 0
    outer loop
      vertex -34.092 -15.5376 4
      vertex -33.8284 -15.8284 0
      vertex -33.8284 -15.8284 4
    endloop
  endfacet
  facet normal 0.42744 0.904044 -0
    outer loop
      vertex 32.8856 16.5277 0
      vertex 32.5307 16.6955 4
      vertex 32.8856 16.5277 4
    endloop
  endfacet
  facet normal 0.42744 0.904044 0
    outer loop
      vertex 32.5307 16.6955 4
      vertex 32.8856 16.5277 0
      vertex 32.5307 16.6955 0
    endloop
  endfacet
  facet normal -0.671607 -0.740908 0
    outer loop
      vertex -33.8284 -15.8284 0
      vertex -33.5376 -16.092 4
      vertex -33.8284 -15.8284 4
    endloop
  endfacet
  facet normal -0.671607 -0.740908 -0
    outer loop
      vertex -33.5376 -16.092 4
      vertex -33.8284 -15.8284 0
      vertex -33.5376 -16.092 0
    endloop
  endfacet
  facet normal -0.904044 0.42744 0
    outer loop
      vertex -34.6955 14.5307 0
      vertex -34.5277 14.8856 4
      vertex -34.5277 14.8856 0
    endloop
  endfacet
  facet normal -0.904044 0.42744 0
    outer loop
      vertex -34.5277 14.8856 4
      vertex -34.6955 14.5307 0
      vertex -34.6955 14.5307 4
    endloop
  endfacet
  facet normal -0.904044 -0.42744 0
    outer loop
      vertex -34.5277 -14.8856 0
      vertex -34.6955 -14.5307 4
      vertex -34.6955 -14.5307 0
    endloop
  endfacet
  facet normal -0.904044 -0.42744 0
    outer loop
      vertex -34.6955 -14.5307 4
      vertex -34.5277 -14.8856 0
      vertex -34.5277 -14.8856 4
    endloop
  endfacet
  facet normal -0.42744 0.904044 0
    outer loop
      vertex -32.5307 16.6955 0
      vertex -32.8856 16.5277 4
      vertex -32.5307 16.6955 4
    endloop
  endfacet
  facet normal -0.42744 0.904044 0
    outer loop
      vertex -32.8856 16.5277 4
      vertex -32.5307 16.6955 0
      vertex -32.8856 16.5277 0
    endloop
  endfacet
  facet normal 0.85774 -0.514084 0
    outer loop
      vertex 34.3259 -15.2223 4
      vertex 34.5277 -14.8856 0
      vertex 34.5277 -14.8856 4
    endloop
  endfacet
  facet normal 0.85774 -0.514084 0
    outer loop
      vertex 34.5277 -14.8856 0
      vertex 34.3259 -15.2223 4
      vertex 34.3259 -15.2223 0
    endloop
  endfacet
  facet normal -0.803137 -0.595794 0
    outer loop
      vertex -34.092 -15.5376 0
      vertex -34.3259 -15.2223 4
      vertex -34.3259 -15.2223 0
    endloop
  endfacet
  facet normal -0.803137 -0.595794 0
    outer loop
      vertex -34.3259 -15.2223 4
      vertex -34.092 -15.5376 0
      vertex -34.092 -15.5376 4
    endloop
  endfacet
  facet normal -0.42744 -0.904044 0
    outer loop
      vertex -32.8856 -16.5277 0
      vertex -32.5307 -16.6955 4
      vertex -32.8856 -16.5277 4
    endloop
  endfacet
  facet normal -0.42744 -0.904044 -0
    outer loop
      vertex -32.5307 -16.6955 4
      vertex -32.8856 -16.5277 0
      vertex -32.5307 -16.6955 0
    endloop
  endfacet
  facet normal 0.85774 0.514084 0
    outer loop
      vertex 34.5277 14.8856 4
      vertex 34.3259 15.2223 0
      vertex 34.3259 15.2223 4
    endloop
  endfacet
  facet normal 0.85774 0.514084 0
    outer loop
      vertex 34.3259 15.2223 0
      vertex 34.5277 14.8856 4
      vertex 34.5277 14.8856 0
    endloop
  endfacet
  facet normal 0.904044 -0.42744 0
    outer loop
      vertex 34.5277 -14.8856 4
      vertex 34.6955 -14.5307 0
      vertex 34.6955 -14.5307 4
    endloop
  endfacet
  facet normal 0.904044 -0.42744 0
    outer loop
      vertex 34.6955 -14.5307 0
      vertex 34.5277 -14.8856 4
      vertex 34.5277 -14.8856 0
    endloop
  endfacet
  facet normal -0 0 -1
    outer loop
      vertex -15.1124 -1.27781 0
      vertex -27.7632 -9.98497 0
      vertex -15.2284 -1.08421 0
    endloop
  endfacet
  facet normal 0 0 -1
    outer loop
      vertex -15.5 0 0
      vertex -27.4077 10.8432 0
      vertex -27.4 11 0
    endloop
  endfacet
  facet normal 0 0 -1
    outer loop
      vertex -27.8686 -9.86863 0
      vertex -15.2284 -1.08421 0
      vertex -27.7632 -9.98497 0
    endloop
  endfacet
  facet normal 0 0 -1
    outer loop
      vertex -15.5 0 0
      vertex -27.4307 10.6879 0
      vertex -27.4077 10.8432 0
    endloop
  endfacet
  facet normal -0 0 -1
    outer loop
      vertex -15.2284 -1.08421 0
      vertex -27.8686 -9.86863 0
      vertex -15.3249 -0.880172 0
    endloop
  endfacet
  facet normal 0 0 -1
    outer loop
      vertex -15.5 0 0
      vertex -27.4689 10.5355 0
      vertex -27.4307 10.6879 0
    endloop
  endfacet
  facet normal 0 0 -1
    outer loop
      vertex -27.985 -9.76318 0
      vertex -15.3249 -0.880172 0
      vertex -27.8686 -9.86863 0
    endloop
  endfacet
  facet normal 0 0 -1
    outer loop
      vertex -15.5 0 0
      vertex -27.5218 10.3877 0
      vertex -27.4689 10.5355 0
    endloop
  endfacet
  facet normal -0 0 -1
    outer loop
      vertex -15.3249 -0.880172 0
      vertex -27.985 -9.76318 0
      vertex -15.401 -0.667654 0
    endloop
  endfacet
  facet normal 0 0 -1
    outer loop
      vertex -15.5 0 0
      vertex -27.5889 10.2458 0
      vertex -27.5218 10.3877 0
    endloop
  endfacet
  facet normal 0 0 -1
    outer loop
      vertex -28.1111 -9.66965 0
      vertex -15.401 -0.667654 0
      vertex -27.985 -9.76318 0
    endloop
  endfacet
  facet normal 0 0 -1
    outer loop
      vertex -15.5 0 0
      vertex -27.6696 10.1111 0
      vertex -27.5889 10.2458 0
    endloop
  endfacet
  facet normal -0 0 -1
    outer loop
      vertex -15.401 -0.667654 0
      vertex -28.1111 -9.66965 0
      vertex -15.4558 -0.448708 0
    endloop
  endfacet
  facet normal 0 0 -1
    outer loop
      vertex -15.5 0 0
      vertex -27.7632 9.98497 0
      vertex -27.6696 10.1111 0
    endloop
  endfacet
  facet normal 0 0 -1
    outer loop
      vertex -28.2458 -9.58893 0
      vertex -15.4558 -0.448708 0
      vertex -28.1111 -9.66965 0
    endloop
  endfacet
  facet normal 0 0 -1
    outer loop
      vertex -15.5 0 0
      vertex -27.8686 9.86863 0
      vertex -27.7632 9.98497 0
    endloop
  endfacet
  facet normal -0 0 -1
    outer loop
      vertex -15.4558 -0.448708 0
      vertex -28.2458 -9.58893 0
      vertex -15.4889 -0.225439 0
    endloop
  endfacet
  facet normal 0 0 -1
    outer loop
      vertex -15.5 0 0
      vertex -27.985 9.76318 0
      vertex -27.8686 9.86863 0
    endloop
  endfacet
  facet normal 0 0 -1
    outer loop
      vertex -28.3877 -9.52179 0
      vertex -15.4889 -0.225439 0
      vertex -28.2458 -9.58893 0
    endloop
  endfacet
  facet normal 0 0 -1
    outer loop
      vertex -15.5 0 0
      vertex -28.1111 9.66965 0
      vertex -27.985 9.76318 0
    endloop
  endfacet
  facet normal -0 0 -1
    outer loop
      vertex -15.4889 -0.225439 0
      vertex -28.3877 -9.52179 0
      vertex -15.5 0 0
    endloop
  endfacet
  facet normal 0 0 -1
    outer loop
      vertex -15.5 0 0
      vertex -28.2458 9.58893 0
      vertex -28.1111 9.66965 0
    endloop
  endfacet
  facet normal 0 0 -1
    outer loop
      vertex -28.5355 -9.46889 0
      vertex -15.5 0 0
      vertex -28.3877 -9.52179 0
    endloop
  endfacet
  facet normal 0 0 -1
    outer loop
      vertex -15.5 0 0
      vertex -28.3877 9.52179 0
      vertex -28.2458 9.58893 0
    endloop
  endfacet
  facet normal 0 0 -1
    outer loop
      vertex -28.5355 9.46889 0
      vertex -15.5 0 0
      vertex -28.5355 -9.46889 0
    endloop
  endfacet
  facet normal 0 0 -1
    outer loop
      vertex -15.5 0 0
      vertex -28.5355 9.46889 0
      vertex -28.3877 9.52179 0
    endloop
  endfacet
  facet normal 0 0 -1
    outer loop
      vertex -28.6879 -9.43074 0
      vertex -28.5355 9.46889 0
      vertex -28.5355 -9.46889 0
    endloop
  endfacet
  facet normal 0 0 -1
    outer loop
      vertex -28.6879 -9.43074 0
      vertex -28.6879 9.43074 0
      vertex -28.5355 9.46889 0
    endloop
  endfacet
  facet normal 0 0 -1
    outer loop
      vertex -28.8432 -9.4077 0
      vertex -28.6879 9.43074 0
      vertex -28.6879 -9.43074 0
    endloop
  endfacet
  facet normal 0 0 -1
    outer loop
      vertex -28.8432 -9.4077 0
      vertex -28.8432 9.4077 0
      vertex -28.6879 9.43074 0
    endloop
  endfacet
  facet normal 0 0 -1
    outer loop
      vertex -29 -9.4 0
      vertex -28.8432 9.4077 0
      vertex -28.8432 -9.4077 0
    endloop
  endfacet
  facet normal 0 0 -1
    outer loop
      vertex -29 -9.4 0
      vertex -29 9.4 0
      vertex -28.8432 9.4077 0
    endloop
  endfacet
  facet normal 0 0 -1
    outer loop
      vertex -29.1568 -9.4077 0
      vertex -29 9.4 0
      vertex -29 -9.4 0
    endloop
  endfacet
  facet normal 0 0 -1
    outer loop
      vertex -29.1568 -9.4077 0
      vertex -29.1568 9.4077 0
      vertex -29 9.4 0
    endloop
  endfacet
  facet normal 0 0 -1
    outer loop
      vertex -29.3121 -9.43074 0
      vertex -29.1568 9.4077 0
      vertex -29.1568 -9.4077 0
    endloop
  endfacet
  facet normal 0 0 -1
    outer loop
      vertex -29.3121 -9.43074 0
      vertex -29.3121 9.43074 0
      vertex -29.1568 9.4077 0
    endloop
  endfacet
  facet normal 0 0 -1
    outer loop
      vertex -29.4645 -9.46889 0
      vertex -29.3121 9.43074 0
      vertex -29.3121 -9.43074 0
    endloop
  endfacet
  facet normal 0 0 -1
    outer loop
      vertex -29.4645 -9.46889 0
      vertex -29.4645 9.46889 0
      vertex -29.3121 9.43074 0
    endloop
  endfacet
  facet normal 0 0 -1
    outer loop
      vertex -29.6123 -9.52179 0
      vertex -29.4645 9.46889 0
      vertex -29.4645 -9.46889 0
    endloop
  endfacet
  facet normal 0 0 -1
    outer loop
      vertex -29.6123 -9.52179 0
      vertex -29.6123 9.52179 0
      vertex -29.4645 9.46889 0
    endloop
  endfacet
  facet normal 0 0 -1
    outer loop
      vertex -29.7542 -9.58893 0
      vertex -29.6123 9.52179 0
      vertex -29.6123 -9.52179 0
    endloop
  endfacet
  facet normal 0 0 -1
    outer loop
      vertex -29.7542 -9.58893 0
      vertex -29.7542 9.58893 0
      vertex -29.6123 9.52179 0
    endloop
  endfacet
  facet normal 0 0 -1
    outer loop
      vertex -29.8889 -9.66965 0
      vertex -29.7542 9.58893 0
      vertex -29.7542 -9.58893 0
    endloop
  endfacet
  facet normal 0 0 -1
    outer loop
      vertex -29.8889 -9.66965 0
      vertex -29.8889 9.66965 0
      vertex -29.7542 9.58893 0
    endloop
  endfacet
  facet normal 0 0 -1
    outer loop
      vertex -30.015 -9.76318 0
      vertex -29.8889 9.66965 0
      vertex -29.8889 -9.66965 0
    endloop
  endfacet
  facet normal 0 0 -1
    outer loop
      vertex -30.015 -9.76318 0
      vertex -30.015 9.76318 0
      vertex -29.8889 9.66965 0
    endloop
  endfacet
  facet normal 0 0 -1
    outer loop
      vertex -30.1314 -9.86863 0
      vertex -30.015 9.76318 0
      vertex -30.015 -9.76318 0
    endloop
  endfacet
  facet normal 0 0 -1
    outer loop
      vertex -30.1314 -9.86863 0
      vertex -30.1314 9.86863 0
      vertex -30.015 9.76318 0
    endloop
  endfacet
  facet normal 0 0 -1
    outer loop
      vertex -35 -13 0
      vertex -30.1314 -9.86863 0
      vertex -30.2368 -9.98497 0
    endloop
  endfacet
  facet normal -0 0 -1
    outer loop
      vertex -30.1314 -9.86863 0
      vertex -35 -13 0
      vertex -30.1314 9.86863 0
    endloop
  endfacet
  facet normal 0 0 -1
    outer loop
      vertex -35 -13 0
      vertex -30.2368 -9.98497 0
      vertex -30.3304 -10.1111 0
    endloop
  endfacet
  facet normal 0 0 -1
    outer loop
      vertex -35 13 0
      vertex -30.1314 9.86863 0
      vertex -35 -13 0
    endloop
  endfacet
  facet normal 0 0 -1
    outer loop
      vertex -35 -13 0
      vertex -30.3304 -10.1111 0
      vertex -30.4111 -10.2458 0
    endloop
  endfacet
  facet normal 0 0 -1
    outer loop
      vertex -30.1314 9.86863 0
      vertex -35 13 0
      vertex -30.2368 9.98497 0
    endloop
  endfacet
  facet normal 0 0 -1
    outer loop
      vertex -35 -13 0
      vertex -30.4111 -10.2458 0
      vertex -30.4782 -10.3877 0
    endloop
  endfacet
  facet normal 0 0 -1
    outer loop
      vertex -30.2368 9.98497 0
      vertex -35 13 0
      vertex -30.3304 10.1111 0
    endloop
  endfacet
  facet normal 0 0 -1
    outer loop
      vertex -35 -13 0
      vertex -30.4782 -10.3877 0
      vertex -30.5311 -10.5355 0
    endloop
  endfacet
  facet normal 0 0 -1
    outer loop
      vertex -30.3304 10.1111 0
      vertex -35 13 0
      vertex -30.4111 10.2458 0
    endloop
  endfacet
  facet normal 0 0 -1
    outer loop
      vertex -35 -13 0
      vertex -30.5311 -10.5355 0
      vertex -30.5693 -10.6879 0
    endloop
  endfacet
  facet normal 0 0 -1
    outer loop
      vertex -30.4111 10.2458 0
      vertex -35 13 0
      vertex -30.4782 10.3877 0
    endloop
  endfacet
  facet normal 0 0 -1
    outer loop
      vertex -35 -13 0
      vertex -30.5693 -10.6879 0
      vertex -30.5923 -10.8432 0
    endloop
  endfacet
  facet normal 0 0 -1
    outer loop
      vertex -30.4782 10.3877 0
      vertex -35 13 0
      vertex -30.5311 10.5355 0
    endloop
  endfacet
  facet normal 0 0 -1
    outer loop
      vertex -35 -13 0
      vertex -30.5923 -10.8432 0
      vertex -30.6 -11 0
    endloop
  endfacet
  facet normal 0 0 -1
    outer loop
      vertex -30.5311 10.5355 0
      vertex -35 13 0
      vertex -30.5693 10.6879 0
    endloop
  endfacet
  facet normal 0 0 -1
    outer loop
      vertex 30.5311 -10.5355 0
      vertex 35 -13 0
      vertex 30.5693 -10.6879 0
    endloop
  endfacet
  facet normal 0 0 -1
    outer loop
      vertex 35 13 0
      vertex 30.5923 10.8432 0
      vertex 30.6 11 0
    endloop
  endfacet
  facet normal 0 0 -1
    outer loop
      vertex 30.4782 -10.3877 0
      vertex 35 -13 0
      vertex 30.5311 -10.5355 0
    endloop
  endfacet
  facet normal 0 0 -1
    outer loop
      vertex 35 13 0
      vertex 30.5693 10.6879 0
      vertex 30.5923 10.8432 0
    endloop
  endfacet
  facet normal 0 0 -1
    outer loop
      vertex 30.4111 -10.2458 0
      vertex 35 -13 0
      vertex 30.4782 -10.3877 0
    endloop
  endfacet
  facet normal 0 0 -1
    outer loop
      vertex 35 13 0
      vertex 30.5311 10.5355 0
      vertex 30.5693 10.6879 0
    endloop
  endfacet
  facet normal 0 0 -1
    outer loop
      vertex 30.3304 -10.1111 0
      vertex 35 -13 0
      vertex 30.4111 -10.2458 0
    endloop
  endfacet
  facet normal 0 0 -1
    outer loop
      vertex 35 13 0
      vertex 30.4782 10.3877 0
      vertex 30.5311 10.5355 0
    endloop
  endfacet
  facet normal 0 0 -1
    outer loop
      vertex 30.2368 -9.98497 0
      vertex 35 -13 0
      vertex 30.3304 -10.1111 0
    endloop
  endfacet
  facet normal 0 0 -1
    outer loop
      vertex 35 13 0
      vertex 30.4111 10.2458 0
      vertex 30.4782 10.3877 0
    endloop
  endfacet
  facet normal 0 0 -1
    outer loop
      vertex 30.1314 -9.86863 0
      vertex 35 -13 0
      vertex 30.2368 -9.98497 0
    endloop
  endfacet
  facet normal 0 0 -1
    outer loop
      vertex 35 13 0
      vertex 30.3304 10.1111 0
      vertex 30.4111 10.2458 0
    endloop
  endfacet
  facet normal 0 0 -1
    outer loop
      vertex 35 -13 0
      vertex 30.1314 -9.86863 0
      vertex 35 13 0
    endloop
  endfacet
  facet normal 0 0 -1
    outer loop
      vertex 35 13 0
      vertex 30.2368 9.98497 0
      vertex 30.3304 10.1111 0
    endloop
  endfacet
  facet normal 0 0 -1
    outer loop
      vertex 30.1314 9.86863 0
      vertex 35 13 0
      vertex 30.1314 -9.86863 0
    endloop
  endfacet
  facet normal 0 0 -1
    outer loop
      vertex 35 13 0
      vertex 30.1314 9.86863 0
      vertex 30.2368 9.98497 0
    endloop
  endfacet
  facet normal 0 0 -1
    outer loop
      vertex 30.015 -9.76318 0
      vertex 30.1314 9.86863 0
      vertex 30.1314 -9.86863 0
    endloop
  endfacet
  facet normal 0 0 -1
    outer loop
      vertex 30.015 -9.76318 0
      vertex 30.015 9.76318 0
      vertex 30.1314 9.86863 0
    endloop
  endfacet
  facet normal 0 0 -1
    outer loop
      vertex 29.8889 -9.66965 0
      vertex 30.015 9.76318 0
      vertex 30.015 -9.76318 0
    endloop
  endfacet
  facet normal 0 0 -1
    outer loop
      vertex 29.8889 -9.66965 0
      vertex 29.8889 9.66965 0
      vertex 30.015 9.76318 0
    endloop
  endfacet
  facet normal 0 0 -1
    outer loop
      vertex 29.7542 -9.58893 0
      vertex 29.8889 9.66965 0
      vertex 29.8889 -9.66965 0
    endloop
  endfacet
  facet normal 0 0 -1
    outer loop
      vertex 29.7542 -9.58893 0
      vertex 29.7542 9.58893 0
      vertex 29.8889 9.66965 0
    endloop
  endfacet
  facet normal 0 0 -1
    outer loop
      vertex 29.6123 -9.52179 0
      vertex 29.7542 9.58893 0
      vertex 29.7542 -9.58893 0
    endloop
  endfacet
  facet normal 0 0 -1
    outer loop
      vertex 29.6123 -9.52179 0
      vertex 29.6123 9.52179 0
      vertex 29.7542 9.58893 0
    endloop
  endfacet
  facet normal 0 0 -1
    outer loop
      vertex 29.4645 -9.46889 0
      vertex 29.6123 9.52179 0
      vertex 29.6123 -9.52179 0
    endloop
  endfacet
  facet normal 0 0 -1
    outer loop
      vertex 29.4645 -9.46889 0
      vertex 29.4645 9.46889 0
      vertex 29.6123 9.52179 0
    endloop
  endfacet
  facet normal 0 0 -1
    outer loop
      vertex 29.3121 -9.43074 0
      vertex 29.4645 9.46889 0
      vertex 29.4645 -9.46889 0
    endloop
  endfacet
  facet normal 0 0 -1
    outer loop
      vertex 29.3121 -9.43074 0
      vertex 29.3121 9.43074 0
      vertex 29.4645 9.46889 0
    endloop
  endfacet
  facet normal 0 0 -1
    outer loop
      vertex 29.1568 -9.4077 0
      vertex 29.3121 9.43074 0
      vertex 29.3121 -9.43074 0
    endloop
  endfacet
  facet normal 0 0 -1
    outer loop
      vertex 29.1568 -9.4077 0
      vertex 29.1568 9.4077 0
      vertex 29.3121 9.43074 0
    endloop
  endfacet
  facet normal 0 0 -1
    outer loop
      vertex 29 -9.4 0
      vertex 29.1568 9.4077 0
      vertex 29.1568 -9.4077 0
    endloop
  endfacet
  facet normal 0 0 -1
    outer loop
      vertex 29 -9.4 0
      vertex 29 9.4 0
      vertex 29.1568 9.4077 0
    endloop
  endfacet
  facet normal 0 0 -1
    outer loop
      vertex 28.8432 -9.4077 0
      vertex 29 9.4 0
      vertex 29 -9.4 0
    endloop
  endfacet
  facet normal 0 0 -1
    outer loop
      vertex 28.8432 -9.4077 0
      vertex 28.8432 9.4077 0
      vertex 29 9.4 0
    endloop
  endfacet
  facet normal 0 0 -1
    outer loop
      vertex 28.6879 -9.43074 0
      vertex 28.8432 9.4077 0
      vertex 28.8432 -9.4077 0
    endloop
  endfacet
  facet normal 0 0 -1
    outer loop
      vertex 28.6879 -9.43074 0
      vertex 28.6879 9.43074 0
      vertex 28.8432 9.4077 0
    endloop
  endfacet
  facet normal 0 0 -1
    outer loop
      vertex 28.5355 -9.46889 0
      vertex 28.6879 9.43074 0
      vertex 28.6879 -9.43074 0
    endloop
  endfacet
  facet normal 0 0 -1
    outer loop
      vertex 28.5355 -9.46889 0
      vertex 28.5355 9.46889 0
      vertex 28.6879 9.43074 0
    endloop
  endfacet
  facet normal 0 0 -1
    outer loop
      vertex 15.5 0 0
      vertex 28.5355 -9.46889 0
      vertex 28.3877 -9.52179 0
    endloop
  endfacet
  facet normal 0 0 -1
    outer loop
      vertex 28.5355 -9.46889 0
      vertex 15.5 0 0
      vertex 28.5355 9.46889 0
    endloop
  endfacet
  facet normal 0 0 -1
    outer loop
      vertex 15.4889 -0.225439 0
      vertex 28.3877 -9.52179 0
      vertex 28.2458 -9.58893 0
    endloop
  endfacet
  facet normal -0 0 -1
    outer loop
      vertex 28.5355 9.46889 0
      vertex 15.5 0 0
      vertex 28.3877 9.52179 0
    endloop
  endfacet
  facet normal 0 0 -1
    outer loop
      vertex 15.4558 -0.448708 0
      vertex 28.2458 -9.58893 0
      vertex 28.1111 -9.66965 0
    endloop
  endfacet
  facet normal 0 0 -1
    outer loop
      vertex 15.4889 0.225439 0
      vertex 28.3877 9.52179 0
      vertex 15.5 0 0
    endloop
  endfacet
  facet normal 0 0 -1
    outer loop
      vertex 15.401 -0.667654 0
      vertex 28.1111 -9.66965 0
      vertex 27.985 -9.76318 0
    endloop
  endfacet
  facet normal -0 0 -1
    outer loop
      vertex 28.3877 9.52179 0
      vertex 15.4889 0.225439 0
      vertex 28.2458 9.58893 0
    endloop
  endfacet
  facet normal 0 0 -1
    outer loop
      vertex 15.3249 -0.880172 0
      vertex 27.985 -9.76318 0
      vertex 27.8686 -9.86863 0
    endloop
  endfacet
  facet normal 0 0 -1
    outer loop
      vertex 15.4558 0.448708 0
      vertex 28.2458 9.58893 0
      vertex 15.4889 0.225439 0
    endloop
  endfacet
  facet normal 0 0 -1
    outer loop
      vertex 15.2284 -1.08421 0
      vertex 27.8686 -9.86863 0
      vertex 27.7632 -9.98497 0
    endloop
  endfacet
  facet normal -0 0 -1
    outer loop
      vertex 28.2458 9.58893 0
      vertex 15.4558 0.448708 0
      vertex 28.1111 9.66965 0
    endloop
  endfacet
  facet normal 0 0 -1
    outer loop
      vertex 15.1124 -1.27781 0
      vertex 27.7632 -9.98497 0
      vertex 27.6696 -10.1111 0
    endloop
  endfacet
  facet normal 0 0 -1
    outer loop
      vertex 15.401 0.667654 0
      vertex 28.1111 9.66965 0
      vertex 15.4558 0.448708 0
    endloop
  endfacet
  facet normal 0 0 -1
    outer loop
      vertex 14.9779 -1.4591 0
      vertex 27.6696 -10.1111 0
      vertex 27.5889 -10.2458 0
    endloop
  endfacet
  facet normal -0 0 -1
    outer loop
      vertex 28.1111 9.66965 0
      vertex 15.401 0.667654 0
      vertex 27.985 9.76318 0
    endloop
  endfacet
  facet normal 0 0 -1
    outer loop
      vertex 14.8263 -1.62634 0
      vertex 27.5889 -10.2458 0
      vertex 27.5218 -10.3877 0
    endloop
  endfacet
  facet normal 0 0 -1
    outer loop
      vertex 15.3249 0.880172 0
      vertex 27.985 9.76318 0
      vertex 15.401 0.667654 0
    endloop
  endfacet
  facet normal 0 0 -1
    outer loop
      vertex 14.6591 -1.77792 0
      vertex 27.5218 -10.3877 0
      vertex 27.4689 -10.5355 0
    endloop
  endfacet
  facet normal -0 0 -1
    outer loop
      vertex 27.985 9.76318 0
      vertex 15.3249 0.880172 0
      vertex 27.8686 9.86863 0
    endloop
  endfacet
  facet normal 0 0 -1
    outer loop
      vertex 14.4778 -1.91238 0
      vertex 27.4689 -10.5355 0
      vertex 27.4307 -10.6879 0
    endloop
  endfacet
  facet normal 0 0 -1
    outer loop
      vertex 15.2284 1.08421 0
      vertex 27.8686 9.86863 0
      vertex 15.3249 0.880172 0
    endloop
  endfacet
  facet normal 0 0 -1
    outer loop
      vertex 14.4778 -1.91238 0
      vertex 27.4307 -10.6879 0
      vertex 27.4077 -10.8432 0
    endloop
  endfacet
  facet normal -0 0 -1
    outer loop
      vertex 27.8686 9.86863 0
      vertex 15.2284 1.08421 0
      vertex 27.7632 9.98497 0
    endloop
  endfacet
  facet normal 0 0 -1
    outer loop
      vertex 14.2842 -2.02842 0
      vertex 27.4077 -10.8432 0
      vertex 27.4 -11 0
    endloop
  endfacet
  facet normal 0 0 -1
    outer loop
      vertex 15.1124 1.27781 0
      vertex 27.7632 9.98497 0
      vertex 15.2284 1.08421 0
    endloop
  endfacet
  facet normal 0 0 -1
    outer loop
      vertex 30.4111 -11.7542 0
      vertex 35 -13 0
      vertex 34.9807 -13.3921 0
    endloop
  endfacet
  facet normal 0 0 -1
    outer loop
      vertex 30.5923 -10.8432 0
      vertex 35 -13 0
      vertex 30.6 -11 0
    endloop
  endfacet
  facet normal 0 0 -1
    outer loop
      vertex 30.3304 -11.8889 0
      vertex 34.9807 -13.3921 0
      vertex 34.9231 -13.7804 0
    endloop
  endfacet
  facet normal 0 0 -1
    outer loop
      vertex 30.5693 -10.6879 0
      vertex 35 -13 0
      vertex 30.5923 -10.8432 0
    endloop
  endfacet
  facet normal 0 0 -1
    outer loop
      vertex 30.3304 -11.8889 0
      vertex 34.9231 -13.7804 0
      vertex 34.8278 -14.1611 0
    endloop
  endfacet
  facet normal 0 0 -1
    outer loop
      vertex 30.5923 11.1568 0
      vertex 35 13 0
      vertex 30.6 11 0
    endloop
  endfacet
  facet normal 0 0 -1
    outer loop
      vertex 30.3304 -11.8889 0
      vertex 34.8278 -14.1611 0
      vertex 34.6955 -14.5307 0
    endloop
  endfacet
  facet normal 0 0 -1
    outer loop
      vertex 30.5693 11.3121 0
      vertex 35 13 0
      vertex 30.5923 11.1568 0
    endloop
  endfacet
  facet normal 0 0 -1
    outer loop
      vertex 30.2368 -12.015 0
      vertex 34.6955 -14.5307 0
      vertex 34.5277 -14.8856 0
    endloop
  endfacet
  facet normal 0 0 -1
    outer loop
      vertex 30.5311 11.4645 0
      vertex 35 13 0
      vertex 30.5693 11.3121 0
    endloop
  endfacet
  facet normal 0 0 -1
    outer loop
      vertex 30.2368 -12.015 0
      vertex 34.5277 -14.8856 0
      vertex 34.3259 -15.2223 0
    endloop
  endfacet
  facet normal 0 0 -1
    outer loop
      vertex 30.4782 11.6123 0
      vertex 35 13 0
      vertex 30.5311 11.4645 0
    endloop
  endfacet
  facet normal 0 0 -1
    outer loop
      vertex 30.2368 -12.015 0
      vertex 34.3259 -15.2223 0
      vertex 34.092 -15.5376 0
    endloop
  endfacet
  facet normal 0 0 -1
    outer loop
      vertex 30.4111 11.7542 0
      vertex 35 13 0
      vertex 30.4782 11.6123 0
    endloop
  endfacet
  facet normal 0 0 -1
    outer loop
      vertex 30.1314 -12.1314 0
      vertex 34.092 -15.5376 0
      vertex 33.8284 -15.8284 0
    endloop
  endfacet
  facet normal -0 0 -1
    outer loop
      vertex 35 13 0
      vertex 30.4111 11.7542 0
      vertex 34.9807 13.3921 0
    endloop
  endfacet
  facet normal 0 0 -1
    outer loop
      vertex 30.1314 -12.1314 0
      vertex 33.8284 -15.8284 0
      vertex 33.5376 -16.092 0
    endloop
  endfacet
  facet normal 0 0 -1
    outer loop
      vertex 30.3304 11.8889 0
      vertex 34.9807 13.3921 0
      vertex 30.4111 11.7542 0
    endloop
  endfacet
  facet normal 0 0 -1
    outer loop
      vertex 30.1314 -12.1314 0
      vertex 33.5376 -16.092 0
      vertex 33.2223 -16.3259 0
    endloop
  endfacet
  facet normal -0 0 -1
    outer loop
      vertex 34.9807 13.3921 0
      vertex 30.3304 11.8889 0
      vertex 34.9231 13.7804 0
    endloop
  endfacet
  facet normal 0 0 -1
    outer loop
      vertex 30.015 -12.2368 0
      vertex 33.2223 -16.3259 0
      vertex 32.8856 -16.5277 0
    endloop
  endfacet
  facet normal -0 0 -1
    outer loop
      vertex 34.9231 13.7804 0
      vertex 30.3304 11.8889 0
      vertex 34.8278 14.1611 0
    endloop
  endfacet
  facet normal 0 0 -1
    outer loop
      vertex 30.015 -12.2368 0
      vertex 32.8856 -16.5277 0
      vertex 32.5307 -16.6955 0
    endloop
  endfacet
  facet normal -0 0 -1
    outer loop
      vertex 34.8278 14.1611 0
      vertex 30.3304 11.8889 0
      vertex 34.6955 14.5307 0
    endloop
  endfacet
  facet normal 0 0 -1
    outer loop
      vertex 30.015 -12.2368 0
      vertex 32.5307 -16.6955 0
      vertex 32.1611 -16.8278 0
    endloop
  endfacet
  facet normal 0 0 -1
    outer loop
      vertex 30.2368 12.015 0
      vertex 34.6955 14.5307 0
      vertex 30.3304 11.8889 0
    endloop
  endfacet
  facet normal 0 0 -1
    outer loop
      vertex 29.8889 -12.3304 0
      vertex 32.1611 -16.8278 0
      vertex 31.7804 -16.9231 0
    endloop
  endfacet
  facet normal -0 0 -1
    outer loop
      vertex 34.6955 14.5307 0
      vertex 30.2368 12.015 0
      vertex 34.5277 14.8856 0
    endloop
  endfacet
  facet normal 0 0 -1
    outer loop
      vertex 29.8889 -12.3304 0
      vertex 31.7804 -16.9231 0
      vertex 31.3921 -16.9807 0
    endloop
  endfacet
  facet normal -0 0 -1
    outer loop
      vertex 34.5277 14.8856 0
      vertex 30.2368 12.015 0
      vertex 34.3259 15.2223 0
    endloop
  endfacet
  facet normal 0 0 -1
    outer loop
      vertex 29.7542 -12.4111 0
      vertex 31.3921 -16.9807 0
      vertex 31 -17 0
    endloop
  endfacet
  facet normal -0 0 -1
    outer loop
      vertex 34.3259 15.2223 0
      vertex 30.2368 12.015 0
      vertex 34.092 15.5376 0
    endloop
  endfacet
  facet normal 0 0 -1
    outer loop
      vertex 30.1314 12.1314 0
      vertex 34.092 15.5376 0
      vertex 30.2368 12.015 0
    endloop
  endfacet
  facet normal 0 0 -1
    outer loop
      vertex 35 -13 0
      vertex 30.5923 -11.1568 0
      vertex 30.6 -11 0
    endloop
  endfacet
  facet normal 0 0 -1
    outer loop
      vertex 35 -13 0
      vertex 30.5693 -11.3121 0
      vertex 30.5923 -11.1568 0
    endloop
  endfacet
  facet normal 0 0 -1
    outer loop
      vertex 35 -13 0
      vertex 30.5311 -11.4645 0
      vertex 30.5693 -11.3121 0
    endloop
  endfacet
  facet normal 0 0 -1
    outer loop
      vertex 35 -13 0
      vertex 30.4782 -11.6123 0
      vertex 30.5311 -11.4645 0
    endloop
  endfacet
  facet normal 0 0 -1
    outer loop
      vertex 35 -13 0
      vertex 30.4111 -11.7542 0
      vertex 30.4782 -11.6123 0
    endloop
  endfacet
  facet normal 0 0 -1
    outer loop
      vertex 34.9807 -13.3921 0
      vertex 30.3304 -11.8889 0
      vertex 30.4111 -11.7542 0
    endloop
  endfacet
  facet normal 0 0 -1
    outer loop
      vertex 34.6955 -14.5307 0
      vertex 30.2368 -12.015 0
      vertex 30.3304 -11.8889 0
    endloop
  endfacet
  facet normal 0 0 -1
    outer loop
      vertex 34.092 -15.5376 0
      vertex 30.1314 -12.1314 0
      vertex 30.2368 -12.015 0
    endloop
  endfacet
  facet normal 0 0 -1
    outer loop
      vertex 33.2223 -16.3259 0
      vertex 30.015 -12.2368 0
      vertex 30.1314 -12.1314 0
    endloop
  endfacet
  facet normal 0 0 -1
    outer loop
      vertex 32.1611 -16.8278 0
      vertex 29.8889 -12.3304 0
      vertex 30.015 -12.2368 0
    endloop
  endfacet
  facet normal 0 0 -1
    outer loop
      vertex 31.3921 -16.9807 0
      vertex 29.7542 -12.4111 0
      vertex 29.8889 -12.3304 0
    endloop
  endfacet
  facet normal 0 0 -1
    outer loop
      vertex 31 -17 0
      vertex 29.6123 -12.4782 0
      vertex 29.7542 -12.4111 0
    endloop
  endfacet
  facet normal 0 0 -1
    outer loop
      vertex 31 -17 0
      vertex 29.4645 -12.5311 0
      vertex 29.6123 -12.4782 0
    endloop
  endfacet
  facet normal 0 0 -1
    outer loop
      vertex 31 -17 0
      vertex 29.3121 -12.5693 0
      vertex 29.4645 -12.5311 0
    endloop
  endfacet
  facet normal 0 0 -1
    outer loop
      vertex 31 -17 0
      vertex 29.1568 -12.5923 0
      vertex 29.3121 -12.5693 0
    endloop
  endfacet
  facet normal 0 0 -1
    outer loop
      vertex 31 -17 0
      vertex 29 -12.6 0
      vertex 29.1568 -12.5923 0
    endloop
  endfacet
  facet normal 0 0 -1
    outer loop
      vertex 31 -17 0
      vertex 28.8432 -12.5923 0
      vertex 29 -12.6 0
    endloop
  endfacet
  facet normal 0 0 -1
    outer loop
      vertex 31 -17 0
      vertex 28.6879 -12.5693 0
      vertex 28.8432 -12.5923 0
    endloop
  endfacet
  facet normal 0 0 -1
    outer loop
      vertex 31 -17 0
      vertex 28.5355 -12.5311 0
      vertex 28.6879 -12.5693 0
    endloop
  endfacet
  facet normal 0 0 -1
    outer loop
      vertex 31 -17 0
      vertex 28.3877 -12.4782 0
      vertex 28.5355 -12.5311 0
    endloop
  endfacet
  facet normal 0 0 -1
    outer loop
      vertex 31 -17 0
      vertex 28.2458 -12.4111 0
      vertex 28.3877 -12.4782 0
    endloop
  endfacet
  facet normal 0 0 -1
    outer loop
      vertex 31 -17 0
      vertex 28.1111 -12.3304 0
      vertex 28.2458 -12.4111 0
    endloop
  endfacet
  facet normal 0 0 -1
    outer loop
      vertex 31 -17 0
      vertex 27.985 -12.2368 0
      vertex 28.1111 -12.3304 0
    endloop
  endfacet
  facet normal 0 0 -1
    outer loop
      vertex 31 -17 0
      vertex 27.8686 -12.1314 0
      vertex 27.985 -12.2368 0
    endloop
  endfacet
  facet normal 0 0 -1
    outer loop
      vertex 31 -17 0
      vertex 27.7632 -12.015 0
      vertex 27.8686 -12.1314 0
    endloop
  endfacet
  facet normal 0 0 -1
    outer loop
      vertex 12.5323 -2.20096 0
      vertex 27.7632 -12.015 0
      vertex 31 -17 0
    endloop
  endfacet
  facet normal -0 0 -1
    outer loop
      vertex 27.7632 9.98497 0
      vertex 15.1124 1.27781 0
      vertex 27.6696 10.1111 0
    endloop
  endfacet
  facet normal 0 0 -1
    outer loop
      vertex 14.0802 -2.12492 0
      vertex 27.4 -11 0
      vertex 27.4077 -11.1568 0
    endloop
  endfacet
  facet normal 0 0 -1
    outer loop
      vertex 13.8677 -2.20096 0
      vertex 27.4077 -11.1568 0
      vertex 27.4307 -11.3121 0
    endloop
  endfacet
  facet normal 0 0 -1
    outer loop
      vertex 13.6487 -2.25581 0
      vertex 27.4307 -11.3121 0
      vertex 27.4689 -11.4645 0
    endloop
  endfacet
  facet normal 0 0 -1
    outer loop
      vertex 13.4254 -2.28892 0
      vertex 27.4689 -11.4645 0
      vertex 27.5218 -11.6123 0
    endloop
  endfacet
  facet normal 0 0 -1
    outer loop
      vertex 13.2 -2.3 0
      vertex 27.5218 -11.6123 0
      vertex 27.5889 -11.7542 0
    endloop
  endfacet
  facet normal 0 0 -1
    outer loop
      vertex 12.9746 -2.28892 0
      vertex 27.5889 -11.7542 0
      vertex 27.6696 -11.8889 0
    endloop
  endfacet
  facet normal -0 -0 -1
    outer loop
      vertex 12.7513 -2.25581 0
      vertex 27.7632 -12.015 0
      vertex 12.5323 -2.20096 0
    endloop
  endfacet
  facet normal 0 0 -1
    outer loop
      vertex 28.3877 -9.52179 0
      vertex 15.4889 -0.225439 0
      vertex 15.5 0 0
    endloop
  endfacet
  facet normal 0 0 -1
    outer loop
      vertex 28.2458 -9.58893 0
      vertex 15.4558 -0.448708 0
      vertex 15.4889 -0.225439 0
    endloop
  endfacet
  facet normal 0 0 -1
    outer loop
      vertex 28.1111 -9.66965 0
      vertex 15.401 -0.667654 0
      vertex 15.4558 -0.448708 0
    endloop
  endfacet
  facet normal 0 0 -1
    outer loop
      vertex 27.985 -9.76318 0
      vertex 15.3249 -0.880172 0
      vertex 15.401 -0.667654 0
    endloop
  endfacet
  facet normal 0 0 -1
    outer loop
      vertex 27.8686 -9.86863 0
      vertex 15.2284 -1.08421 0
      vertex 15.3249 -0.880172 0
    endloop
  endfacet
  facet normal 0 0 -1
    outer loop
      vertex 27.7632 -9.98497 0
      vertex 15.1124 -1.27781 0
      vertex 15.2284 -1.08421 0
    endloop
  endfacet
  facet normal 0 0 -1
    outer loop
      vertex 27.6696 -10.1111 0
      vertex 14.9779 -1.4591 0
      vertex 15.1124 -1.27781 0
    endloop
  endfacet
  facet normal 0 0 -1
    outer loop
      vertex 27.5889 -10.2458 0
      vertex 14.8263 -1.62634 0
      vertex 14.9779 -1.4591 0
    endloop
  endfacet
  facet normal 0 0 -1
    outer loop
      vertex 27.5218 -10.3877 0
      vertex 14.6591 -1.77792 0
      vertex 14.8263 -1.62634 0
    endloop
  endfacet
  facet normal 0 0 -1
    outer loop
      vertex 27.4689 -10.5355 0
      vertex 14.4778 -1.91238 0
      vertex 14.6591 -1.77792 0
    endloop
  endfacet
  facet normal 0 0 -1
    outer loop
      vertex 27.4077 -10.8432 0
      vertex 14.2842 -2.02842 0
      vertex 14.4778 -1.91238 0
    endloop
  endfacet
  facet normal 0 0 -1
    outer loop
      vertex 27.4 -11 0
      vertex 14.0802 -2.12492 0
      vertex 14.2842 -2.02842 0
    endloop
  endfacet
  facet normal 0 0 -1
    outer loop
      vertex 27.4077 -11.1568 0
      vertex 13.8677 -2.20096 0
      vertex 14.0802 -2.12492 0
    endloop
  endfacet
  facet normal 0 0 -1
    outer loop
      vertex 27.4307 -11.3121 0
      vertex 13.6487 -2.25581 0
      vertex 13.8677 -2.20096 0
    endloop
  endfacet
  facet normal 0 0 -1
    outer loop
      vertex 27.4689 -11.4645 0
      vertex 13.4254 -2.28892 0
      vertex 13.6487 -2.25581 0
    endloop
  endfacet
  facet normal 0 0 -1
    outer loop
      vertex 27.5218 -11.6123 0
      vertex 13.2 -2.3 0
      vertex 13.4254 -2.28892 0
    endloop
  endfacet
  facet normal 0 0 -1
    outer loop
      vertex 27.5889 -11.7542 0
      vertex 12.9746 -2.28892 0
      vertex 13.2 -2.3 0
    endloop
  endfacet
  facet normal 0 0 -1
    outer loop
      vertex 27.6696 -11.8889 0
      vertex 12.7513 -2.25581 0
      vertex 12.9746 -2.28892 0
    endloop
  endfacet
  facet normal 0 0 -1
    outer loop
      vertex 27.7632 -12.015 0
      vertex 12.7513 -2.25581 0
      vertex 27.6696 -11.8889 0
    endloop
  endfacet
  facet normal 0 0 -1
    outer loop
      vertex 31 -17 0
      vertex 12.3198 -2.12492 0
      vertex 12.5323 -2.20096 0
    endloop
  endfacet
  facet normal 0 0 -1
    outer loop
      vertex -12.3198 -2.12492 0
      vertex 12.3198 -2.12492 0
      vertex 31 -17 0
    endloop
  endfacet
  facet normal 0 0 -1
    outer loop
      vertex 12.3198 -2.12492 0
      vertex -12.3198 -2.12492 0
      vertex 12.1158 -2.02842 0
    endloop
  endfacet
  facet normal 0 -0 -1
    outer loop
      vertex -12.1158 -2.02842 0
      vertex 12.1158 -2.02842 0
      vertex -12.3198 -2.12492 0
    endloop
  endfacet
  facet normal 0 0 -1
    outer loop
      vertex 10.9111 -0.225439 0
      vertex -10.9 0 0
      vertex 10.9 0 0
    endloop
  endfacet
  facet normal 0 0 -1
    outer loop
      vertex -10.9111 -0.225439 0
      vertex 10.9111 -0.225439 0
      vertex 10.9442 -0.448708 0
    endloop
  endfacet
  facet normal 0 0 -1
    outer loop
      vertex -10.9442 -0.448708 0
      vertex 10.9442 -0.448708 0
      vertex 10.999 -0.667654 0
    endloop
  endfacet
  facet normal 0 0 -1
    outer loop
      vertex -10.999 -0.667654 0
      vertex 10.999 -0.667654 0
      vertex 11.0751 -0.880172 0
    endloop
  endfacet
  facet normal 0 0 -1
    outer loop
      vertex -11.0751 -0.880172 0
      vertex 11.0751 -0.880172 0
      vertex 11.1716 -1.08421 0
    endloop
  endfacet
  facet normal 0 0 -1
    outer loop
      vertex -11.1716 -1.08421 0
      vertex 11.1716 -1.08421 0
      vertex 11.2876 -1.27781 0
    endloop
  endfacet
  facet normal 0 0 -1
    outer loop
      vertex -11.2876 -1.27781 0
      vertex 11.2876 -1.27781 0
      vertex 11.4221 -1.4591 0
    endloop
  endfacet
  facet normal 0 0 -1
    outer loop
      vertex -11.4221 -1.4591 0
      vertex 11.4221 -1.4591 0
      vertex 11.5737 -1.62634 0
    endloop
  endfacet
  facet normal 0 0 -1
    outer loop
      vertex -11.5737 -1.62634 0
      vertex 11.5737 -1.62634 0
      vertex 11.7409 -1.77792 0
    endloop
  endfacet
  facet normal 0 0 -1
    outer loop
      vertex 12.1158 -2.02842 0
      vertex -12.1158 -2.02842 0
      vertex 11.9222 -1.91238 0
    endloop
  endfacet
  facet normal 0 0 -1
    outer loop
      vertex 10.9111 -0.225439 0
      vertex -10.9111 -0.225439 0
      vertex -10.9 0 0
    endloop
  endfacet
  facet normal 0 0 -1
    outer loop
      vertex 10.9442 -0.448708 0
      vertex -10.9442 -0.448708 0
      vertex -10.9111 -0.225439 0
    endloop
  endfacet
  facet normal 0 0 -1
    outer loop
      vertex 10.999 -0.667654 0
      vertex -10.999 -0.667654 0
      vertex -10.9442 -0.448708 0
    endloop
  endfacet
  facet normal 0 0 -1
    outer loop
      vertex 11.0751 -0.880172 0
      vertex -11.0751 -0.880172 0
      vertex -10.999 -0.667654 0
    endloop
  endfacet
  facet normal 0 0 -1
    outer loop
      vertex 11.1716 -1.08421 0
      vertex -11.1716 -1.08421 0
      vertex -11.0751 -0.880172 0
    endloop
  endfacet
  facet normal 0 0 -1
    outer loop
      vertex 11.2876 -1.27781 0
      vertex -11.2876 -1.27781 0
      vertex -11.1716 -1.08421 0
    endloop
  endfacet
  facet normal 0 0 -1
    outer loop
      vertex 11.4221 -1.4591 0
      vertex -11.4221 -1.4591 0
      vertex -11.2876 -1.27781 0
    endloop
  endfacet
  facet normal 0 0 -1
    outer loop
      vertex 11.5737 -1.62634 0
      vertex -11.5737 -1.62634 0
      vertex -11.4221 -1.4591 0
    endloop
  endfacet
  facet normal 0 0 -1
    outer loop
      vertex 11.7409 -1.77792 0
      vertex -11.7409 -1.77792 0
      vertex -11.5737 -1.62634 0
    endloop
  endfacet
  facet normal -0 0 -1
    outer loop
      vertex 11.7409 -1.77792 0
      vertex -11.9222 -1.91238 0
      vertex -11.7409 -1.77792 0
    endloop
  endfacet
  facet normal 0 0 -1
    outer loop
      vertex 11.9222 -1.91238 0
      vertex -11.9222 -1.91238 0
      vertex 11.7409 -1.77792 0
    endloop
  endfacet
  facet normal 0 -0 -1
    outer loop
      vertex -11.9222 -1.91238 0
      vertex 11.9222 -1.91238 0
      vertex -12.1158 -2.02842 0
    endloop
  endfacet
  facet normal 0 0 -1
    outer loop
      vertex 31 -17 0
      vertex -12.5323 -2.20096 0
      vertex -12.3198 -2.12492 0
    endloop
  endfacet
  facet normal 0 0 -1
    outer loop
      vertex -31 -17 0
      vertex -12.5323 -2.20096 0
      vertex 31 -17 0
    endloop
  endfacet
  facet normal 0 -0 -1
    outer loop
      vertex -27.7632 -12.015 0
      vertex -12.5323 -2.20096 0
      vertex -31 -17 0
    endloop
  endfacet
  facet normal 0 0 -1
    outer loop
      vertex -12.5323 -2.20096 0
      vertex -27.7632 -12.015 0
      vertex -12.7513 -2.25581 0
    endloop
  endfacet
  facet normal 0 -0 -1
    outer loop
      vertex -27.6696 -11.8889 0
      vertex -12.7513 -2.25581 0
      vertex -27.7632 -12.015 0
    endloop
  endfacet
  facet normal 0 0 -1
    outer loop
      vertex -12.7513 -2.25581 0
      vertex -27.6696 -11.8889 0
      vertex -12.9746 -2.28892 0
    endloop
  endfacet
  facet normal 0 -0 -1
    outer loop
      vertex -27.5889 -11.7542 0
      vertex -12.9746 -2.28892 0
      vertex -27.6696 -11.8889 0
    endloop
  endfacet
  facet normal -0 0 -1
    outer loop
      vertex -14.9779 -1.4591 0
      vertex -27.6696 -10.1111 0
      vertex -15.1124 -1.27781 0
    endloop
  endfacet
  facet normal 0 0 -1
    outer loop
      vertex -27.6696 -10.1111 0
      vertex -14.9779 -1.4591 0
      vertex -27.5889 -10.2458 0
    endloop
  endfacet
  facet normal -0 0 -1
    outer loop
      vertex -14.8263 -1.62634 0
      vertex -27.5889 -10.2458 0
      vertex -14.9779 -1.4591 0
    endloop
  endfacet
  facet normal 0 0 -1
    outer loop
      vertex -27.5889 -10.2458 0
      vertex -14.8263 -1.62634 0
      vertex -27.5218 -10.3877 0
    endloop
  endfacet
  facet normal -0 0 -1
    outer loop
      vertex -14.6591 -1.77792 0
      vertex -27.5218 -10.3877 0
      vertex -14.8263 -1.62634 0
    endloop
  endfacet
  facet normal 0 0 -1
    outer loop
      vertex -27.5218 -10.3877 0
      vertex -14.6591 -1.77792 0
      vertex -27.4689 -10.5355 0
    endloop
  endfacet
  facet normal -0 0 -1
    outer loop
      vertex -14.4778 -1.91238 0
      vertex -27.4689 -10.5355 0
      vertex -14.6591 -1.77792 0
    endloop
  endfacet
  facet normal 0 0 -1
    outer loop
      vertex -27.4689 -10.5355 0
      vertex -14.4778 -1.91238 0
      vertex -27.4307 -10.6879 0
    endloop
  endfacet
  facet normal 0 0 -1
    outer loop
      vertex -27.4307 -10.6879 0
      vertex -14.4778 -1.91238 0
      vertex -27.4077 -10.8432 0
    endloop
  endfacet
  facet normal -0 0 -1
    outer loop
      vertex -14.2842 -2.02842 0
      vertex -27.4077 -10.8432 0
      vertex -14.4778 -1.91238 0
    endloop
  endfacet
  facet normal 0 0 -1
    outer loop
      vertex -27.4077 -10.8432 0
      vertex -14.2842 -2.02842 0
      vertex -27.4 -11 0
    endloop
  endfacet
  facet normal -0 0 -1
    outer loop
      vertex -14.0802 -2.12492 0
      vertex -27.4 -11 0
      vertex -14.2842 -2.02842 0
    endloop
  endfacet
  facet normal -0 0 -1
    outer loop
      vertex -13.8677 -2.20096 0
      vertex -27.4 -11 0
      vertex -14.0802 -2.12492 0
    endloop
  endfacet
  facet normal 0 0 -1
    outer loop
      vertex -12.9746 -2.28892 0
      vertex -27.5889 -11.7542 0
      vertex -13.2 -2.3 0
    endloop
  endfacet
  facet normal 0 0 -1
    outer loop
      vertex -13.8677 -2.20096 0
      vertex -27.4077 -11.1568 0
      vertex -27.4 -11 0
    endloop
  endfacet
  facet normal 0 0 -1
    outer loop
      vertex -13.8677 -2.20096 0
      vertex -27.4307 -11.3121 0
      vertex -27.4077 -11.1568 0
    endloop
  endfacet
  facet normal -0 0 -1
    outer loop
      vertex -13.6487 -2.25581 0
      vertex -27.4307 -11.3121 0
      vertex -13.8677 -2.20096 0
    endloop
  endfacet
  facet normal 0 -0 -1
    outer loop
      vertex -27.4307 -11.3121 0
      vertex -13.6487 -2.25581 0
      vertex -27.4689 -11.4645 0
    endloop
  endfacet
  facet normal -0 0 -1
    outer loop
      vertex -13.4254 -2.28892 0
      vertex -27.4689 -11.4645 0
      vertex -13.6487 -2.25581 0
    endloop
  endfacet
  facet normal 0 -0 -1
    outer loop
      vertex -27.4689 -11.4645 0
      vertex -13.4254 -2.28892 0
      vertex -27.5218 -11.6123 0
    endloop
  endfacet
  facet normal -0 0 -1
    outer loop
      vertex -13.2 -2.3 0
      vertex -27.5218 -11.6123 0
      vertex -13.4254 -2.28892 0
    endloop
  endfacet
  facet normal 0 -0 -1
    outer loop
      vertex -27.5218 -11.6123 0
      vertex -13.2 -2.3 0
      vertex -27.5889 -11.7542 0
    endloop
  endfacet
  facet normal 0 0 -1
    outer loop
      vertex -27.7632 -12.015 0
      vertex -31 -17 0
      vertex -27.8686 -12.1314 0
    endloop
  endfacet
  facet normal 0 0 -1
    outer loop
      vertex -27.8686 -12.1314 0
      vertex -31 -17 0
      vertex -27.985 -12.2368 0
    endloop
  endfacet
  facet normal 0 0 -1
    outer loop
      vertex -27.985 -12.2368 0
      vertex -31 -17 0
      vertex -28.1111 -12.3304 0
    endloop
  endfacet
  facet normal 0 0 -1
    outer loop
      vertex -28.1111 -12.3304 0
      vertex -31 -17 0
      vertex -28.2458 -12.4111 0
    endloop
  endfacet
  facet normal 0 0 -1
    outer loop
      vertex -28.2458 -12.4111 0
      vertex -31 -17 0
      vertex -28.3877 -12.4782 0
    endloop
  endfacet
  facet normal 0 0 -1
    outer loop
      vertex -28.3877 -12.4782 0
      vertex -31 -17 0
      vertex -28.5355 -12.5311 0
    endloop
  endfacet
  facet normal 0 0 -1
    outer loop
      vertex -28.5355 -12.5311 0
      vertex -31 -17 0
      vertex -28.6879 -12.5693 0
    endloop
  endfacet
  facet normal 0 0 -1
    outer loop
      vertex -28.6879 -12.5693 0
      vertex -31 -17 0
      vertex -28.8432 -12.5923 0
    endloop
  endfacet
  facet normal 0 0 -1
    outer loop
      vertex -28.8432 -12.5923 0
      vertex -31 -17 0
      vertex -29 -12.6 0
    endloop
  endfacet
  facet normal 0 0 -1
    outer loop
      vertex -34.092 -15.5376 0
      vertex -30.1314 -12.1314 0
      vertex -33.8284 -15.8284 0
    endloop
  endfacet
  facet normal 0 0 -1
    outer loop
      vertex -33.8284 -15.8284 0
      vertex -30.1314 -12.1314 0
      vertex -33.5376 -16.092 0
    endloop
  endfacet
  facet normal 0 0 -1
    outer loop
      vertex -33.5376 -16.092 0
      vertex -30.1314 -12.1314 0
      vertex -33.2223 -16.3259 0
    endloop
  endfacet
  facet normal -0 0 -1
    outer loop
      vertex -30.015 -12.2368 0
      vertex -33.2223 -16.3259 0
      vertex -30.1314 -12.1314 0
    endloop
  endfacet
  facet normal 0 0 -1
    outer loop
      vertex -33.2223 -16.3259 0
      vertex -30.015 -12.2368 0
      vertex -32.8856 -16.5277 0
    endloop
  endfacet
  facet normal 0 0 -1
    outer loop
      vertex -32.8856 -16.5277 0
      vertex -30.015 -12.2368 0
      vertex -32.5307 -16.6955 0
    endloop
  endfacet
  facet normal 0 0 -1
    outer loop
      vertex -32.5307 -16.6955 0
      vertex -30.015 -12.2368 0
      vertex -32.1611 -16.8278 0
    endloop
  endfacet
  facet normal -0 0 -1
    outer loop
      vertex -29.8889 -12.3304 0
      vertex -32.1611 -16.8278 0
      vertex -30.015 -12.2368 0
    endloop
  endfacet
  facet normal 0 0 -1
    outer loop
      vertex -32.1611 -16.8278 0
      vertex -29.8889 -12.3304 0
      vertex -31.7804 -16.9231 0
    endloop
  endfacet
  facet normal 0 0 -1
    outer loop
      vertex -31.7804 -16.9231 0
      vertex -29.8889 -12.3304 0
      vertex -31.3921 -16.9807 0
    endloop
  endfacet
  facet normal -0 0 -1
    outer loop
      vertex -29.7542 -12.4111 0
      vertex -31.3921 -16.9807 0
      vertex -29.8889 -12.3304 0
    endloop
  endfacet
  facet normal 0 0 -1
    outer loop
      vertex -31.3921 -16.9807 0
      vertex -29.7542 -12.4111 0
      vertex -31 -17 0
    endloop
  endfacet
  facet normal -0 0 -1
    outer loop
      vertex -29.6123 -12.4782 0
      vertex -31 -17 0
      vertex -29.7542 -12.4111 0
    endloop
  endfacet
  facet normal -0 0 -1
    outer loop
      vertex -29.4645 -12.5311 0
      vertex -31 -17 0
      vertex -29.6123 -12.4782 0
    endloop
  endfacet
  facet normal -0 0 -1
    outer loop
      vertex -29.3121 -12.5693 0
      vertex -31 -17 0
      vertex -29.4645 -12.5311 0
    endloop
  endfacet
  facet normal -0 0 -1
    outer loop
      vertex -29.1568 -12.5923 0
      vertex -31 -17 0
      vertex -29.3121 -12.5693 0
    endloop
  endfacet
  facet normal -0 0 -1
    outer loop
      vertex -29 -12.6 0
      vertex -31 -17 0
      vertex -29.1568 -12.5923 0
    endloop
  endfacet
  facet normal -0 0 -1
    outer loop
      vertex 34.092 15.5376 0
      vertex 30.1314 12.1314 0
      vertex 33.8284 15.8284 0
    endloop
  endfacet
  facet normal -0 0 -1
    outer loop
      vertex 33.8284 15.8284 0
      vertex 30.1314 12.1314 0
      vertex 33.5376 16.092 0
    endloop
  endfacet
  facet normal -0 0 -1
    outer loop
      vertex 33.5376 16.092 0
      vertex 30.1314 12.1314 0
      vertex 33.2223 16.3259 0
    endloop
  endfacet
  facet normal 0 0 -1
    outer loop
      vertex 30.015 12.2368 0
      vertex 33.2223 16.3259 0
      vertex 30.1314 12.1314 0
    endloop
  endfacet
  facet normal -0 0 -1
    outer loop
      vertex 33.2223 16.3259 0
      vertex 30.015 12.2368 0
      vertex 32.8856 16.5277 0
    endloop
  endfacet
  facet normal -0 0 -1
    outer loop
      vertex 32.8856 16.5277 0
      vertex 30.015 12.2368 0
      vertex 32.5307 16.6955 0
    endloop
  endfacet
  facet normal -0 0 -1
    outer loop
      vertex 32.5307 16.6955 0
      vertex 30.015 12.2368 0
      vertex 32.1611 16.8278 0
    endloop
  endfacet
  facet normal 0 0 -1
    outer loop
      vertex 29.8889 12.3304 0
      vertex 32.1611 16.8278 0
      vertex 30.015 12.2368 0
    endloop
  endfacet
  facet normal -0 0 -1
    outer loop
      vertex 32.1611 16.8278 0
      vertex 29.8889 12.3304 0
      vertex 31.7804 16.9231 0
    endloop
  endfacet
  facet normal -0 0 -1
    outer loop
      vertex 31.7804 16.9231 0
      vertex 29.8889 12.3304 0
      vertex 31.3921 16.9807 0
    endloop
  endfacet
  facet normal 0 0 -1
    outer loop
      vertex 29.7542 12.4111 0
      vertex 31.3921 16.9807 0
      vertex 29.8889 12.3304 0
    endloop
  endfacet
  facet normal -0 0 -1
    outer loop
      vertex 31.3921 16.9807 0
      vertex 29.7542 12.4111 0
      vertex 31 17 0
    endloop
  endfacet
  facet normal 0 0 -1
    outer loop
      vertex 29.6123 12.4782 0
      vertex 31 17 0
      vertex 29.7542 12.4111 0
    endloop
  endfacet
  facet normal 0 0 -1
    outer loop
      vertex 29.4645 12.5311 0
      vertex 31 17 0
      vertex 29.6123 12.4782 0
    endloop
  endfacet
  facet normal 0 0 -1
    outer loop
      vertex 29.3121 12.5693 0
      vertex 31 17 0
      vertex 29.4645 12.5311 0
    endloop
  endfacet
  facet normal 0 0 -1
    outer loop
      vertex 29.1568 12.5923 0
      vertex 31 17 0
      vertex 29.3121 12.5693 0
    endloop
  endfacet
  facet normal 0 0 -1
    outer loop
      vertex 29 12.6 0
      vertex 31 17 0
      vertex 29.1568 12.5923 0
    endloop
  endfacet
  facet normal 0 0 -1
    outer loop
      vertex 28.8432 12.5923 0
      vertex 31 17 0
      vertex 29 12.6 0
    endloop
  endfacet
  facet normal 0 0 -1
    outer loop
      vertex 28.6879 12.5693 0
      vertex 31 17 0
      vertex 28.8432 12.5923 0
    endloop
  endfacet
  facet normal 0 0 -1
    outer loop
      vertex 28.5355 12.5311 0
      vertex 31 17 0
      vertex 28.6879 12.5693 0
    endloop
  endfacet
  facet normal 0 0 -1
    outer loop
      vertex 28.3877 12.4782 0
      vertex 31 17 0
      vertex 28.5355 12.5311 0
    endloop
  endfacet
  facet normal 0 0 -1
    outer loop
      vertex 28.2458 12.4111 0
      vertex 31 17 0
      vertex 28.3877 12.4782 0
    endloop
  endfacet
  facet normal 0 0 -1
    outer loop
      vertex 28.1111 12.3304 0
      vertex 31 17 0
      vertex 28.2458 12.4111 0
    endloop
  endfacet
  facet normal 0 0 -1
    outer loop
      vertex 27.985 12.2368 0
      vertex 31 17 0
      vertex 28.1111 12.3304 0
    endloop
  endfacet
  facet normal 0 0 -1
    outer loop
      vertex 27.8686 12.1314 0
      vertex 31 17 0
      vertex 27.985 12.2368 0
    endloop
  endfacet
  facet normal 0 0 -1
    outer loop
      vertex 27.7632 12.015 0
      vertex 31 17 0
      vertex 27.8686 12.1314 0
    endloop
  endfacet
  facet normal 0 0 -1
    outer loop
      vertex 12.7513 2.25581 0
      vertex 27.7632 12.015 0
      vertex 27.6696 11.8889 0
    endloop
  endfacet
  facet normal 0 0 -1
    outer loop
      vertex 14.9779 1.4591 0
      vertex 27.6696 10.1111 0
      vertex 15.1124 1.27781 0
    endloop
  endfacet
  facet normal -0 0 -1
    outer loop
      vertex 27.6696 10.1111 0
      vertex 14.9779 1.4591 0
      vertex 27.5889 10.2458 0
    endloop
  endfacet
  facet normal 0 0 -1
    outer loop
      vertex 14.8263 1.62634 0
      vertex 27.5889 10.2458 0
      vertex 14.9779 1.4591 0
    endloop
  endfacet
  facet normal -0 0 -1
    outer loop
      vertex 27.5889 10.2458 0
      vertex 14.8263 1.62634 0
      vertex 27.5218 10.3877 0
    endloop
  endfacet
  facet normal 0 0 -1
    outer loop
      vertex 14.6591 1.77792 0
      vertex 27.5218 10.3877 0
      vertex 14.8263 1.62634 0
    endloop
  endfacet
  facet normal -0 0 -1
    outer loop
      vertex 27.5218 10.3877 0
      vertex 14.6591 1.77792 0
      vertex 27.4689 10.5355 0
    endloop
  endfacet
  facet normal 0 0 -1
    outer loop
      vertex 14.4778 1.91238 0
      vertex 27.4689 10.5355 0
      vertex 14.6591 1.77792 0
    endloop
  endfacet
  facet normal -0 0 -1
    outer loop
      vertex 27.4689 10.5355 0
      vertex 14.4778 1.91238 0
      vertex 27.4307 10.6879 0
    endloop
  endfacet
  facet normal -0 0 -1
    outer loop
      vertex 27.4307 10.6879 0
      vertex 14.4778 1.91238 0
      vertex 27.4077 10.8432 0
    endloop
  endfacet
  facet normal 0 0 -1
    outer loop
      vertex 14.2842 2.02842 0
      vertex 27.4077 10.8432 0
      vertex 14.4778 1.91238 0
    endloop
  endfacet
  facet normal -0 0 -1
    outer loop
      vertex 27.4077 10.8432 0
      vertex 14.2842 2.02842 0
      vertex 27.4 11 0
    endloop
  endfacet
  facet normal 0 0 -1
    outer loop
      vertex 14.0802 2.12492 0
      vertex 27.4 11 0
      vertex 14.2842 2.02842 0
    endloop
  endfacet
  facet normal -0 0 -1
    outer loop
      vertex 27.4 11 0
      vertex 14.0802 2.12492 0
      vertex 27.4077 11.1568 0
    endloop
  endfacet
  facet normal 0 0 -1
    outer loop
      vertex 13.8677 2.20096 0
      vertex 27.4077 11.1568 0
      vertex 14.0802 2.12492 0
    endloop
  endfacet
  facet normal -0 0 -1
    outer loop
      vertex 27.4077 11.1568 0
      vertex 13.8677 2.20096 0
      vertex 27.4307 11.3121 0
    endloop
  endfacet
  facet normal 0 0 -1
    outer loop
      vertex 13.6487 2.25581 0
      vertex 27.4307 11.3121 0
      vertex 13.8677 2.20096 0
    endloop
  endfacet
  facet normal -0 0 -1
    outer loop
      vertex 27.4307 11.3121 0
      vertex 13.6487 2.25581 0
      vertex 27.4689 11.4645 0
    endloop
  endfacet
  facet normal 0 0 -1
    outer loop
      vertex 13.4254 2.28892 0
      vertex 27.4689 11.4645 0
      vertex 13.6487 2.25581 0
    endloop
  endfacet
  facet normal -0 0 -1
    outer loop
      vertex 27.4689 11.4645 0
      vertex 13.4254 2.28892 0
      vertex 27.5218 11.6123 0
    endloop
  endfacet
  facet normal 0 0 -1
    outer loop
      vertex 13.2 2.3 0
      vertex 27.5218 11.6123 0
      vertex 13.4254 2.28892 0
    endloop
  endfacet
  facet normal -0 0 -1
    outer loop
      vertex 27.5218 11.6123 0
      vertex 13.2 2.3 0
      vertex 27.5889 11.7542 0
    endloop
  endfacet
  facet normal 0 0 -1
    outer loop
      vertex 12.9746 2.28892 0
      vertex 27.5889 11.7542 0
      vertex 13.2 2.3 0
    endloop
  endfacet
  facet normal -0 0 -1
    outer loop
      vertex 27.5889 11.7542 0
      vertex 12.9746 2.28892 0
      vertex 27.6696 11.8889 0
    endloop
  endfacet
  facet normal 0 0 -1
    outer loop
      vertex 12.7513 2.25581 0
      vertex 27.6696 11.8889 0
      vertex 12.9746 2.28892 0
    endloop
  endfacet
  facet normal 0 0 -1
    outer loop
      vertex 27.7632 12.015 0
      vertex 12.7513 2.25581 0
      vertex 12.5323 2.20096 0
    endloop
  endfacet
  facet normal -0 0 -1
    outer loop
      vertex 27.7632 12.015 0
      vertex 12.5323 2.20096 0
      vertex 31 17 0
    endloop
  endfacet
  facet normal 0 0 -1
    outer loop
      vertex 12.3198 2.12492 0
      vertex 31 17 0
      vertex 12.5323 2.20096 0
    endloop
  endfacet
  facet normal 0 0 -1
    outer loop
      vertex -12.3198 2.12492 0
      vertex 12.3198 2.12492 0
      vertex 12.1158 2.02842 0
    endloop
  endfacet
  facet normal 0 0 -1
    outer loop
      vertex -12.1158 2.02842 0
      vertex 12.1158 2.02842 0
      vertex 11.9222 1.91238 0
    endloop
  endfacet
  facet normal 0 0 -1
    outer loop
      vertex -11.9222 1.91238 0
      vertex 11.9222 1.91238 0
      vertex 11.7409 1.77792 0
    endloop
  endfacet
  facet normal 0 0 -1
    outer loop
      vertex -10.9 0 0
      vertex 10.9111 0.225439 0
      vertex 10.9 0 0
    endloop
  endfacet
  facet normal 0 0 -1
    outer loop
      vertex -10.9111 0.225439 0
      vertex 10.9111 0.225439 0
      vertex -10.9 0 0
    endloop
  endfacet
  facet normal 0 0 -1
    outer loop
      vertex 10.9111 0.225439 0
      vertex -10.9111 0.225439 0
      vertex 10.9442 0.448708 0
    endloop
  endfacet
  facet normal 0 0 -1
    outer loop
      vertex -10.9442 0.448708 0
      vertex 10.9442 0.448708 0
      vertex -10.9111 0.225439 0
    endloop
  endfacet
  facet normal 0 0 -1
    outer loop
      vertex 10.9442 0.448708 0
      vertex -10.9442 0.448708 0
      vertex 10.999 0.667654 0
    endloop
  endfacet
  facet normal 0 0 -1
    outer loop
      vertex -10.999 0.667654 0
      vertex 10.999 0.667654 0
      vertex -10.9442 0.448708 0
    endloop
  endfacet
  facet normal 0 0 -1
    outer loop
      vertex 10.999 0.667654 0
      vertex -10.999 0.667654 0
      vertex 11.0751 0.880172 0
    endloop
  endfacet
  facet normal 0 0 -1
    outer loop
      vertex -11.0751 0.880172 0
      vertex 11.0751 0.880172 0
      vertex -10.999 0.667654 0
    endloop
  endfacet
  facet normal 0 0 -1
    outer loop
      vertex 11.0751 0.880172 0
      vertex -11.0751 0.880172 0
      vertex 11.1716 1.08421 0
    endloop
  endfacet
  facet normal 0 0 -1
    outer loop
      vertex -11.1716 1.08421 0
      vertex 11.1716 1.08421 0
      vertex -11.0751 0.880172 0
    endloop
  endfacet
  facet normal 0 0 -1
    outer loop
      vertex 11.1716 1.08421 0
      vertex -11.1716 1.08421 0
      vertex 11.2876 1.27781 0
    endloop
  endfacet
  facet normal 0 0 -1
    outer loop
      vertex -11.2876 1.27781 0
      vertex 11.2876 1.27781 0
      vertex -11.1716 1.08421 0
    endloop
  endfacet
  facet normal 0 0 -1
    outer loop
      vertex 11.2876 1.27781 0
      vertex -11.2876 1.27781 0
      vertex 11.4221 1.4591 0
    endloop
  endfacet
  facet normal 0 0 -1
    outer loop
      vertex -11.4221 1.4591 0
      vertex 11.4221 1.4591 0
      vertex -11.2876 1.27781 0
    endloop
  endfacet
  facet normal 0 0 -1
    outer loop
      vertex 11.4221 1.4591 0
      vertex -11.4221 1.4591 0
      vertex 11.5737 1.62634 0
    endloop
  endfacet
  facet normal 0 0 -1
    outer loop
      vertex -11.5737 1.62634 0
      vertex 11.5737 1.62634 0
      vertex -11.4221 1.4591 0
    endloop
  endfacet
  facet normal 0 0 -1
    outer loop
      vertex 11.5737 1.62634 0
      vertex -11.5737 1.62634 0
      vertex 11.7409 1.77792 0
    endloop
  endfacet
  facet normal 0 0 -1
    outer loop
      vertex -11.7409 1.77792 0
      vertex 11.7409 1.77792 0
      vertex -11.5737 1.62634 0
    endloop
  endfacet
  facet normal 0 0 -1
    outer loop
      vertex -11.9222 1.91238 0
      vertex 11.7409 1.77792 0
      vertex -11.7409 1.77792 0
    endloop
  endfacet
  facet normal 0 0 -1
    outer loop
      vertex 11.9222 1.91238 0
      vertex -11.9222 1.91238 0
      vertex -12.1158 2.02842 0
    endloop
  endfacet
  facet normal 0 0 -1
    outer loop
      vertex 12.1158 2.02842 0
      vertex -12.1158 2.02842 0
      vertex -12.3198 2.12492 0
    endloop
  endfacet
  facet normal 0 0 -1
    outer loop
      vertex 12.3198 2.12492 0
      vertex -12.3198 2.12492 0
      vertex 31 17 0
    endloop
  endfacet
  facet normal 0 0 -1
    outer loop
      vertex -12.5323 2.20096 0
      vertex 31 17 0
      vertex -12.3198 2.12492 0
    endloop
  endfacet
  facet normal 0 0 -1
    outer loop
      vertex -27.7632 12.015 0
      vertex -12.5323 2.20096 0
      vertex -12.7513 2.25581 0
    endloop
  endfacet
  facet normal 0 0 -1
    outer loop
      vertex -27.6696 11.8889 0
      vertex -12.7513 2.25581 0
      vertex -12.9746 2.28892 0
    endloop
  endfacet
  facet normal 0 0 -1
    outer loop
      vertex -27.5889 11.7542 0
      vertex -12.9746 2.28892 0
      vertex -13.2 2.3 0
    endloop
  endfacet
  facet normal 0 0 -1
    outer loop
      vertex -27.5218 11.6123 0
      vertex -13.2 2.3 0
      vertex -13.4254 2.28892 0
    endloop
  endfacet
  facet normal 0 0 -1
    outer loop
      vertex -27.4689 11.4645 0
      vertex -13.4254 2.28892 0
      vertex -13.6487 2.25581 0
    endloop
  endfacet
  facet normal 0 0 -1
    outer loop
      vertex -27.4307 11.3121 0
      vertex -13.6487 2.25581 0
      vertex -13.8677 2.20096 0
    endloop
  endfacet
  facet normal 0 0 -1
    outer loop
      vertex -27.7632 -9.98497 0
      vertex -15.1124 -1.27781 0
      vertex -27.6696 -10.1111 0
    endloop
  endfacet
  facet normal 0 0 -1
    outer loop
      vertex -15.5 0 0
      vertex -27.4 11 0
      vertex -15.4889 0.225439 0
    endloop
  endfacet
  facet normal 0 0 -1
    outer loop
      vertex -15.4889 0.225439 0
      vertex -27.4 11 0
      vertex -15.4558 0.448708 0
    endloop
  endfacet
  facet normal 0 0 -1
    outer loop
      vertex -15.4558 0.448708 0
      vertex -27.4 11 0
      vertex -15.401 0.667654 0
    endloop
  endfacet
  facet normal 0 0 -1
    outer loop
      vertex -15.401 0.667654 0
      vertex -27.4 11 0
      vertex -15.3249 0.880172 0
    endloop
  endfacet
  facet normal 0 0 -1
    outer loop
      vertex -15.3249 0.880172 0
      vertex -27.4 11 0
      vertex -15.2284 1.08421 0
    endloop
  endfacet
  facet normal 0 0 -1
    outer loop
      vertex -15.2284 1.08421 0
      vertex -27.4 11 0
      vertex -15.1124 1.27781 0
    endloop
  endfacet
  facet normal 0 0 -1
    outer loop
      vertex -15.1124 1.27781 0
      vertex -27.4 11 0
      vertex -14.9779 1.4591 0
    endloop
  endfacet
  facet normal 0 0 -1
    outer loop
      vertex -14.9779 1.4591 0
      vertex -27.4 11 0
      vertex -14.8263 1.62634 0
    endloop
  endfacet
  facet normal 0 0 -1
    outer loop
      vertex -27.4 11 0
      vertex -14.6591 1.77792 0
      vertex -14.8263 1.62634 0
    endloop
  endfacet
  facet normal 0 0 -1
    outer loop
      vertex -27.4 11 0
      vertex -14.4778 1.91238 0
      vertex -14.6591 1.77792 0
    endloop
  endfacet
  facet normal 0 0 -1
    outer loop
      vertex -27.4 11 0
      vertex -14.2842 2.02842 0
      vertex -14.4778 1.91238 0
    endloop
  endfacet
  facet normal 0 0 -1
    outer loop
      vertex -27.4 11 0
      vertex -14.0802 2.12492 0
      vertex -14.2842 2.02842 0
    endloop
  endfacet
  facet normal 0 0 -1
    outer loop
      vertex -27.4 11 0
      vertex -13.8677 2.20096 0
      vertex -14.0802 2.12492 0
    endloop
  endfacet
  facet normal 0 0 -1
    outer loop
      vertex -27.4077 11.1568 0
      vertex -13.8677 2.20096 0
      vertex -27.4 11 0
    endloop
  endfacet
  facet normal 0 0 -1
    outer loop
      vertex -27.4307 11.3121 0
      vertex -13.8677 2.20096 0
      vertex -27.4077 11.1568 0
    endloop
  endfacet
  facet normal 0 0 -1
    outer loop
      vertex -13.6487 2.25581 0
      vertex -27.4307 11.3121 0
      vertex -27.4689 11.4645 0
    endloop
  endfacet
  facet normal 0 0 -1
    outer loop
      vertex -13.4254 2.28892 0
      vertex -27.4689 11.4645 0
      vertex -27.5218 11.6123 0
    endloop
  endfacet
  facet normal 0 0 -1
    outer loop
      vertex -13.2 2.3 0
      vertex -27.5218 11.6123 0
      vertex -27.5889 11.7542 0
    endloop
  endfacet
  facet normal 0 0 -1
    outer loop
      vertex -12.9746 2.28892 0
      vertex -27.5889 11.7542 0
      vertex -27.6696 11.8889 0
    endloop
  endfacet
  facet normal 0 0 -1
    outer loop
      vertex -12.7513 2.25581 0
      vertex -27.6696 11.8889 0
      vertex -27.7632 12.015 0
    endloop
  endfacet
  facet normal 0 0 -1
    outer loop
      vertex -12.5323 2.20096 0
      vertex -27.7632 12.015 0
      vertex -31 17 0
    endloop
  endfacet
  facet normal 0 0 -1
    outer loop
      vertex -31 17 0
      vertex -27.7632 12.015 0
      vertex -27.8686 12.1314 0
    endloop
  endfacet
  facet normal 0 0 -1
    outer loop
      vertex -31 17 0
      vertex -27.8686 12.1314 0
      vertex -27.985 12.2368 0
    endloop
  endfacet
  facet normal 0 0 -1
    outer loop
      vertex -31 17 0
      vertex -27.985 12.2368 0
      vertex -28.1111 12.3304 0
    endloop
  endfacet
  facet normal 0 0 -1
    outer loop
      vertex -31 17 0
      vertex -28.1111 12.3304 0
      vertex -28.2458 12.4111 0
    endloop
  endfacet
  facet normal 0 0 -1
    outer loop
      vertex -31 17 0
      vertex -28.2458 12.4111 0
      vertex -28.3877 12.4782 0
    endloop
  endfacet
  facet normal 0 0 -1
    outer loop
      vertex -31 17 0
      vertex -28.3877 12.4782 0
      vertex -28.5355 12.5311 0
    endloop
  endfacet
  facet normal 0 0 -1
    outer loop
      vertex -31 17 0
      vertex -28.5355 12.5311 0
      vertex -28.6879 12.5693 0
    endloop
  endfacet
  facet normal 0 0 -1
    outer loop
      vertex -31 17 0
      vertex -28.6879 12.5693 0
      vertex -28.8432 12.5923 0
    endloop
  endfacet
  facet normal 0 0 -1
    outer loop
      vertex -31 17 0
      vertex -28.8432 12.5923 0
      vertex -29 12.6 0
    endloop
  endfacet
  facet normal 0 0 -1
    outer loop
      vertex -31 17 0
      vertex -29 12.6 0
      vertex -29.1568 12.5923 0
    endloop
  endfacet
  facet normal 0 0 -1
    outer loop
      vertex -12.5323 2.20096 0
      vertex -31 17 0
      vertex 31 17 0
    endloop
  endfacet
  facet normal 0 0 -1
    outer loop
      vertex -29.3121 12.5693 0
      vertex -31 17 0
      vertex -29.1568 12.5923 0
    endloop
  endfacet
  facet normal 0 0 -1
    outer loop
      vertex -29.4645 12.5311 0
      vertex -31 17 0
      vertex -29.3121 12.5693 0
    endloop
  endfacet
  facet normal 0 0 -1
    outer loop
      vertex -29.6123 12.4782 0
      vertex -31 17 0
      vertex -29.4645 12.5311 0
    endloop
  endfacet
  facet normal 0 0 -1
    outer loop
      vertex -29.7542 12.4111 0
      vertex -31 17 0
      vertex -29.6123 12.4782 0
    endloop
  endfacet
  facet normal 0 0 -1
    outer loop
      vertex -31.3921 16.9807 0
      vertex -29.7542 12.4111 0
      vertex -29.8889 12.3304 0
    endloop
  endfacet
  facet normal 0 0 -1
    outer loop
      vertex -32.1611 16.8278 0
      vertex -29.8889 12.3304 0
      vertex -30.015 12.2368 0
    endloop
  endfacet
  facet normal 0 0 -1
    outer loop
      vertex -33.2223 16.3259 0
      vertex -30.015 12.2368 0
      vertex -30.1314 12.1314 0
    endloop
  endfacet
  facet normal 0 0 -1
    outer loop
      vertex -34.092 15.5376 0
      vertex -30.1314 12.1314 0
      vertex -30.2368 12.015 0
    endloop
  endfacet
  facet normal 0 0 -1
    outer loop
      vertex -34.6955 14.5307 0
      vertex -30.2368 12.015 0
      vertex -30.3304 11.8889 0
    endloop
  endfacet
  facet normal 0 0 -1
    outer loop
      vertex -34.9807 13.3921 0
      vertex -30.3304 11.8889 0
      vertex -30.4111 11.7542 0
    endloop
  endfacet
  facet normal 0 0 -1
    outer loop
      vertex -35 13 0
      vertex -30.4111 11.7542 0
      vertex -30.4782 11.6123 0
    endloop
  endfacet
  facet normal 0 0 -1
    outer loop
      vertex -35 13 0
      vertex -30.4782 11.6123 0
      vertex -30.5311 11.4645 0
    endloop
  endfacet
  facet normal 0 0 -1
    outer loop
      vertex -35 13 0
      vertex -30.5311 11.4645 0
      vertex -30.5693 11.3121 0
    endloop
  endfacet
  facet normal 0 0 -1
    outer loop
      vertex -35 13 0
      vertex -30.5693 11.3121 0
      vertex -30.5923 11.1568 0
    endloop
  endfacet
  facet normal 0 0 -1
    outer loop
      vertex -35 13 0
      vertex -30.5923 11.1568 0
      vertex -30.6 11 0
    endloop
  endfacet
  facet normal 0 0 -1
    outer loop
      vertex -30.5693 10.6879 0
      vertex -35 13 0
      vertex -30.5923 10.8432 0
    endloop
  endfacet
  facet normal -0 0 -1
    outer loop
      vertex -30.1314 -12.1314 0
      vertex -34.092 -15.5376 0
      vertex -30.2368 -12.015 0
    endloop
  endfacet
  facet normal 0 0 -1
    outer loop
      vertex -30.5923 10.8432 0
      vertex -35 13 0
      vertex -30.6 11 0
    endloop
  endfacet
  facet normal 0 0 -1
    outer loop
      vertex -34.3259 -15.2223 0
      vertex -30.2368 -12.015 0
      vertex -34.092 -15.5376 0
    endloop
  endfacet
  facet normal 0 0 -1
    outer loop
      vertex -30.4111 11.7542 0
      vertex -35 13 0
      vertex -34.9807 13.3921 0
    endloop
  endfacet
  facet normal 0 0 -1
    outer loop
      vertex -34.5277 -14.8856 0
      vertex -30.2368 -12.015 0
      vertex -34.3259 -15.2223 0
    endloop
  endfacet
  facet normal 0 0 -1
    outer loop
      vertex -29.7542 12.4111 0
      vertex -31.3921 16.9807 0
      vertex -31 17 0
    endloop
  endfacet
  facet normal 0 0 -1
    outer loop
      vertex -34.6955 -14.5307 0
      vertex -30.2368 -12.015 0
      vertex -34.5277 -14.8856 0
    endloop
  endfacet
  facet normal 0 0 -1
    outer loop
      vertex -29.8889 12.3304 0
      vertex -31.7804 16.9231 0
      vertex -31.3921 16.9807 0
    endloop
  endfacet
  facet normal -0 0 -1
    outer loop
      vertex -30.2368 -12.015 0
      vertex -34.6955 -14.5307 0
      vertex -30.3304 -11.8889 0
    endloop
  endfacet
  facet normal 0 0 -1
    outer loop
      vertex -29.8889 12.3304 0
      vertex -32.1611 16.8278 0
      vertex -31.7804 16.9231 0
    endloop
  endfacet
  facet normal 0 0 -1
    outer loop
      vertex -34.8278 -14.1611 0
      vertex -30.3304 -11.8889 0
      vertex -34.6955 -14.5307 0
    endloop
  endfacet
  facet normal 0 0 -1
    outer loop
      vertex -30.015 12.2368 0
      vertex -32.5307 16.6955 0
      vertex -32.1611 16.8278 0
    endloop
  endfacet
  facet normal 0 0 -1
    outer loop
      vertex -34.9231 -13.7804 0
      vertex -30.3304 -11.8889 0
      vertex -34.8278 -14.1611 0
    endloop
  endfacet
  facet normal 0 0 -1
    outer loop
      vertex -30.015 12.2368 0
      vertex -32.8856 16.5277 0
      vertex -32.5307 16.6955 0
    endloop
  endfacet
  facet normal 0 0 -1
    outer loop
      vertex -34.9807 -13.3921 0
      vertex -30.3304 -11.8889 0
      vertex -34.9231 -13.7804 0
    endloop
  endfacet
  facet normal 0 0 -1
    outer loop
      vertex -30.015 12.2368 0
      vertex -33.2223 16.3259 0
      vertex -32.8856 16.5277 0
    endloop
  endfacet
  facet normal -0 0 -1
    outer loop
      vertex -30.3304 -11.8889 0
      vertex -34.9807 -13.3921 0
      vertex -30.4111 -11.7542 0
    endloop
  endfacet
  facet normal 0 0 -1
    outer loop
      vertex -30.1314 12.1314 0
      vertex -33.5376 16.092 0
      vertex -33.2223 16.3259 0
    endloop
  endfacet
  facet normal 0 0 -1
    outer loop
      vertex -35 -13 0
      vertex -30.4111 -11.7542 0
      vertex -34.9807 -13.3921 0
    endloop
  endfacet
  facet normal 0 0 -1
    outer loop
      vertex -30.1314 12.1314 0
      vertex -33.8284 15.8284 0
      vertex -33.5376 16.092 0
    endloop
  endfacet
  facet normal -0 0 -1
    outer loop
      vertex -30.4111 -11.7542 0
      vertex -35 -13 0
      vertex -30.4782 -11.6123 0
    endloop
  endfacet
  facet normal 0 0 -1
    outer loop
      vertex -30.1314 12.1314 0
      vertex -34.092 15.5376 0
      vertex -33.8284 15.8284 0
    endloop
  endfacet
  facet normal -0 0 -1
    outer loop
      vertex -30.4782 -11.6123 0
      vertex -35 -13 0
      vertex -30.5311 -11.4645 0
    endloop
  endfacet
  facet normal 0 0 -1
    outer loop
      vertex -30.2368 12.015 0
      vertex -34.3259 15.2223 0
      vertex -34.092 15.5376 0
    endloop
  endfacet
  facet normal -0 0 -1
    outer loop
      vertex -30.5311 -11.4645 0
      vertex -35 -13 0
      vertex -30.5693 -11.3121 0
    endloop
  endfacet
  facet normal 0 0 -1
    outer loop
      vertex -30.2368 12.015 0
      vertex -34.5277 14.8856 0
      vertex -34.3259 15.2223 0
    endloop
  endfacet
  facet normal -0 0 -1
    outer loop
      vertex -30.5693 -11.3121 0
      vertex -35 -13 0
      vertex -30.5923 -11.1568 0
    endloop
  endfacet
  facet normal 0 0 -1
    outer loop
      vertex -30.2368 12.015 0
      vertex -34.6955 14.5307 0
      vertex -34.5277 14.8856 0
    endloop
  endfacet
  facet normal -0 0 -1
    outer loop
      vertex -30.5923 -11.1568 0
      vertex -35 -13 0
      vertex -30.6 -11 0
    endloop
  endfacet
  facet normal 0 0 -1
    outer loop
      vertex -30.3304 11.8889 0
      vertex -34.8278 14.1611 0
      vertex -34.6955 14.5307 0
    endloop
  endfacet
  facet normal 0 0 -1
    outer loop
      vertex -30.3304 11.8889 0
      vertex -34.9231 13.7804 0
      vertex -34.8278 14.1611 0
    endloop
  endfacet
  facet normal 0 0 -1
    outer loop
      vertex -30.3304 11.8889 0
      vertex -34.9807 13.3921 0
      vertex -34.9231 13.7804 0
    endloop
  endfacet
  facet normal 0 0 1
    outer loop
      vertex -15.1124 1.27781 4
      vertex -27.7632 9.98497 4
      vertex -15.2284 1.08421 4
    endloop
  endfacet
  facet normal 0 0 1
    outer loop
      vertex -15.5 0 4
      vertex -27.4077 -10.8432 4
      vertex -27.4 -11 4
    endloop
  endfacet
  facet normal -0 0 1
    outer loop
      vertex -27.8686 9.86863 4
      vertex -15.2284 1.08421 4
      vertex -27.7632 9.98497 4
    endloop
  endfacet
  facet normal 0 0 1
    outer loop
      vertex -15.5 0 4
      vertex -27.4307 -10.6879 4
      vertex -27.4077 -10.8432 4
    endloop
  endfacet
  facet normal 0 0 1
    outer loop
      vertex -15.2284 1.08421 4
      vertex -27.8686 9.86863 4
      vertex -15.3249 0.880172 4
    endloop
  endfacet
  facet normal 0 0 1
    outer loop
      vertex -15.5 0 4
      vertex -27.4689 -10.5355 4
      vertex -27.4307 -10.6879 4
    endloop
  endfacet
  facet normal -0 0 1
    outer loop
      vertex -27.985 9.76318 4
      vertex -15.3249 0.880172 4
      vertex -27.8686 9.86863 4
    endloop
  endfacet
  facet normal 0 0 1
    outer loop
      vertex -15.5 0 4
      vertex -27.5218 -10.3877 4
      vertex -27.4689 -10.5355 4
    endloop
  endfacet
  facet normal 0 0 1
    outer loop
      vertex -15.3249 0.880172 4
      vertex -27.985 9.76318 4
      vertex -15.401 0.667654 4
    endloop
  endfacet
  facet normal 0 0 1
    outer loop
      vertex -15.5 0 4
      vertex -27.5889 -10.2458 4
      vertex -27.5218 -10.3877 4
    endloop
  endfacet
  facet normal -0 0 1
    outer loop
      vertex -28.1111 9.66965 4
      vertex -15.401 0.667654 4
      vertex -27.985 9.76318 4
    endloop
  endfacet
  facet normal 0 0 1
    outer loop
      vertex -15.5 0 4
      vertex -27.6696 -10.1111 4
      vertex -27.5889 -10.2458 4
    endloop
  endfacet
  facet normal 0 0 1
    outer loop
      vertex -15.401 0.667654 4
      vertex -28.1111 9.66965 4
      vertex -15.4558 0.448708 4
    endloop
  endfacet
  facet normal 0 0 1
    outer loop
      vertex -15.5 0 4
      vertex -27.7632 -9.98497 4
      vertex -27.6696 -10.1111 4
    endloop
  endfacet
  facet normal -0 0 1
    outer loop
      vertex -28.2458 9.58893 4
      vertex -15.4558 0.448708 4
      vertex -28.1111 9.66965 4
    endloop
  endfacet
  facet normal 0 0 1
    outer loop
      vertex -15.5 0 4
      vertex -27.8686 -9.86863 4
      vertex -27.7632 -9.98497 4
    endloop
  endfacet
  facet normal 0 0 1
    outer loop
      vertex -15.4558 0.448708 4
      vertex -28.2458 9.58893 4
      vertex -15.4889 0.225439 4
    endloop
  endfacet
  facet normal 0 0 1
    outer loop
      vertex -15.5 0 4
      vertex -27.985 -9.76318 4
      vertex -27.8686 -9.86863 4
    endloop
  endfacet
  facet normal -0 0 1
    outer loop
      vertex -28.3877 9.52179 4
      vertex -15.4889 0.225439 4
      vertex -28.2458 9.58893 4
    endloop
  endfacet
  facet normal 0 0 1
    outer loop
      vertex -15.5 0 4
      vertex -28.1111 -9.66965 4
      vertex -27.985 -9.76318 4
    endloop
  endfacet
  facet normal 0 0 1
    outer loop
      vertex -15.4889 0.225439 4
      vertex -28.3877 9.52179 4
      vertex -15.5 0 4
    endloop
  endfacet
  facet normal 0 0 1
    outer loop
      vertex -15.5 0 4
      vertex -28.2458 -9.58893 4
      vertex -28.1111 -9.66965 4
    endloop
  endfacet
  facet normal -0 0 1
    outer loop
      vertex -28.5355 9.46889 4
      vertex -15.5 0 4
      vertex -28.3877 9.52179 4
    endloop
  endfacet
  facet normal 0 0 1
    outer loop
      vertex -15.5 0 4
      vertex -28.3877 -9.52179 4
      vertex -28.2458 -9.58893 4
    endloop
  endfacet
  facet normal 0 0 1
    outer loop
      vertex -28.5355 -9.46889 4
      vertex -15.5 0 4
      vertex -28.5355 9.46889 4
    endloop
  endfacet
  facet normal 0 0 1
    outer loop
      vertex -15.5 0 4
      vertex -28.5355 -9.46889 4
      vertex -28.3877 -9.52179 4
    endloop
  endfacet
  facet normal -0 0 1
    outer loop
      vertex -28.6879 9.43074 4
      vertex -28.5355 -9.46889 4
      vertex -28.5355 9.46889 4
    endloop
  endfacet
  facet normal 0 0 1
    outer loop
      vertex -28.6879 9.43074 4
      vertex -28.6879 -9.43074 4
      vertex -28.5355 -9.46889 4
    endloop
  endfacet
  facet normal -0 0 1
    outer loop
      vertex -28.8432 9.4077 4
      vertex -28.6879 -9.43074 4
      vertex -28.6879 9.43074 4
    endloop
  endfacet
  facet normal 0 0 1
    outer loop
      vertex -28.8432 9.4077 4
      vertex -28.8432 -9.4077 4
      vertex -28.6879 -9.43074 4
    endloop
  endfacet
  facet normal -0 0 1
    outer loop
      vertex -29 9.4 4
      vertex -28.8432 -9.4077 4
      vertex -28.8432 9.4077 4
    endloop
  endfacet
  facet normal 0 0 1
    outer loop
      vertex -29 9.4 4
      vertex -29 -9.4 4
      vertex -28.8432 -9.4077 4
    endloop
  endfacet
  facet normal 0 0 1
    outer loop
      vertex -29.1568 9.4077 4
      vertex -29 -9.4 4
      vertex -29 9.4 4
    endloop
  endfacet
  facet normal 0 0 1
    outer loop
      vertex -29.1568 9.4077 4
      vertex -29.1568 -9.4077 4
      vertex -29 -9.4 4
    endloop
  endfacet
  facet normal 0 0 1
    outer loop
      vertex -29.3121 9.43074 4
      vertex -29.1568 -9.4077 4
      vertex -29.1568 9.4077 4
    endloop
  endfacet
  facet normal 0 0 1
    outer loop
      vertex -29.3121 9.43074 4
      vertex -29.3121 -9.43074 4
      vertex -29.1568 -9.4077 4
    endloop
  endfacet
  facet normal 0 0 1
    outer loop
      vertex -29.4645 9.46889 4
      vertex -29.3121 -9.43074 4
      vertex -29.3121 9.43074 4
    endloop
  endfacet
  facet normal 0 0 1
    outer loop
      vertex -29.4645 9.46889 4
      vertex -29.4645 -9.46889 4
      vertex -29.3121 -9.43074 4
    endloop
  endfacet
  facet normal 0 0 1
    outer loop
      vertex -29.6123 9.52179 4
      vertex -29.4645 -9.46889 4
      vertex -29.4645 9.46889 4
    endloop
  endfacet
  facet normal 0 0 1
    outer loop
      vertex -29.6123 9.52179 4
      vertex -29.6123 -9.52179 4
      vertex -29.4645 -9.46889 4
    endloop
  endfacet
  facet normal 0 0 1
    outer loop
      vertex -29.7542 9.58893 4
      vertex -29.6123 -9.52179 4
      vertex -29.6123 9.52179 4
    endloop
  endfacet
  facet normal 0 0 1
    outer loop
      vertex -29.7542 9.58893 4
      vertex -29.7542 -9.58893 4
      vertex -29.6123 -9.52179 4
    endloop
  endfacet
  facet normal 0 0 1
    outer loop
      vertex -29.8889 9.66965 4
      vertex -29.7542 -9.58893 4
      vertex -29.7542 9.58893 4
    endloop
  endfacet
  facet normal 0 0 1
    outer loop
      vertex -29.8889 9.66965 4
      vertex -29.8889 -9.66965 4
      vertex -29.7542 -9.58893 4
    endloop
  endfacet
  facet normal 0 0 1
    outer loop
      vertex -30.015 9.76318 4
      vertex -29.8889 -9.66965 4
      vertex -29.8889 9.66965 4
    endloop
  endfacet
  facet normal 0 0 1
    outer loop
      vertex -30.015 9.76318 4
      vertex -30.015 -9.76318 4
      vertex -29.8889 -9.66965 4
    endloop
  endfacet
  facet normal 0 0 1
    outer loop
      vertex -30.1314 9.86863 4
      vertex -30.015 -9.76318 4
      vertex -30.015 9.76318 4
    endloop
  endfacet
  facet normal 0 0 1
    outer loop
      vertex -30.1314 9.86863 4
      vertex -30.1314 -9.86863 4
      vertex -30.015 -9.76318 4
    endloop
  endfacet
  facet normal 0 0 1
    outer loop
      vertex -35 13 4
      vertex -30.1314 9.86863 4
      vertex -30.2368 9.98497 4
    endloop
  endfacet
  facet normal 0 0 1
    outer loop
      vertex -30.1314 9.86863 4
      vertex -35 13 4
      vertex -30.1314 -9.86863 4
    endloop
  endfacet
  facet normal 0 0 1
    outer loop
      vertex -35 13 4
      vertex -30.2368 9.98497 4
      vertex -30.3304 10.1111 4
    endloop
  endfacet
  facet normal 0 0 1
    outer loop
      vertex -35 -13 4
      vertex -30.1314 -9.86863 4
      vertex -35 13 4
    endloop
  endfacet
  facet normal 0 0 1
    outer loop
      vertex -35 13 4
      vertex -30.3304 10.1111 4
      vertex -30.4111 10.2458 4
    endloop
  endfacet
  facet normal 0 0 1
    outer loop
      vertex -30.1314 -9.86863 4
      vertex -35 -13 4
      vertex -30.2368 -9.98497 4
    endloop
  endfacet
  facet normal 0 0 1
    outer loop
      vertex -35 13 4
      vertex -30.4111 10.2458 4
      vertex -30.4782 10.3877 4
    endloop
  endfacet
  facet normal 0 0 1
    outer loop
      vertex -30.2368 -9.98497 4
      vertex -35 -13 4
      vertex -30.3304 -10.1111 4
    endloop
  endfacet
  facet normal 0 0 1
    outer loop
      vertex -35 13 4
      vertex -30.4782 10.3877 4
      vertex -30.5311 10.5355 4
    endloop
  endfacet
  facet normal 0 0 1
    outer loop
      vertex -30.3304 -10.1111 4
      vertex -35 -13 4
      vertex -30.4111 -10.2458 4
    endloop
  endfacet
  facet normal 0 0 1
    outer loop
      vertex -35 13 4
      vertex -30.5311 10.5355 4
      vertex -30.5693 10.6879 4
    endloop
  endfacet
  facet normal 0 0 1
    outer loop
      vertex -30.4111 -10.2458 4
      vertex -35 -13 4
      vertex -30.4782 -10.3877 4
    endloop
  endfacet
  facet normal 0 0 1
    outer loop
      vertex -35 13 4
      vertex -30.5693 10.6879 4
      vertex -30.5923 10.8432 4
    endloop
  endfacet
  facet normal 0 0 1
    outer loop
      vertex -30.4782 -10.3877 4
      vertex -35 -13 4
      vertex -30.5311 -10.5355 4
    endloop
  endfacet
  facet normal 0 0 1
    outer loop
      vertex -35 13 4
      vertex -30.5923 10.8432 4
      vertex -30.6 11 4
    endloop
  endfacet
  facet normal 0 0 1
    outer loop
      vertex -30.5311 -10.5355 4
      vertex -35 -13 4
      vertex -30.5693 -10.6879 4
    endloop
  endfacet
  facet normal 0 0 1
    outer loop
      vertex 30.5311 10.5355 4
      vertex 35 13 4
      vertex 30.5693 10.6879 4
    endloop
  endfacet
  facet normal 0 0 1
    outer loop
      vertex 35 -13 4
      vertex 30.5923 -10.8432 4
      vertex 30.6 -11 4
    endloop
  endfacet
  facet normal 0 0 1
    outer loop
      vertex 30.4782 10.3877 4
      vertex 35 13 4
      vertex 30.5311 10.5355 4
    endloop
  endfacet
  facet normal 0 0 1
    outer loop
      vertex 35 -13 4
      vertex 30.5693 -10.6879 4
      vertex 30.5923 -10.8432 4
    endloop
  endfacet
  facet normal 0 0 1
    outer loop
      vertex 30.4111 10.2458 4
      vertex 35 13 4
      vertex 30.4782 10.3877 4
    endloop
  endfacet
  facet normal 0 0 1
    outer loop
      vertex 35 -13 4
      vertex 30.5311 -10.5355 4
      vertex 30.5693 -10.6879 4
    endloop
  endfacet
  facet normal 0 0 1
    outer loop
      vertex 30.3304 10.1111 4
      vertex 35 13 4
      vertex 30.4111 10.2458 4
    endloop
  endfacet
  facet normal 0 0 1
    outer loop
      vertex 35 -13 4
      vertex 30.4782 -10.3877 4
      vertex 30.5311 -10.5355 4
    endloop
  endfacet
  facet normal 0 0 1
    outer loop
      vertex 30.2368 9.98497 4
      vertex 35 13 4
      vertex 30.3304 10.1111 4
    endloop
  endfacet
  facet normal 0 0 1
    outer loop
      vertex 35 -13 4
      vertex 30.4111 -10.2458 4
      vertex 30.4782 -10.3877 4
    endloop
  endfacet
  facet normal 0 0 1
    outer loop
      vertex 30.1314 9.86863 4
      vertex 35 13 4
      vertex 30.2368 9.98497 4
    endloop
  endfacet
  facet normal 0 0 1
    outer loop
      vertex 35 -13 4
      vertex 30.3304 -10.1111 4
      vertex 30.4111 -10.2458 4
    endloop
  endfacet
  facet normal 0 0 1
    outer loop
      vertex 35 13 4
      vertex 30.1314 9.86863 4
      vertex 35 -13 4
    endloop
  endfacet
  facet normal 0 0 1
    outer loop
      vertex 35 -13 4
      vertex 30.2368 -9.98497 4
      vertex 30.3304 -10.1111 4
    endloop
  endfacet
  facet normal -0 0 1
    outer loop
      vertex 30.1314 -9.86863 4
      vertex 35 -13 4
      vertex 30.1314 9.86863 4
    endloop
  endfacet
  facet normal 0 0 1
    outer loop
      vertex 35 -13 4
      vertex 30.1314 -9.86863 4
      vertex 30.2368 -9.98497 4
    endloop
  endfacet
  facet normal -0 0 1
    outer loop
      vertex 30.015 9.76318 4
      vertex 30.1314 -9.86863 4
      vertex 30.1314 9.86863 4
    endloop
  endfacet
  facet normal 0 0 1
    outer loop
      vertex 30.015 9.76318 4
      vertex 30.015 -9.76318 4
      vertex 30.1314 -9.86863 4
    endloop
  endfacet
  facet normal -0 0 1
    outer loop
      vertex 29.8889 9.66965 4
      vertex 30.015 -9.76318 4
      vertex 30.015 9.76318 4
    endloop
  endfacet
  facet normal 0 0 1
    outer loop
      vertex 29.8889 9.66965 4
      vertex 29.8889 -9.66965 4
      vertex 30.015 -9.76318 4
    endloop
  endfacet
  facet normal -0 0 1
    outer loop
      vertex 29.7542 9.58893 4
      vertex 29.8889 -9.66965 4
      vertex 29.8889 9.66965 4
    endloop
  endfacet
  facet normal 0 0 1
    outer loop
      vertex 29.7542 9.58893 4
      vertex 29.7542 -9.58893 4
      vertex 29.8889 -9.66965 4
    endloop
  endfacet
  facet normal -0 0 1
    outer loop
      vertex 29.6123 9.52179 4
      vertex 29.7542 -9.58893 4
      vertex 29.7542 9.58893 4
    endloop
  endfacet
  facet normal 0 0 1
    outer loop
      vertex 29.6123 9.52179 4
      vertex 29.6123 -9.52179 4
      vertex 29.7542 -9.58893 4
    endloop
  endfacet
  facet normal -0 0 1
    outer loop
      vertex 29.4645 9.46889 4
      vertex 29.6123 -9.52179 4
      vertex 29.6123 9.52179 4
    endloop
  endfacet
  facet normal 0 0 1
    outer loop
      vertex 29.4645 9.46889 4
      vertex 29.4645 -9.46889 4
      vertex 29.6123 -9.52179 4
    endloop
  endfacet
  facet normal -0 0 1
    outer loop
      vertex 29.3121 9.43074 4
      vertex 29.4645 -9.46889 4
      vertex 29.4645 9.46889 4
    endloop
  endfacet
  facet normal 0 0 1
    outer loop
      vertex 29.3121 9.43074 4
      vertex 29.3121 -9.43074 4
      vertex 29.4645 -9.46889 4
    endloop
  endfacet
  facet normal -0 0 1
    outer loop
      vertex 29.1568 9.4077 4
      vertex 29.3121 -9.43074 4
      vertex 29.3121 9.43074 4
    endloop
  endfacet
  facet normal 0 0 1
    outer loop
      vertex 29.1568 9.4077 4
      vertex 29.1568 -9.4077 4
      vertex 29.3121 -9.43074 4
    endloop
  endfacet
  facet normal -0 0 1
    outer loop
      vertex 29 9.4 4
      vertex 29.1568 -9.4077 4
      vertex 29.1568 9.4077 4
    endloop
  endfacet
  facet normal 0 0 1
    outer loop
      vertex 29 9.4 4
      vertex 29 -9.4 4
      vertex 29.1568 -9.4077 4
    endloop
  endfacet
  facet normal 0 0 1
    outer loop
      vertex 28.8432 9.4077 4
      vertex 29 -9.4 4
      vertex 29 9.4 4
    endloop
  endfacet
  facet normal 0 0 1
    outer loop
      vertex 28.8432 9.4077 4
      vertex 28.8432 -9.4077 4
      vertex 29 -9.4 4
    endloop
  endfacet
  facet normal 0 0 1
    outer loop
      vertex 28.6879 9.43074 4
      vertex 28.8432 -9.4077 4
      vertex 28.8432 9.4077 4
    endloop
  endfacet
  facet normal 0 0 1
    outer loop
      vertex 28.6879 9.43074 4
      vertex 28.6879 -9.43074 4
      vertex 28.8432 -9.4077 4
    endloop
  endfacet
  facet normal 0 0 1
    outer loop
      vertex 28.5355 9.46889 4
      vertex 28.6879 -9.43074 4
      vertex 28.6879 9.43074 4
    endloop
  endfacet
  facet normal 0 0 1
    outer loop
      vertex 28.5355 9.46889 4
      vertex 28.5355 -9.46889 4
      vertex 28.6879 -9.43074 4
    endloop
  endfacet
  facet normal 0 0 1
    outer loop
      vertex 15.5 0 4
      vertex 28.5355 9.46889 4
      vertex 28.3877 9.52179 4
    endloop
  endfacet
  facet normal 0 0 1
    outer loop
      vertex 28.5355 9.46889 4
      vertex 15.5 0 4
      vertex 28.5355 -9.46889 4
    endloop
  endfacet
  facet normal 0 0 1
    outer loop
      vertex 15.4889 0.225439 4
      vertex 28.3877 9.52179 4
      vertex 28.2458 9.58893 4
    endloop
  endfacet
  facet normal 0 0 1
    outer loop
      vertex 28.5355 -9.46889 4
      vertex 15.5 0 4
      vertex 28.3877 -9.52179 4
    endloop
  endfacet
  facet normal 0 0 1
    outer loop
      vertex 15.4558 0.448708 4
      vertex 28.2458 9.58893 4
      vertex 28.1111 9.66965 4
    endloop
  endfacet
  facet normal -0 0 1
    outer loop
      vertex 15.4889 -0.225439 4
      vertex 28.3877 -9.52179 4
      vertex 15.5 0 4
    endloop
  endfacet
  facet normal 0 0 1
    outer loop
      vertex 15.401 0.667654 4
      vertex 28.1111 9.66965 4
      vertex 27.985 9.76318 4
    endloop
  endfacet
  facet normal 0 0 1
    outer loop
      vertex 28.3877 -9.52179 4
      vertex 15.4889 -0.225439 4
      vertex 28.2458 -9.58893 4
    endloop
  endfacet
  facet normal 0 0 1
    outer loop
      vertex 15.3249 0.880172 4
      vertex 27.985 9.76318 4
      vertex 27.8686 9.86863 4
    endloop
  endfacet
  facet normal -0 0 1
    outer loop
      vertex 15.4558 -0.448708 4
      vertex 28.2458 -9.58893 4
      vertex 15.4889 -0.225439 4
    endloop
  endfacet
  facet normal 0 0 1
    outer loop
      vertex 15.2284 1.08421 4
      vertex 27.8686 9.86863 4
      vertex 27.7632 9.98497 4
    endloop
  endfacet
  facet normal 0 0 1
    outer loop
      vertex 28.2458 -9.58893 4
      vertex 15.4558 -0.448708 4
      vertex 28.1111 -9.66965 4
    endloop
  endfacet
  facet normal 0 0 1
    outer loop
      vertex 15.1124 1.27781 4
      vertex 27.7632 9.98497 4
      vertex 27.6696 10.1111 4
    endloop
  endfacet
  facet normal -0 0 1
    outer loop
      vertex 15.401 -0.667654 4
      vertex 28.1111 -9.66965 4
      vertex 15.4558 -0.448708 4
    endloop
  endfacet
  facet normal 0 0 1
    outer loop
      vertex 14.9779 1.4591 4
      vertex 27.6696 10.1111 4
      vertex 27.5889 10.2458 4
    endloop
  endfacet
  facet normal 0 0 1
    outer loop
      vertex 28.1111 -9.66965 4
      vertex 15.401 -0.667654 4
      vertex 27.985 -9.76318 4
    endloop
  endfacet
  facet normal 0 0 1
    outer loop
      vertex 14.8263 1.62634 4
      vertex 27.5889 10.2458 4
      vertex 27.5218 10.3877 4
    endloop
  endfacet
  facet normal -0 0 1
    outer loop
      vertex 15.3249 -0.880172 4
      vertex 27.985 -9.76318 4
      vertex 15.401 -0.667654 4
    endloop
  endfacet
  facet normal 0 0 1
    outer loop
      vertex 14.6591 1.77792 4
      vertex 27.5218 10.3877 4
      vertex 27.4689 10.5355 4
    endloop
  endfacet
  facet normal 0 0 1
    outer loop
      vertex 27.985 -9.76318 4
      vertex 15.3249 -0.880172 4
      vertex 27.8686 -9.86863 4
    endloop
  endfacet
  facet normal 0 0 1
    outer loop
      vertex 14.4778 1.91238 4
      vertex 27.4689 10.5355 4
      vertex 27.4307 10.6879 4
    endloop
  endfacet
  facet normal -0 0 1
    outer loop
      vertex 15.2284 -1.08421 4
      vertex 27.8686 -9.86863 4
      vertex 15.3249 -0.880172 4
    endloop
  endfacet
  facet normal 0 0 1
    outer loop
      vertex 14.4778 1.91238 4
      vertex 27.4307 10.6879 4
      vertex 27.4077 10.8432 4
    endloop
  endfacet
  facet normal 0 0 1
    outer loop
      vertex 27.8686 -9.86863 4
      vertex 15.2284 -1.08421 4
      vertex 27.7632 -9.98497 4
    endloop
  endfacet
  facet normal 0 0 1
    outer loop
      vertex 14.2842 2.02842 4
      vertex 27.4077 10.8432 4
      vertex 27.4 11 4
    endloop
  endfacet
  facet normal -0 0 1
    outer loop
      vertex 15.1124 -1.27781 4
      vertex 27.7632 -9.98497 4
      vertex 15.2284 -1.08421 4
    endloop
  endfacet
  facet normal 0 0 1
    outer loop
      vertex 30.4111 11.7542 4
      vertex 35 13 4
      vertex 34.9807 13.3921 4
    endloop
  endfacet
  facet normal 0 0 1
    outer loop
      vertex 30.5923 10.8432 4
      vertex 35 13 4
      vertex 30.6 11 4
    endloop
  endfacet
  facet normal 0 0 1
    outer loop
      vertex 30.3304 11.8889 4
      vertex 34.9807 13.3921 4
      vertex 34.9231 13.7804 4
    endloop
  endfacet
  facet normal 0 0 1
    outer loop
      vertex 30.5693 10.6879 4
      vertex 35 13 4
      vertex 30.5923 10.8432 4
    endloop
  endfacet
  facet normal 0 0 1
    outer loop
      vertex 30.3304 11.8889 4
      vertex 34.9231 13.7804 4
      vertex 34.8278 14.1611 4
    endloop
  endfacet
  facet normal -0 0 1
    outer loop
      vertex 30.5923 -11.1568 4
      vertex 35 -13 4
      vertex 30.6 -11 4
    endloop
  endfacet
  facet normal 0 0 1
    outer loop
      vertex 30.3304 11.8889 4
      vertex 34.8278 14.1611 4
      vertex 34.6955 14.5307 4
    endloop
  endfacet
  facet normal -0 0 1
    outer loop
      vertex 30.5693 -11.3121 4
      vertex 35 -13 4
      vertex 30.5923 -11.1568 4
    endloop
  endfacet
  facet normal 0 0 1
    outer loop
      vertex 30.2368 12.015 4
      vertex 34.6955 14.5307 4
      vertex 34.5277 14.8856 4
    endloop
  endfacet
  facet normal -0 0 1
    outer loop
      vertex 30.5311 -11.4645 4
      vertex 35 -13 4
      vertex 30.5693 -11.3121 4
    endloop
  endfacet
  facet normal 0 0 1
    outer loop
      vertex 30.2368 12.015 4
      vertex 34.5277 14.8856 4
      vertex 34.3259 15.2223 4
    endloop
  endfacet
  facet normal -0 0 1
    outer loop
      vertex 30.4782 -11.6123 4
      vertex 35 -13 4
      vertex 30.5311 -11.4645 4
    endloop
  endfacet
  facet normal 0 0 1
    outer loop
      vertex 30.2368 12.015 4
      vertex 34.3259 15.2223 4
      vertex 34.092 15.5376 4
    endloop
  endfacet
  facet normal -0 0 1
    outer loop
      vertex 30.4111 -11.7542 4
      vertex 35 -13 4
      vertex 30.4782 -11.6123 4
    endloop
  endfacet
  facet normal 0 0 1
    outer loop
      vertex 30.1314 12.1314 4
      vertex 34.092 15.5376 4
      vertex 33.8284 15.8284 4
    endloop
  endfacet
  facet normal 0 0 1
    outer loop
      vertex 35 -13 4
      vertex 30.4111 -11.7542 4
      vertex 34.9807 -13.3921 4
    endloop
  endfacet
  facet normal 0 0 1
    outer loop
      vertex 30.1314 12.1314 4
      vertex 33.8284 15.8284 4
      vertex 33.5376 16.092 4
    endloop
  endfacet
  facet normal -0 0 1
    outer loop
      vertex 30.3304 -11.8889 4
      vertex 34.9807 -13.3921 4
      vertex 30.4111 -11.7542 4
    endloop
  endfacet
  facet normal 0 0 1
    outer loop
      vertex 30.1314 12.1314 4
      vertex 33.5376 16.092 4
      vertex 33.2223 16.3259 4
    endloop
  endfacet
  facet normal 0 0 1
    outer loop
      vertex 34.9807 -13.3921 4
      vertex 30.3304 -11.8889 4
      vertex 34.9231 -13.7804 4
    endloop
  endfacet
  facet normal 0 0 1
    outer loop
      vertex 30.015 12.2368 4
      vertex 33.2223 16.3259 4
      vertex 32.8856 16.5277 4
    endloop
  endfacet
  facet normal 0 0 1
    outer loop
      vertex 34.9231 -13.7804 4
      vertex 30.3304 -11.8889 4
      vertex 34.8278 -14.1611 4
    endloop
  endfacet
  facet normal 0 0 1
    outer loop
      vertex 30.015 12.2368 4
      vertex 32.8856 16.5277 4
      vertex 32.5307 16.6955 4
    endloop
  endfacet
  facet normal 0 0 1
    outer loop
      vertex 34.8278 -14.1611 4
      vertex 30.3304 -11.8889 4
      vertex 34.6955 -14.5307 4
    endloop
  endfacet
  facet normal 0 0 1
    outer loop
      vertex 30.015 12.2368 4
      vertex 32.5307 16.6955 4
      vertex 32.1611 16.8278 4
    endloop
  endfacet
  facet normal -0 0 1
    outer loop
      vertex 30.2368 -12.015 4
      vertex 34.6955 -14.5307 4
      vertex 30.3304 -11.8889 4
    endloop
  endfacet
  facet normal 0 0 1
    outer loop
      vertex 29.8889 12.3304 4
      vertex 32.1611 16.8278 4
      vertex 31.7804 16.9231 4
    endloop
  endfacet
  facet normal 0 0 1
    outer loop
      vertex 34.6955 -14.5307 4
      vertex 30.2368 -12.015 4
      vertex 34.5277 -14.8856 4
    endloop
  endfacet
  facet normal 0 0 1
    outer loop
      vertex 29.8889 12.3304 4
      vertex 31.7804 16.9231 4
      vertex 31.3921 16.9807 4
    endloop
  endfacet
  facet normal 0 0 1
    outer loop
      vertex 34.5277 -14.8856 4
      vertex 30.2368 -12.015 4
      vertex 34.3259 -15.2223 4
    endloop
  endfacet
  facet normal 0 0 1
    outer loop
      vertex 29.7542 12.4111 4
      vertex 31.3921 16.9807 4
      vertex 31 17 4
    endloop
  endfacet
  facet normal 0 0 1
    outer loop
      vertex 34.3259 -15.2223 4
      vertex 30.2368 -12.015 4
      vertex 34.092 -15.5376 4
    endloop
  endfacet
  facet normal -0 0 1
    outer loop
      vertex 30.1314 -12.1314 4
      vertex 34.092 -15.5376 4
      vertex 30.2368 -12.015 4
    endloop
  endfacet
  facet normal 0 0 1
    outer loop
      vertex 35 13 4
      vertex 30.5923 11.1568 4
      vertex 30.6 11 4
    endloop
  endfacet
  facet normal 0 0 1
    outer loop
      vertex 35 13 4
      vertex 30.5693 11.3121 4
      vertex 30.5923 11.1568 4
    endloop
  endfacet
  facet normal 0 0 1
    outer loop
      vertex 35 13 4
      vertex 30.5311 11.4645 4
      vertex 30.5693 11.3121 4
    endloop
  endfacet
  facet normal 0 0 1
    outer loop
      vertex 35 13 4
      vertex 30.4782 11.6123 4
      vertex 30.5311 11.4645 4
    endloop
  endfacet
  facet normal 0 0 1
    outer loop
      vertex 35 13 4
      vertex 30.4111 11.7542 4
      vertex 30.4782 11.6123 4
    endloop
  endfacet
  facet normal 0 0 1
    outer loop
      vertex 34.9807 13.3921 4
      vertex 30.3304 11.8889 4
      vertex 30.4111 11.7542 4
    endloop
  endfacet
  facet normal 0 0 1
    outer loop
      vertex 34.6955 14.5307 4
      vertex 30.2368 12.015 4
      vertex 30.3304 11.8889 4
    endloop
  endfacet
  facet normal 0 0 1
    outer loop
      vertex 34.092 15.5376 4
      vertex 30.1314 12.1314 4
      vertex 30.2368 12.015 4
    endloop
  endfacet
  facet normal 0 0 1
    outer loop
      vertex 33.2223 16.3259 4
      vertex 30.015 12.2368 4
      vertex 30.1314 12.1314 4
    endloop
  endfacet
  facet normal 0 0 1
    outer loop
      vertex 32.1611 16.8278 4
      vertex 29.8889 12.3304 4
      vertex 30.015 12.2368 4
    endloop
  endfacet
  facet normal 0 0 1
    outer loop
      vertex 31.3921 16.9807 4
      vertex 29.7542 12.4111 4
      vertex 29.8889 12.3304 4
    endloop
  endfacet
  facet normal 0 0 1
    outer loop
      vertex 31 17 4
      vertex 29.6123 12.4782 4
      vertex 29.7542 12.4111 4
    endloop
  endfacet
  facet normal 0 0 1
    outer loop
      vertex 31 17 4
      vertex 29.4645 12.5311 4
      vertex 29.6123 12.4782 4
    endloop
  endfacet
  facet normal 0 0 1
    outer loop
      vertex 31 17 4
      vertex 29.3121 12.5693 4
      vertex 29.4645 12.5311 4
    endloop
  endfacet
  facet normal 0 0 1
    outer loop
      vertex 31 17 4
      vertex 29.1568 12.5923 4
      vertex 29.3121 12.5693 4
    endloop
  endfacet
  facet normal 0 0 1
    outer loop
      vertex 31 17 4
      vertex 29 12.6 4
      vertex 29.1568 12.5923 4
    endloop
  endfacet
  facet normal 0 0 1
    outer loop
      vertex 31 17 4
      vertex 28.8432 12.5923 4
      vertex 29 12.6 4
    endloop
  endfacet
  facet normal 0 0 1
    outer loop
      vertex 31 17 4
      vertex 28.6879 12.5693 4
      vertex 28.8432 12.5923 4
    endloop
  endfacet
  facet normal 0 0 1
    outer loop
      vertex 31 17 4
      vertex 28.5355 12.5311 4
      vertex 28.6879 12.5693 4
    endloop
  endfacet
  facet normal 0 0 1
    outer loop
      vertex 31 17 4
      vertex 28.3877 12.4782 4
      vertex 28.5355 12.5311 4
    endloop
  endfacet
  facet normal 0 0 1
    outer loop
      vertex 31 17 4
      vertex 28.2458 12.4111 4
      vertex 28.3877 12.4782 4
    endloop
  endfacet
  facet normal 0 0 1
    outer loop
      vertex 31 17 4
      vertex 28.1111 12.3304 4
      vertex 28.2458 12.4111 4
    endloop
  endfacet
  facet normal 0 0 1
    outer loop
      vertex 31 17 4
      vertex 27.985 12.2368 4
      vertex 28.1111 12.3304 4
    endloop
  endfacet
  facet normal 0 0 1
    outer loop
      vertex 31 17 4
      vertex 27.8686 12.1314 4
      vertex 27.985 12.2368 4
    endloop
  endfacet
  facet normal 0 0 1
    outer loop
      vertex 31 17 4
      vertex 27.7632 12.015 4
      vertex 27.8686 12.1314 4
    endloop
  endfacet
  facet normal 0 0 1
    outer loop
      vertex 12.5323 2.20096 4
      vertex 27.7632 12.015 4
      vertex 31 17 4
    endloop
  endfacet
  facet normal 0 0 1
    outer loop
      vertex 27.7632 -9.98497 4
      vertex 15.1124 -1.27781 4
      vertex 27.6696 -10.1111 4
    endloop
  endfacet
  facet normal 0 0 1
    outer loop
      vertex 14.0802 2.12492 4
      vertex 27.4 11 4
      vertex 27.4077 11.1568 4
    endloop
  endfacet
  facet normal 0 0 1
    outer loop
      vertex 13.8677 2.20096 4
      vertex 27.4077 11.1568 4
      vertex 27.4307 11.3121 4
    endloop
  endfacet
  facet normal 0 0 1
    outer loop
      vertex 13.6487 2.25581 4
      vertex 27.4307 11.3121 4
      vertex 27.4689 11.4645 4
    endloop
  endfacet
  facet normal 0 0 1
    outer loop
      vertex 13.4254 2.28892 4
      vertex 27.4689 11.4645 4
      vertex 27.5218 11.6123 4
    endloop
  endfacet
  facet normal 0 0 1
    outer loop
      vertex 13.2 2.3 4
      vertex 27.5218 11.6123 4
      vertex 27.5889 11.7542 4
    endloop
  endfacet
  facet normal 0 0 1
    outer loop
      vertex 12.9746 2.28892 4
      vertex 27.5889 11.7542 4
      vertex 27.6696 11.8889 4
    endloop
  endfacet
  facet normal 0 -0 1
    outer loop
      vertex 12.7513 2.25581 4
      vertex 27.7632 12.015 4
      vertex 12.5323 2.20096 4
    endloop
  endfacet
  facet normal 0 0 1
    outer loop
      vertex 28.3877 9.52179 4
      vertex 15.4889 0.225439 4
      vertex 15.5 0 4
    endloop
  endfacet
  facet normal 0 0 1
    outer loop
      vertex 28.2458 9.58893 4
      vertex 15.4558 0.448708 4
      vertex 15.4889 0.225439 4
    endloop
  endfacet
  facet normal 0 0 1
    outer loop
      vertex 28.1111 9.66965 4
      vertex 15.401 0.667654 4
      vertex 15.4558 0.448708 4
    endloop
  endfacet
  facet normal 0 0 1
    outer loop
      vertex 27.985 9.76318 4
      vertex 15.3249 0.880172 4
      vertex 15.401 0.667654 4
    endloop
  endfacet
  facet normal 0 0 1
    outer loop
      vertex 27.8686 9.86863 4
      vertex 15.2284 1.08421 4
      vertex 15.3249 0.880172 4
    endloop
  endfacet
  facet normal 0 0 1
    outer loop
      vertex 27.7632 9.98497 4
      vertex 15.1124 1.27781 4
      vertex 15.2284 1.08421 4
    endloop
  endfacet
  facet normal 0 0 1
    outer loop
      vertex 27.6696 10.1111 4
      vertex 14.9779 1.4591 4
      vertex 15.1124 1.27781 4
    endloop
  endfacet
  facet normal 0 0 1
    outer loop
      vertex 27.5889 10.2458 4
      vertex 14.8263 1.62634 4
      vertex 14.9779 1.4591 4
    endloop
  endfacet
  facet normal 0 0 1
    outer loop
      vertex 27.5218 10.3877 4
      vertex 14.6591 1.77792 4
      vertex 14.8263 1.62634 4
    endloop
  endfacet
  facet normal 0 0 1
    outer loop
      vertex 27.4689 10.5355 4
      vertex 14.4778 1.91238 4
      vertex 14.6591 1.77792 4
    endloop
  endfacet
  facet normal 0 0 1
    outer loop
      vertex 27.4077 10.8432 4
      vertex 14.2842 2.02842 4
      vertex 14.4778 1.91238 4
    endloop
  endfacet
  facet normal 0 0 1
    outer loop
      vertex 27.4 11 4
      vertex 14.0802 2.12492 4
      vertex 14.2842 2.02842 4
    endloop
  endfacet
  facet normal 0 0 1
    outer loop
      vertex 27.4077 11.1568 4
      vertex 13.8677 2.20096 4
      vertex 14.0802 2.12492 4
    endloop
  endfacet
  facet normal 0 0 1
    outer loop
      vertex 27.4307 11.3121 4
      vertex 13.6487 2.25581 4
      vertex 13.8677 2.20096 4
    endloop
  endfacet
  facet normal 0 0 1
    outer loop
      vertex 27.4689 11.4645 4
      vertex 13.4254 2.28892 4
      vertex 13.6487 2.25581 4
    endloop
  endfacet
  facet normal 0 0 1
    outer loop
      vertex 27.5218 11.6123 4
      vertex 13.2 2.3 4
      vertex 13.4254 2.28892 4
    endloop
  endfacet
  facet normal 0 0 1
    outer loop
      vertex 27.5889 11.7542 4
      vertex 12.9746 2.28892 4
      vertex 13.2 2.3 4
    endloop
  endfacet
  facet normal 0 0 1
    outer loop
      vertex 27.6696 11.8889 4
      vertex 12.7513 2.25581 4
      vertex 12.9746 2.28892 4
    endloop
  endfacet
  facet normal 0 0 1
    outer loop
      vertex 27.7632 12.015 4
      vertex 12.7513 2.25581 4
      vertex 27.6696 11.8889 4
    endloop
  endfacet
  facet normal 0 0 1
    outer loop
      vertex 31 17 4
      vertex 12.3198 2.12492 4
      vertex 12.5323 2.20096 4
    endloop
  endfacet
  facet normal 0 0 1
    outer loop
      vertex -12.3198 2.12492 4
      vertex 12.3198 2.12492 4
      vertex 31 17 4
    endloop
  endfacet
  facet normal 0 0 1
    outer loop
      vertex 12.3198 2.12492 4
      vertex -12.3198 2.12492 4
      vertex 12.1158 2.02842 4
    endloop
  endfacet
  facet normal 0 -0 1
    outer loop
      vertex -12.1158 2.02842 4
      vertex 12.1158 2.02842 4
      vertex -12.3198 2.12492 4
    endloop
  endfacet
  facet normal 0 0 1
    outer loop
      vertex 10.9111 0.225439 4
      vertex -10.9 0 4
      vertex 10.9 0 4
    endloop
  endfacet
  facet normal 0 0 1
    outer loop
      vertex -10.9111 0.225439 4
      vertex 10.9111 0.225439 4
      vertex 10.9442 0.448708 4
    endloop
  endfacet
  facet normal 0 0 1
    outer loop
      vertex -10.9442 0.448708 4
      vertex 10.9442 0.448708 4
      vertex 10.999 0.667654 4
    endloop
  endfacet
  facet normal 0 0 1
    outer loop
      vertex -10.999 0.667654 4
      vertex 10.999 0.667654 4
      vertex 11.0751 0.880172 4
    endloop
  endfacet
  facet normal 0 0 1
    outer loop
      vertex -11.0751 0.880172 4
      vertex 11.0751 0.880172 4
      vertex 11.1716 1.08421 4
    endloop
  endfacet
  facet normal 0 0 1
    outer loop
      vertex -11.1716 1.08421 4
      vertex 11.1716 1.08421 4
      vertex 11.2876 1.27781 4
    endloop
  endfacet
  facet normal 0 0 1
    outer loop
      vertex -11.2876 1.27781 4
      vertex 11.2876 1.27781 4
      vertex 11.4221 1.4591 4
    endloop
  endfacet
  facet normal 0 0 1
    outer loop
      vertex -11.4221 1.4591 4
      vertex 11.4221 1.4591 4
      vertex 11.5737 1.62634 4
    endloop
  endfacet
  facet normal 0 0 1
    outer loop
      vertex -11.5737 1.62634 4
      vertex 11.5737 1.62634 4
      vertex 11.7409 1.77792 4
    endloop
  endfacet
  facet normal 0 0 1
    outer loop
      vertex 12.1158 2.02842 4
      vertex -12.1158 2.02842 4
      vertex 11.9222 1.91238 4
    endloop
  endfacet
  facet normal 0 0 1
    outer loop
      vertex 10.9111 0.225439 4
      vertex -10.9111 0.225439 4
      vertex -10.9 0 4
    endloop
  endfacet
  facet normal 0 0 1
    outer loop
      vertex 10.9442 0.448708 4
      vertex -10.9442 0.448708 4
      vertex -10.9111 0.225439 4
    endloop
  endfacet
  facet normal 0 0 1
    outer loop
      vertex 10.999 0.667654 4
      vertex -10.999 0.667654 4
      vertex -10.9442 0.448708 4
    endloop
  endfacet
  facet normal 0 0 1
    outer loop
      vertex 11.0751 0.880172 4
      vertex -11.0751 0.880172 4
      vertex -10.999 0.667654 4
    endloop
  endfacet
  facet normal 0 0 1
    outer loop
      vertex 11.1716 1.08421 4
      vertex -11.1716 1.08421 4
      vertex -11.0751 0.880172 4
    endloop
  endfacet
  facet normal 0 0 1
    outer loop
      vertex 11.2876 1.27781 4
      vertex -11.2876 1.27781 4
      vertex -11.1716 1.08421 4
    endloop
  endfacet
  facet normal 0 0 1
    outer loop
      vertex 11.4221 1.4591 4
      vertex -11.4221 1.4591 4
      vertex -11.2876 1.27781 4
    endloop
  endfacet
  facet normal 0 0 1
    outer loop
      vertex 11.5737 1.62634 4
      vertex -11.5737 1.62634 4
      vertex -11.4221 1.4591 4
    endloop
  endfacet
  facet normal 0 0 1
    outer loop
      vertex 11.7409 1.77792 4
      vertex -11.7409 1.77792 4
      vertex -11.5737 1.62634 4
    endloop
  endfacet
  facet normal 0 0 1
    outer loop
      vertex 11.7409 1.77792 4
      vertex -11.9222 1.91238 4
      vertex -11.7409 1.77792 4
    endloop
  endfacet
  facet normal 0 0 1
    outer loop
      vertex 11.9222 1.91238 4
      vertex -11.9222 1.91238 4
      vertex 11.7409 1.77792 4
    endloop
  endfacet
  facet normal 0 -0 1
    outer loop
      vertex -11.9222 1.91238 4
      vertex 11.9222 1.91238 4
      vertex -12.1158 2.02842 4
    endloop
  endfacet
  facet normal 0 0 1
    outer loop
      vertex 31 17 4
      vertex -12.5323 2.20096 4
      vertex -12.3198 2.12492 4
    endloop
  endfacet
  facet normal -0 0 1
    outer loop
      vertex -31 17 4
      vertex -12.5323 2.20096 4
      vertex 31 17 4
    endloop
  endfacet
  facet normal -0 -0 1
    outer loop
      vertex -27.7632 12.015 4
      vertex -12.5323 2.20096 4
      vertex -31 17 4
    endloop
  endfacet
  facet normal 0 0 1
    outer loop
      vertex -12.5323 2.20096 4
      vertex -27.7632 12.015 4
      vertex -12.7513 2.25581 4
    endloop
  endfacet
  facet normal -0 -0 1
    outer loop
      vertex -27.6696 11.8889 4
      vertex -12.7513 2.25581 4
      vertex -27.7632 12.015 4
    endloop
  endfacet
  facet normal 0 0 1
    outer loop
      vertex -12.7513 2.25581 4
      vertex -27.6696 11.8889 4
      vertex -12.9746 2.28892 4
    endloop
  endfacet
  facet normal -0 -0 1
    outer loop
      vertex -27.5889 11.7542 4
      vertex -12.9746 2.28892 4
      vertex -27.6696 11.8889 4
    endloop
  endfacet
  facet normal 0 0 1
    outer loop
      vertex -14.9779 1.4591 4
      vertex -27.6696 10.1111 4
      vertex -15.1124 1.27781 4
    endloop
  endfacet
  facet normal -0 0 1
    outer loop
      vertex -27.6696 10.1111 4
      vertex -14.9779 1.4591 4
      vertex -27.5889 10.2458 4
    endloop
  endfacet
  facet normal 0 0 1
    outer loop
      vertex -14.8263 1.62634 4
      vertex -27.5889 10.2458 4
      vertex -14.9779 1.4591 4
    endloop
  endfacet
  facet normal -0 0 1
    outer loop
      vertex -27.5889 10.2458 4
      vertex -14.8263 1.62634 4
      vertex -27.5218 10.3877 4
    endloop
  endfacet
  facet normal 0 0 1
    outer loop
      vertex -14.6591 1.77792 4
      vertex -27.5218 10.3877 4
      vertex -14.8263 1.62634 4
    endloop
  endfacet
  facet normal -0 0 1
    outer loop
      vertex -27.5218 10.3877 4
      vertex -14.6591 1.77792 4
      vertex -27.4689 10.5355 4
    endloop
  endfacet
  facet normal 0 0 1
    outer loop
      vertex -14.4778 1.91238 4
      vertex -27.4689 10.5355 4
      vertex -14.6591 1.77792 4
    endloop
  endfacet
  facet normal -0 0 1
    outer loop
      vertex -27.4689 10.5355 4
      vertex -14.4778 1.91238 4
      vertex -27.4307 10.6879 4
    endloop
  endfacet
  facet normal -0 0 1
    outer loop
      vertex -27.4307 10.6879 4
      vertex -14.4778 1.91238 4
      vertex -27.4077 10.8432 4
    endloop
  endfacet
  facet normal 0 0 1
    outer loop
      vertex -14.2842 2.02842 4
      vertex -27.4077 10.8432 4
      vertex -14.4778 1.91238 4
    endloop
  endfacet
  facet normal -0 0 1
    outer loop
      vertex -27.4077 10.8432 4
      vertex -14.2842 2.02842 4
      vertex -27.4 11 4
    endloop
  endfacet
  facet normal 0 0 1
    outer loop
      vertex -14.0802 2.12492 4
      vertex -27.4 11 4
      vertex -14.2842 2.02842 4
    endloop
  endfacet
  facet normal 0 0 1
    outer loop
      vertex -13.8677 2.20096 4
      vertex -27.4 11 4
      vertex -14.0802 2.12492 4
    endloop
  endfacet
  facet normal 0 0 1
    outer loop
      vertex -12.9746 2.28892 4
      vertex -27.5889 11.7542 4
      vertex -13.2 2.3 4
    endloop
  endfacet
  facet normal 0 0 1
    outer loop
      vertex -13.8677 2.20096 4
      vertex -27.4077 11.1568 4
      vertex -27.4 11 4
    endloop
  endfacet
  facet normal 0 0 1
    outer loop
      vertex -13.8677 2.20096 4
      vertex -27.4307 11.3121 4
      vertex -27.4077 11.1568 4
    endloop
  endfacet
  facet normal 0 0 1
    outer loop
      vertex -13.6487 2.25581 4
      vertex -27.4307 11.3121 4
      vertex -13.8677 2.20096 4
    endloop
  endfacet
  facet normal -0 -0 1
    outer loop
      vertex -27.4307 11.3121 4
      vertex -13.6487 2.25581 4
      vertex -27.4689 11.4645 4
    endloop
  endfacet
  facet normal 0 0 1
    outer loop
      vertex -13.4254 2.28892 4
      vertex -27.4689 11.4645 4
      vertex -13.6487 2.25581 4
    endloop
  endfacet
  facet normal -0 -0 1
    outer loop
      vertex -27.4689 11.4645 4
      vertex -13.4254 2.28892 4
      vertex -27.5218 11.6123 4
    endloop
  endfacet
  facet normal 0 0 1
    outer loop
      vertex -13.2 2.3 4
      vertex -27.5218 11.6123 4
      vertex -13.4254 2.28892 4
    endloop
  endfacet
  facet normal -0 -0 1
    outer loop
      vertex -27.5218 11.6123 4
      vertex -13.2 2.3 4
      vertex -27.5889 11.7542 4
    endloop
  endfacet
  facet normal 0 0 1
    outer loop
      vertex -27.7632 12.015 4
      vertex -31 17 4
      vertex -27.8686 12.1314 4
    endloop
  endfacet
  facet normal 0 0 1
    outer loop
      vertex -27.8686 12.1314 4
      vertex -31 17 4
      vertex -27.985 12.2368 4
    endloop
  endfacet
  facet normal 0 0 1
    outer loop
      vertex -27.985 12.2368 4
      vertex -31 17 4
      vertex -28.1111 12.3304 4
    endloop
  endfacet
  facet normal 0 0 1
    outer loop
      vertex -28.1111 12.3304 4
      vertex -31 17 4
      vertex -28.2458 12.4111 4
    endloop
  endfacet
  facet normal 0 0 1
    outer loop
      vertex -28.2458 12.4111 4
      vertex -31 17 4
      vertex -28.3877 12.4782 4
    endloop
  endfacet
  facet normal 0 0 1
    outer loop
      vertex -28.3877 12.4782 4
      vertex -31 17 4
      vertex -28.5355 12.5311 4
    endloop
  endfacet
  facet normal 0 0 1
    outer loop
      vertex -28.5355 12.5311 4
      vertex -31 17 4
      vertex -28.6879 12.5693 4
    endloop
  endfacet
  facet normal 0 0 1
    outer loop
      vertex -28.6879 12.5693 4
      vertex -31 17 4
      vertex -28.8432 12.5923 4
    endloop
  endfacet
  facet normal 0 0 1
    outer loop
      vertex -28.8432 12.5923 4
      vertex -31 17 4
      vertex -29 12.6 4
    endloop
  endfacet
  facet normal -0 0 1
    outer loop
      vertex -34.092 15.5376 4
      vertex -30.1314 12.1314 4
      vertex -33.8284 15.8284 4
    endloop
  endfacet
  facet normal -0 0 1
    outer loop
      vertex -33.8284 15.8284 4
      vertex -30.1314 12.1314 4
      vertex -33.5376 16.092 4
    endloop
  endfacet
  facet normal -0 0 1
    outer loop
      vertex -33.5376 16.092 4
      vertex -30.1314 12.1314 4
      vertex -33.2223 16.3259 4
    endloop
  endfacet
  facet normal 0 0 1
    outer loop
      vertex -30.015 12.2368 4
      vertex -33.2223 16.3259 4
      vertex -30.1314 12.1314 4
    endloop
  endfacet
  facet normal -0 0 1
    outer loop
      vertex -33.2223 16.3259 4
      vertex -30.015 12.2368 4
      vertex -32.8856 16.5277 4
    endloop
  endfacet
  facet normal -0 0 1
    outer loop
      vertex -32.8856 16.5277 4
      vertex -30.015 12.2368 4
      vertex -32.5307 16.6955 4
    endloop
  endfacet
  facet normal -0 0 1
    outer loop
      vertex -32.5307 16.6955 4
      vertex -30.015 12.2368 4
      vertex -32.1611 16.8278 4
    endloop
  endfacet
  facet normal 0 0 1
    outer loop
      vertex -29.8889 12.3304 4
      vertex -32.1611 16.8278 4
      vertex -30.015 12.2368 4
    endloop
  endfacet
  facet normal -0 0 1
    outer loop
      vertex -32.1611 16.8278 4
      vertex -29.8889 12.3304 4
      vertex -31.7804 16.9231 4
    endloop
  endfacet
  facet normal -0 0 1
    outer loop
      vertex -31.7804 16.9231 4
      vertex -29.8889 12.3304 4
      vertex -31.3921 16.9807 4
    endloop
  endfacet
  facet normal 0 0 1
    outer loop
      vertex -29.7542 12.4111 4
      vertex -31.3921 16.9807 4
      vertex -29.8889 12.3304 4
    endloop
  endfacet
  facet normal -0 0 1
    outer loop
      vertex -31.3921 16.9807 4
      vertex -29.7542 12.4111 4
      vertex -31 17 4
    endloop
  endfacet
  facet normal 0 0 1
    outer loop
      vertex -29.6123 12.4782 4
      vertex -31 17 4
      vertex -29.7542 12.4111 4
    endloop
  endfacet
  facet normal 0 0 1
    outer loop
      vertex -29.4645 12.5311 4
      vertex -31 17 4
      vertex -29.6123 12.4782 4
    endloop
  endfacet
  facet normal 0 0 1
    outer loop
      vertex -29.3121 12.5693 4
      vertex -31 17 4
      vertex -29.4645 12.5311 4
    endloop
  endfacet
  facet normal 0 0 1
    outer loop
      vertex -29.1568 12.5923 4
      vertex -31 17 4
      vertex -29.3121 12.5693 4
    endloop
  endfacet
  facet normal 0 0 1
    outer loop
      vertex -29 12.6 4
      vertex -31 17 4
      vertex -29.1568 12.5923 4
    endloop
  endfacet
  facet normal 0 0 1
    outer loop
      vertex 34.092 -15.5376 4
      vertex 30.1314 -12.1314 4
      vertex 33.8284 -15.8284 4
    endloop
  endfacet
  facet normal 0 0 1
    outer loop
      vertex 33.8284 -15.8284 4
      vertex 30.1314 -12.1314 4
      vertex 33.5376 -16.092 4
    endloop
  endfacet
  facet normal 0 0 1
    outer loop
      vertex 33.5376 -16.092 4
      vertex 30.1314 -12.1314 4
      vertex 33.2223 -16.3259 4
    endloop
  endfacet
  facet normal -0 0 1
    outer loop
      vertex 30.015 -12.2368 4
      vertex 33.2223 -16.3259 4
      vertex 30.1314 -12.1314 4
    endloop
  endfacet
  facet normal 0 0 1
    outer loop
      vertex 33.2223 -16.3259 4
      vertex 30.015 -12.2368 4
      vertex 32.8856 -16.5277 4
    endloop
  endfacet
  facet normal 0 0 1
    outer loop
      vertex 32.8856 -16.5277 4
      vertex 30.015 -12.2368 4
      vertex 32.5307 -16.6955 4
    endloop
  endfacet
  facet normal 0 0 1
    outer loop
      vertex 32.5307 -16.6955 4
      vertex 30.015 -12.2368 4
      vertex 32.1611 -16.8278 4
    endloop
  endfacet
  facet normal -0 0 1
    outer loop
      vertex 29.8889 -12.3304 4
      vertex 32.1611 -16.8278 4
      vertex 30.015 -12.2368 4
    endloop
  endfacet
  facet normal 0 0 1
    outer loop
      vertex 32.1611 -16.8278 4
      vertex 29.8889 -12.3304 4
      vertex 31.7804 -16.9231 4
    endloop
  endfacet
  facet normal 0 0 1
    outer loop
      vertex 31.7804 -16.9231 4
      vertex 29.8889 -12.3304 4
      vertex 31.3921 -16.9807 4
    endloop
  endfacet
  facet normal -0 0 1
    outer loop
      vertex 29.7542 -12.4111 4
      vertex 31.3921 -16.9807 4
      vertex 29.8889 -12.3304 4
    endloop
  endfacet
  facet normal 0 0 1
    outer loop
      vertex 31.3921 -16.9807 4
      vertex 29.7542 -12.4111 4
      vertex 31 -17 4
    endloop
  endfacet
  facet normal -0 0 1
    outer loop
      vertex 29.6123 -12.4782 4
      vertex 31 -17 4
      vertex 29.7542 -12.4111 4
    endloop
  endfacet
  facet normal -0 0 1
    outer loop
      vertex 29.4645 -12.5311 4
      vertex 31 -17 4
      vertex 29.6123 -12.4782 4
    endloop
  endfacet
  facet normal -0 0 1
    outer loop
      vertex 29.3121 -12.5693 4
      vertex 31 -17 4
      vertex 29.4645 -12.5311 4
    endloop
  endfacet
  facet normal -0 0 1
    outer loop
      vertex 29.1568 -12.5923 4
      vertex 31 -17 4
      vertex 29.3121 -12.5693 4
    endloop
  endfacet
  facet normal -0 0 1
    outer loop
      vertex 29 -12.6 4
      vertex 31 -17 4
      vertex 29.1568 -12.5923 4
    endloop
  endfacet
  facet normal 0 0 1
    outer loop
      vertex 28.8432 -12.5923 4
      vertex 31 -17 4
      vertex 29 -12.6 4
    endloop
  endfacet
  facet normal 0 0 1
    outer loop
      vertex 28.6879 -12.5693 4
      vertex 31 -17 4
      vertex 28.8432 -12.5923 4
    endloop
  endfacet
  facet normal 0 0 1
    outer loop
      vertex 28.5355 -12.5311 4
      vertex 31 -17 4
      vertex 28.6879 -12.5693 4
    endloop
  endfacet
  facet normal 0 0 1
    outer loop
      vertex 28.3877 -12.4782 4
      vertex 31 -17 4
      vertex 28.5355 -12.5311 4
    endloop
  endfacet
  facet normal 0 0 1
    outer loop
      vertex 28.2458 -12.4111 4
      vertex 31 -17 4
      vertex 28.3877 -12.4782 4
    endloop
  endfacet
  facet normal 0 0 1
    outer loop
      vertex 28.1111 -12.3304 4
      vertex 31 -17 4
      vertex 28.2458 -12.4111 4
    endloop
  endfacet
  facet normal 0 0 1
    outer loop
      vertex 27.985 -12.2368 4
      vertex 31 -17 4
      vertex 28.1111 -12.3304 4
    endloop
  endfacet
  facet normal 0 0 1
    outer loop
      vertex 27.8686 -12.1314 4
      vertex 31 -17 4
      vertex 27.985 -12.2368 4
    endloop
  endfacet
  facet normal 0 0 1
    outer loop
      vertex 27.7632 -12.015 4
      vertex 31 -17 4
      vertex 27.8686 -12.1314 4
    endloop
  endfacet
  facet normal 0 0 1
    outer loop
      vertex 12.7513 -2.25581 4
      vertex 27.7632 -12.015 4
      vertex 27.6696 -11.8889 4
    endloop
  endfacet
  facet normal -0 0 1
    outer loop
      vertex 14.9779 -1.4591 4
      vertex 27.6696 -10.1111 4
      vertex 15.1124 -1.27781 4
    endloop
  endfacet
  facet normal 0 0 1
    outer loop
      vertex 27.6696 -10.1111 4
      vertex 14.9779 -1.4591 4
      vertex 27.5889 -10.2458 4
    endloop
  endfacet
  facet normal -0 0 1
    outer loop
      vertex 14.8263 -1.62634 4
      vertex 27.5889 -10.2458 4
      vertex 14.9779 -1.4591 4
    endloop
  endfacet
  facet normal 0 0 1
    outer loop
      vertex 27.5889 -10.2458 4
      vertex 14.8263 -1.62634 4
      vertex 27.5218 -10.3877 4
    endloop
  endfacet
  facet normal -0 0 1
    outer loop
      vertex 14.6591 -1.77792 4
      vertex 27.5218 -10.3877 4
      vertex 14.8263 -1.62634 4
    endloop
  endfacet
  facet normal 0 0 1
    outer loop
      vertex 27.5218 -10.3877 4
      vertex 14.6591 -1.77792 4
      vertex 27.4689 -10.5355 4
    endloop
  endfacet
  facet normal -0 0 1
    outer loop
      vertex 14.4778 -1.91238 4
      vertex 27.4689 -10.5355 4
      vertex 14.6591 -1.77792 4
    endloop
  endfacet
  facet normal 0 0 1
    outer loop
      vertex 27.4689 -10.5355 4
      vertex 14.4778 -1.91238 4
      vertex 27.4307 -10.6879 4
    endloop
  endfacet
  facet normal 0 0 1
    outer loop
      vertex 27.4307 -10.6879 4
      vertex 14.4778 -1.91238 4
      vertex 27.4077 -10.8432 4
    endloop
  endfacet
  facet normal -0 0 1
    outer loop
      vertex 14.2842 -2.02842 4
      vertex 27.4077 -10.8432 4
      vertex 14.4778 -1.91238 4
    endloop
  endfacet
  facet normal 0 0 1
    outer loop
      vertex 27.4077 -10.8432 4
      vertex 14.2842 -2.02842 4
      vertex 27.4 -11 4
    endloop
  endfacet
  facet normal -0 0 1
    outer loop
      vertex 14.0802 -2.12492 4
      vertex 27.4 -11 4
      vertex 14.2842 -2.02842 4
    endloop
  endfacet
  facet normal 0 0 1
    outer loop
      vertex 27.4 -11 4
      vertex 14.0802 -2.12492 4
      vertex 27.4077 -11.1568 4
    endloop
  endfacet
  facet normal -0 0 1
    outer loop
      vertex 13.8677 -2.20096 4
      vertex 27.4077 -11.1568 4
      vertex 14.0802 -2.12492 4
    endloop
  endfacet
  facet normal 0 0 1
    outer loop
      vertex 27.4077 -11.1568 4
      vertex 13.8677 -2.20096 4
      vertex 27.4307 -11.3121 4
    endloop
  endfacet
  facet normal -0 0 1
    outer loop
      vertex 13.6487 -2.25581 4
      vertex 27.4307 -11.3121 4
      vertex 13.8677 -2.20096 4
    endloop
  endfacet
  facet normal 0 0 1
    outer loop
      vertex 27.4307 -11.3121 4
      vertex 13.6487 -2.25581 4
      vertex 27.4689 -11.4645 4
    endloop
  endfacet
  facet normal -0 0 1
    outer loop
      vertex 13.4254 -2.28892 4
      vertex 27.4689 -11.4645 4
      vertex 13.6487 -2.25581 4
    endloop
  endfacet
  facet normal 0 0 1
    outer loop
      vertex 27.4689 -11.4645 4
      vertex 13.4254 -2.28892 4
      vertex 27.5218 -11.6123 4
    endloop
  endfacet
  facet normal -0 0 1
    outer loop
      vertex 13.2 -2.3 4
      vertex 27.5218 -11.6123 4
      vertex 13.4254 -2.28892 4
    endloop
  endfacet
  facet normal 0 0 1
    outer loop
      vertex 27.5218 -11.6123 4
      vertex 13.2 -2.3 4
      vertex 27.5889 -11.7542 4
    endloop
  endfacet
  facet normal 0 0 1
    outer loop
      vertex 12.9746 -2.28892 4
      vertex 27.5889 -11.7542 4
      vertex 13.2 -2.3 4
    endloop
  endfacet
  facet normal 0 0 1
    outer loop
      vertex 27.5889 -11.7542 4
      vertex 12.9746 -2.28892 4
      vertex 27.6696 -11.8889 4
    endloop
  endfacet
  facet normal 0 0 1
    outer loop
      vertex 12.7513 -2.25581 4
      vertex 27.6696 -11.8889 4
      vertex 12.9746 -2.28892 4
    endloop
  endfacet
  facet normal 0 0 1
    outer loop
      vertex 27.7632 -12.015 4
      vertex 12.7513 -2.25581 4
      vertex 12.5323 -2.20096 4
    endloop
  endfacet
  facet normal 0 0 1
    outer loop
      vertex 27.7632 -12.015 4
      vertex 12.5323 -2.20096 4
      vertex 31 -17 4
    endloop
  endfacet
  facet normal 0 0 1
    outer loop
      vertex 12.3198 -2.12492 4
      vertex 31 -17 4
      vertex 12.5323 -2.20096 4
    endloop
  endfacet
  facet normal 0 0 1
    outer loop
      vertex -12.3198 -2.12492 4
      vertex 12.3198 -2.12492 4
      vertex 12.1158 -2.02842 4
    endloop
  endfacet
  facet normal 0 0 1
    outer loop
      vertex -12.1158 -2.02842 4
      vertex 12.1158 -2.02842 4
      vertex 11.9222 -1.91238 4
    endloop
  endfacet
  facet normal 0 0 1
    outer loop
      vertex -11.9222 -1.91238 4
      vertex 11.9222 -1.91238 4
      vertex 11.7409 -1.77792 4
    endloop
  endfacet
  facet normal -0 0 1
    outer loop
      vertex -10.9 0 4
      vertex 10.9111 -0.225439 4
      vertex 10.9 0 4
    endloop
  endfacet
  facet normal 0 0 1
    outer loop
      vertex -10.9111 -0.225439 4
      vertex 10.9111 -0.225439 4
      vertex -10.9 0 4
    endloop
  endfacet
  facet normal 0 0 1
    outer loop
      vertex 10.9111 -0.225439 4
      vertex -10.9111 -0.225439 4
      vertex 10.9442 -0.448708 4
    endloop
  endfacet
  facet normal 0 0 1
    outer loop
      vertex -10.9442 -0.448708 4
      vertex 10.9442 -0.448708 4
      vertex -10.9111 -0.225439 4
    endloop
  endfacet
  facet normal 0 0 1
    outer loop
      vertex 10.9442 -0.448708 4
      vertex -10.9442 -0.448708 4
      vertex 10.999 -0.667654 4
    endloop
  endfacet
  facet normal 0 0 1
    outer loop
      vertex -10.999 -0.667654 4
      vertex 10.999 -0.667654 4
      vertex -10.9442 -0.448708 4
    endloop
  endfacet
  facet normal 0 0 1
    outer loop
      vertex 10.999 -0.667654 4
      vertex -10.999 -0.667654 4
      vertex 11.0751 -0.880172 4
    endloop
  endfacet
  facet normal 0 0 1
    outer loop
      vertex -11.0751 -0.880172 4
      vertex 11.0751 -0.880172 4
      vertex -10.999 -0.667654 4
    endloop
  endfacet
  facet normal 0 0 1
    outer loop
      vertex 11.0751 -0.880172 4
      vertex -11.0751 -0.880172 4
      vertex 11.1716 -1.08421 4
    endloop
  endfacet
  facet normal 0 0 1
    outer loop
      vertex -11.1716 -1.08421 4
      vertex 11.1716 -1.08421 4
      vertex -11.0751 -0.880172 4
    endloop
  endfacet
  facet normal 0 0 1
    outer loop
      vertex 11.1716 -1.08421 4
      vertex -11.1716 -1.08421 4
      vertex 11.2876 -1.27781 4
    endloop
  endfacet
  facet normal 0 0 1
    outer loop
      vertex -11.2876 -1.27781 4
      vertex 11.2876 -1.27781 4
      vertex -11.1716 -1.08421 4
    endloop
  endfacet
  facet normal 0 0 1
    outer loop
      vertex 11.2876 -1.27781 4
      vertex -11.2876 -1.27781 4
      vertex 11.4221 -1.4591 4
    endloop
  endfacet
  facet normal 0 0 1
    outer loop
      vertex -11.4221 -1.4591 4
      vertex 11.4221 -1.4591 4
      vertex -11.2876 -1.27781 4
    endloop
  endfacet
  facet normal 0 0 1
    outer loop
      vertex 11.4221 -1.4591 4
      vertex -11.4221 -1.4591 4
      vertex 11.5737 -1.62634 4
    endloop
  endfacet
  facet normal 0 0 1
    outer loop
      vertex -11.5737 -1.62634 4
      vertex 11.5737 -1.62634 4
      vertex -11.4221 -1.4591 4
    endloop
  endfacet
  facet normal 0 0 1
    outer loop
      vertex 11.5737 -1.62634 4
      vertex -11.5737 -1.62634 4
      vertex 11.7409 -1.77792 4
    endloop
  endfacet
  facet normal 0 0 1
    outer loop
      vertex -11.7409 -1.77792 4
      vertex 11.7409 -1.77792 4
      vertex -11.5737 -1.62634 4
    endloop
  endfacet
  facet normal 0 0 1
    outer loop
      vertex -11.9222 -1.91238 4
      vertex 11.7409 -1.77792 4
      vertex -11.7409 -1.77792 4
    endloop
  endfacet
  facet normal 0 0 1
    outer loop
      vertex 11.9222 -1.91238 4
      vertex -11.9222 -1.91238 4
      vertex -12.1158 -2.02842 4
    endloop
  endfacet
  facet normal 0 0 1
    outer loop
      vertex 12.1158 -2.02842 4
      vertex -12.1158 -2.02842 4
      vertex -12.3198 -2.12492 4
    endloop
  endfacet
  facet normal 0 0 1
    outer loop
      vertex 12.3198 -2.12492 4
      vertex -12.3198 -2.12492 4
      vertex 31 -17 4
    endloop
  endfacet
  facet normal -0 0 1
    outer loop
      vertex -12.5323 -2.20096 4
      vertex 31 -17 4
      vertex -12.3198 -2.12492 4
    endloop
  endfacet
  facet normal 0 0 1
    outer loop
      vertex -27.7632 -12.015 4
      vertex -12.5323 -2.20096 4
      vertex -12.7513 -2.25581 4
    endloop
  endfacet
  facet normal 0 0 1
    outer loop
      vertex -27.6696 -11.8889 4
      vertex -12.7513 -2.25581 4
      vertex -12.9746 -2.28892 4
    endloop
  endfacet
  facet normal 0 0 1
    outer loop
      vertex -27.5889 -11.7542 4
      vertex -12.9746 -2.28892 4
      vertex -13.2 -2.3 4
    endloop
  endfacet
  facet normal 0 0 1
    outer loop
      vertex -27.5218 -11.6123 4
      vertex -13.2 -2.3 4
      vertex -13.4254 -2.28892 4
    endloop
  endfacet
  facet normal 0 0 1
    outer loop
      vertex -27.4689 -11.4645 4
      vertex -13.4254 -2.28892 4
      vertex -13.6487 -2.25581 4
    endloop
  endfacet
  facet normal 0 0 1
    outer loop
      vertex -27.4307 -11.3121 4
      vertex -13.6487 -2.25581 4
      vertex -13.8677 -2.20096 4
    endloop
  endfacet
  facet normal -0 0 1
    outer loop
      vertex -27.7632 9.98497 4
      vertex -15.1124 1.27781 4
      vertex -27.6696 10.1111 4
    endloop
  endfacet
  facet normal 0 0 1
    outer loop
      vertex -15.5 0 4
      vertex -27.4 -11 4
      vertex -15.4889 -0.225439 4
    endloop
  endfacet
  facet normal 0 0 1
    outer loop
      vertex -15.4889 -0.225439 4
      vertex -27.4 -11 4
      vertex -15.4558 -0.448708 4
    endloop
  endfacet
  facet normal 0 0 1
    outer loop
      vertex -15.4558 -0.448708 4
      vertex -27.4 -11 4
      vertex -15.401 -0.667654 4
    endloop
  endfacet
  facet normal 0 0 1
    outer loop
      vertex -15.401 -0.667654 4
      vertex -27.4 -11 4
      vertex -15.3249 -0.880172 4
    endloop
  endfacet
  facet normal 0 0 1
    outer loop
      vertex -15.3249 -0.880172 4
      vertex -27.4 -11 4
      vertex -15.2284 -1.08421 4
    endloop
  endfacet
  facet normal 0 0 1
    outer loop
      vertex -15.2284 -1.08421 4
      vertex -27.4 -11 4
      vertex -15.1124 -1.27781 4
    endloop
  endfacet
  facet normal 0 0 1
    outer loop
      vertex -15.1124 -1.27781 4
      vertex -27.4 -11 4
      vertex -14.9779 -1.4591 4
    endloop
  endfacet
  facet normal 0 0 1
    outer loop
      vertex -14.9779 -1.4591 4
      vertex -27.4 -11 4
      vertex -14.8263 -1.62634 4
    endloop
  endfacet
  facet normal 0 0 1
    outer loop
      vertex -27.4 -11 4
      vertex -14.6591 -1.77792 4
      vertex -14.8263 -1.62634 4
    endloop
  endfacet
  facet normal 0 0 1
    outer loop
      vertex -27.4 -11 4
      vertex -14.4778 -1.91238 4
      vertex -14.6591 -1.77792 4
    endloop
  endfacet
  facet normal 0 0 1
    outer loop
      vertex -27.4 -11 4
      vertex -14.2842 -2.02842 4
      vertex -14.4778 -1.91238 4
    endloop
  endfacet
  facet normal 0 0 1
    outer loop
      vertex -27.4 -11 4
      vertex -14.0802 -2.12492 4
      vertex -14.2842 -2.02842 4
    endloop
  endfacet
  facet normal 0 0 1
    outer loop
      vertex -27.4 -11 4
      vertex -13.8677 -2.20096 4
      vertex -14.0802 -2.12492 4
    endloop
  endfacet
  facet normal 0 0 1
    outer loop
      vertex -27.4077 -11.1568 4
      vertex -13.8677 -2.20096 4
      vertex -27.4 -11 4
    endloop
  endfacet
  facet normal 0 0 1
    outer loop
      vertex -27.4307 -11.3121 4
      vertex -13.8677 -2.20096 4
      vertex -27.4077 -11.1568 4
    endloop
  endfacet
  facet normal 0 0 1
    outer loop
      vertex -13.6487 -2.25581 4
      vertex -27.4307 -11.3121 4
      vertex -27.4689 -11.4645 4
    endloop
  endfacet
  facet normal 0 0 1
    outer loop
      vertex -13.4254 -2.28892 4
      vertex -27.4689 -11.4645 4
      vertex -27.5218 -11.6123 4
    endloop
  endfacet
  facet normal 0 0 1
    outer loop
      vertex -13.2 -2.3 4
      vertex -27.5218 -11.6123 4
      vertex -27.5889 -11.7542 4
    endloop
  endfacet
  facet normal 0 0 1
    outer loop
      vertex -12.9746 -2.28892 4
      vertex -27.5889 -11.7542 4
      vertex -27.6696 -11.8889 4
    endloop
  endfacet
  facet normal 0 0 1
    outer loop
      vertex -12.7513 -2.25581 4
      vertex -27.6696 -11.8889 4
      vertex -27.7632 -12.015 4
    endloop
  endfacet
  facet normal 0 0 1
    outer loop
      vertex -12.5323 -2.20096 4
      vertex -27.7632 -12.015 4
      vertex -31 -17 4
    endloop
  endfacet
  facet normal 0 0 1
    outer loop
      vertex -31 -17 4
      vertex -27.7632 -12.015 4
      vertex -27.8686 -12.1314 4
    endloop
  endfacet
  facet normal 0 0 1
    outer loop
      vertex -31 -17 4
      vertex -27.8686 -12.1314 4
      vertex -27.985 -12.2368 4
    endloop
  endfacet
  facet normal 0 0 1
    outer loop
      vertex -31 -17 4
      vertex -27.985 -12.2368 4
      vertex -28.1111 -12.3304 4
    endloop
  endfacet
  facet normal 0 0 1
    outer loop
      vertex -31 -17 4
      vertex -28.1111 -12.3304 4
      vertex -28.2458 -12.4111 4
    endloop
  endfacet
  facet normal 0 0 1
    outer loop
      vertex -31 -17 4
      vertex -28.2458 -12.4111 4
      vertex -28.3877 -12.4782 4
    endloop
  endfacet
  facet normal 0 0 1
    outer loop
      vertex -31 -17 4
      vertex -28.3877 -12.4782 4
      vertex -28.5355 -12.5311 4
    endloop
  endfacet
  facet normal 0 0 1
    outer loop
      vertex -31 -17 4
      vertex -28.5355 -12.5311 4
      vertex -28.6879 -12.5693 4
    endloop
  endfacet
  facet normal 0 0 1
    outer loop
      vertex -31 -17 4
      vertex -28.6879 -12.5693 4
      vertex -28.8432 -12.5923 4
    endloop
  endfacet
  facet normal 0 0 1
    outer loop
      vertex -31 -17 4
      vertex -28.8432 -12.5923 4
      vertex -29 -12.6 4
    endloop
  endfacet
  facet normal 0 0 1
    outer loop
      vertex -31 -17 4
      vertex -29 -12.6 4
      vertex -29.1568 -12.5923 4
    endloop
  endfacet
  facet normal 0 0 1
    outer loop
      vertex -12.5323 -2.20096 4
      vertex -31 -17 4
      vertex 31 -17 4
    endloop
  endfacet
  facet normal 0 0 1
    outer loop
      vertex -29.3121 -12.5693 4
      vertex -31 -17 4
      vertex -29.1568 -12.5923 4
    endloop
  endfacet
  facet normal 0 0 1
    outer loop
      vertex -29.4645 -12.5311 4
      vertex -31 -17 4
      vertex -29.3121 -12.5693 4
    endloop
  endfacet
  facet normal 0 0 1
    outer loop
      vertex -29.6123 -12.4782 4
      vertex -31 -17 4
      vertex -29.4645 -12.5311 4
    endloop
  endfacet
  facet normal 0 0 1
    outer loop
      vertex -29.7542 -12.4111 4
      vertex -31 -17 4
      vertex -29.6123 -12.4782 4
    endloop
  endfacet
  facet normal 0 0 1
    outer loop
      vertex -31.3921 -16.9807 4
      vertex -29.7542 -12.4111 4
      vertex -29.8889 -12.3304 4
    endloop
  endfacet
  facet normal 0 0 1
    outer loop
      vertex -32.1611 -16.8278 4
      vertex -29.8889 -12.3304 4
      vertex -30.015 -12.2368 4
    endloop
  endfacet
  facet normal 0 0 1
    outer loop
      vertex -33.2223 -16.3259 4
      vertex -30.015 -12.2368 4
      vertex -30.1314 -12.1314 4
    endloop
  endfacet
  facet normal 0 0 1
    outer loop
      vertex -34.092 -15.5376 4
      vertex -30.1314 -12.1314 4
      vertex -30.2368 -12.015 4
    endloop
  endfacet
  facet normal 0 0 1
    outer loop
      vertex -34.6955 -14.5307 4
      vertex -30.2368 -12.015 4
      vertex -30.3304 -11.8889 4
    endloop
  endfacet
  facet normal 0 0 1
    outer loop
      vertex -34.9807 -13.3921 4
      vertex -30.3304 -11.8889 4
      vertex -30.4111 -11.7542 4
    endloop
  endfacet
  facet normal 0 0 1
    outer loop
      vertex -35 -13 4
      vertex -30.4111 -11.7542 4
      vertex -30.4782 -11.6123 4
    endloop
  endfacet
  facet normal 0 0 1
    outer loop
      vertex -35 -13 4
      vertex -30.4782 -11.6123 4
      vertex -30.5311 -11.4645 4
    endloop
  endfacet
  facet normal 0 0 1
    outer loop
      vertex -35 -13 4
      vertex -30.5311 -11.4645 4
      vertex -30.5693 -11.3121 4
    endloop
  endfacet
  facet normal 0 0 1
    outer loop
      vertex -35 -13 4
      vertex -30.5693 -11.3121 4
      vertex -30.5923 -11.1568 4
    endloop
  endfacet
  facet normal 0 0 1
    outer loop
      vertex -35 -13 4
      vertex -30.5923 -11.1568 4
      vertex -30.6 -11 4
    endloop
  endfacet
  facet normal 0 0 1
    outer loop
      vertex -30.5693 -10.6879 4
      vertex -35 -13 4
      vertex -30.5923 -10.8432 4
    endloop
  endfacet
  facet normal 0 0 1
    outer loop
      vertex -30.1314 12.1314 4
      vertex -34.092 15.5376 4
      vertex -30.2368 12.015 4
    endloop
  endfacet
  facet normal 0 0 1
    outer loop
      vertex -30.5923 -10.8432 4
      vertex -35 -13 4
      vertex -30.6 -11 4
    endloop
  endfacet
  facet normal -0 0 1
    outer loop
      vertex -34.3259 15.2223 4
      vertex -30.2368 12.015 4
      vertex -34.092 15.5376 4
    endloop
  endfacet
  facet normal 0 0 1
    outer loop
      vertex -30.4111 -11.7542 4
      vertex -35 -13 4
      vertex -34.9807 -13.3921 4
    endloop
  endfacet
  facet normal -0 0 1
    outer loop
      vertex -34.5277 14.8856 4
      vertex -30.2368 12.015 4
      vertex -34.3259 15.2223 4
    endloop
  endfacet
  facet normal 0 0 1
    outer loop
      vertex -29.7542 -12.4111 4
      vertex -31.3921 -16.9807 4
      vertex -31 -17 4
    endloop
  endfacet
  facet normal -0 0 1
    outer loop
      vertex -34.6955 14.5307 4
      vertex -30.2368 12.015 4
      vertex -34.5277 14.8856 4
    endloop
  endfacet
  facet normal 0 0 1
    outer loop
      vertex -29.8889 -12.3304 4
      vertex -31.7804 -16.9231 4
      vertex -31.3921 -16.9807 4
    endloop
  endfacet
  facet normal 0 0 1
    outer loop
      vertex -30.2368 12.015 4
      vertex -34.6955 14.5307 4
      vertex -30.3304 11.8889 4
    endloop
  endfacet
  facet normal 0 0 1
    outer loop
      vertex -29.8889 -12.3304 4
      vertex -32.1611 -16.8278 4
      vertex -31.7804 -16.9231 4
    endloop
  endfacet
  facet normal -0 0 1
    outer loop
      vertex -34.8278 14.1611 4
      vertex -30.3304 11.8889 4
      vertex -34.6955 14.5307 4
    endloop
  endfacet
  facet normal 0 0 1
    outer loop
      vertex -30.015 -12.2368 4
      vertex -32.5307 -16.6955 4
      vertex -32.1611 -16.8278 4
    endloop
  endfacet
  facet normal -0 0 1
    outer loop
      vertex -34.9231 13.7804 4
      vertex -30.3304 11.8889 4
      vertex -34.8278 14.1611 4
    endloop
  endfacet
  facet normal 0 0 1
    outer loop
      vertex -30.015 -12.2368 4
      vertex -32.8856 -16.5277 4
      vertex -32.5307 -16.6955 4
    endloop
  endfacet
  facet normal -0 0 1
    outer loop
      vertex -34.9807 13.3921 4
      vertex -30.3304 11.8889 4
      vertex -34.9231 13.7804 4
    endloop
  endfacet
  facet normal 0 0 1
    outer loop
      vertex -30.015 -12.2368 4
      vertex -33.2223 -16.3259 4
      vertex -32.8856 -16.5277 4
    endloop
  endfacet
  facet normal 0 0 1
    outer loop
      vertex -30.3304 11.8889 4
      vertex -34.9807 13.3921 4
      vertex -30.4111 11.7542 4
    endloop
  endfacet
  facet normal 0 0 1
    outer loop
      vertex -30.1314 -12.1314 4
      vertex -33.5376 -16.092 4
      vertex -33.2223 -16.3259 4
    endloop
  endfacet
  facet normal -0 0 1
    outer loop
      vertex -35 13 4
      vertex -30.4111 11.7542 4
      vertex -34.9807 13.3921 4
    endloop
  endfacet
  facet normal 0 0 1
    outer loop
      vertex -30.1314 -12.1314 4
      vertex -33.8284 -15.8284 4
      vertex -33.5376 -16.092 4
    endloop
  endfacet
  facet normal 0 0 1
    outer loop
      vertex -30.4111 11.7542 4
      vertex -35 13 4
      vertex -30.4782 11.6123 4
    endloop
  endfacet
  facet normal 0 0 1
    outer loop
      vertex -30.1314 -12.1314 4
      vertex -34.092 -15.5376 4
      vertex -33.8284 -15.8284 4
    endloop
  endfacet
  facet normal 0 0 1
    outer loop
      vertex -30.4782 11.6123 4
      vertex -35 13 4
      vertex -30.5311 11.4645 4
    endloop
  endfacet
  facet normal 0 0 1
    outer loop
      vertex -30.2368 -12.015 4
      vertex -34.3259 -15.2223 4
      vertex -34.092 -15.5376 4
    endloop
  endfacet
  facet normal 0 0 1
    outer loop
      vertex -30.5311 11.4645 4
      vertex -35 13 4
      vertex -30.5693 11.3121 4
    endloop
  endfacet
  facet normal 0 0 1
    outer loop
      vertex -30.2368 -12.015 4
      vertex -34.5277 -14.8856 4
      vertex -34.3259 -15.2223 4
    endloop
  endfacet
  facet normal 0 0 1
    outer loop
      vertex -30.5693 11.3121 4
      vertex -35 13 4
      vertex -30.5923 11.1568 4
    endloop
  endfacet
  facet normal 0 0 1
    outer loop
      vertex -30.2368 -12.015 4
      vertex -34.6955 -14.5307 4
      vertex -34.5277 -14.8856 4
    endloop
  endfacet
  facet normal 0 0 1
    outer loop
      vertex -30.5923 11.1568 4
      vertex -35 13 4
      vertex -30.6 11 4
    endloop
  endfacet
  facet normal 0 0 1
    outer loop
      vertex -30.3304 -11.8889 4
      vertex -34.8278 -14.1611 4
      vertex -34.6955 -14.5307 4
    endloop
  endfacet
  facet normal 0 0 1
    outer loop
      vertex -30.3304 -11.8889 4
      vertex -34.9231 -13.7804 4
      vertex -34.8278 -14.1611 4
    endloop
  endfacet
  facet normal 0 0 1
    outer loop
      vertex -30.3304 -11.8889 4
      vertex -34.9807 -13.3921 4
      vertex -34.9231 -13.7804 4
    endloop
  endfacet
  facet normal -0.337014 0.9415 0
    outer loop
      vertex -32.1611 16.8278 0
      vertex -32.5307 16.6955 4
      vertex -32.1611 16.8278 4
    endloop
  endfacet
  facet normal -0.337014 0.9415 0
    outer loop
      vertex -32.5307 16.6955 4
      vertex -32.1611 16.8278 0
      vertex -32.5307 16.6955 0
    endloop
  endfacet
  facet normal -0.242835 0.970068 0
    outer loop
      vertex -31.7804 16.9231 0
      vertex -32.1611 16.8278 4
      vertex -31.7804 16.9231 4
    endloop
  endfacet
  facet normal -0.242835 0.970068 0
    outer loop
      vertex -32.1611 16.8278 4
      vertex -31.7804 16.9231 0
      vertex -32.1611 16.8278 0
    endloop
  endfacet
  facet normal 0.970068 0.242835 0
    outer loop
      vertex 34.9231 13.7804 4
      vertex 34.8278 14.1611 0
      vertex 34.8278 14.1611 4
    endloop
  endfacet
  facet normal 0.970068 0.242835 0
    outer loop
      vertex 34.8278 14.1611 0
      vertex 34.9231 13.7804 4
      vertex 34.9231 13.7804 0
    endloop
  endfacet
  facet normal 0.146733 -0.989176 0
    outer loop
      vertex 31.3921 -16.9807 0
      vertex 31.7804 -16.9231 4
      vertex 31.3921 -16.9807 4
    endloop
  endfacet
  facet normal 0.146733 -0.989176 0
    outer loop
      vertex 31.7804 -16.9231 4
      vertex 31.3921 -16.9807 0
      vertex 31.7804 -16.9231 0
    endloop
  endfacet
  facet normal 1 -0 0
    outer loop
      vertex 35 -13 4
      vertex 35 13 0
      vertex 35 13 4
    endloop
  endfacet
  facet normal 1 0 0
    outer loop
      vertex 35 13 0
      vertex 35 -13 4
      vertex 35 -13 0
    endloop
  endfacet
  facet normal 0.970068 -0.242835 0
    outer loop
      vertex 34.8278 -14.1611 4
      vertex 34.9231 -13.7804 0
      vertex 34.9231 -13.7804 4
    endloop
  endfacet
  facet normal 0.970068 -0.242835 0
    outer loop
      vertex 34.9231 -13.7804 0
      vertex 34.8278 -14.1611 4
      vertex 34.8278 -14.1611 0
    endloop
  endfacet
  facet normal 0.514084 -0.85774 0
    outer loop
      vertex 32.8856 -16.5277 0
      vertex 33.2223 -16.3259 4
      vertex 32.8856 -16.5277 4
    endloop
  endfacet
  facet normal 0.514084 -0.85774 0
    outer loop
      vertex 33.2223 -16.3259 4
      vertex 32.8856 -16.5277 0
      vertex 33.2223 -16.3259 0
    endloop
  endfacet
  facet normal 0.337014 -0.9415 0
    outer loop
      vertex 32.1611 -16.8278 0
      vertex 32.5307 -16.6955 4
      vertex 32.1611 -16.8278 4
    endloop
  endfacet
  facet normal 0.337014 -0.9415 0
    outer loop
      vertex 32.5307 -16.6955 4
      vertex 32.1611 -16.8278 0
      vertex 32.5307 -16.6955 0
    endloop
  endfacet
  facet normal -0.989176 -0.146733 0
    outer loop
      vertex -34.9231 -13.7804 0
      vertex -34.9807 -13.3921 4
      vertex -34.9807 -13.3921 0
    endloop
  endfacet
  facet normal -0.989176 -0.146733 0
    outer loop
      vertex -34.9807 -13.3921 4
      vertex -34.9231 -13.7804 0
      vertex -34.9231 -13.7804 4
    endloop
  endfacet
  facet normal -0.970068 -0.242835 0
    outer loop
      vertex -34.8278 -14.1611 0
      vertex -34.9231 -13.7804 4
      vertex -34.9231 -13.7804 0
    endloop
  endfacet
  facet normal -0.970068 -0.242835 0
    outer loop
      vertex -34.9231 -13.7804 4
      vertex -34.8278 -14.1611 0
      vertex -34.8278 -14.1611 4
    endloop
  endfacet
  facet normal -0.595794 0.803137 0
    outer loop
      vertex -33.2223 16.3259 0
      vertex -33.5376 16.092 4
      vertex -33.2223 16.3259 4
    endloop
  endfacet
  facet normal -0.595794 0.803137 0
    outer loop
      vertex -33.5376 16.092 4
      vertex -33.2223 16.3259 0
      vertex -33.5376 16.092 0
    endloop
  endfacet
  facet normal -0.803137 0.595794 0
    outer loop
      vertex -34.3259 15.2223 0
      vertex -34.092 15.5376 4
      vertex -34.092 15.5376 0
    endloop
  endfacet
  facet normal -0.803137 0.595794 0
    outer loop
      vertex -34.092 15.5376 4
      vertex -34.3259 15.2223 0
      vertex -34.3259 15.2223 4
    endloop
  endfacet
  facet normal 0.904044 0.42744 0
    outer loop
      vertex 34.6955 14.5307 4
      vertex 34.5277 14.8856 0
      vertex 34.5277 14.8856 4
    endloop
  endfacet
  facet normal 0.904044 0.42744 0
    outer loop
      vertex 34.5277 14.8856 0
      vertex 34.6955 14.5307 4
      vertex 34.6955 14.5307 0
    endloop
  endfacet
  facet normal -0.740908 0.671607 0
    outer loop
      vertex -34.092 15.5376 0
      vertex -33.8284 15.8284 4
      vertex -33.8284 15.8284 0
    endloop
  endfacet
  facet normal -0.740908 0.671607 0
    outer loop
      vertex -33.8284 15.8284 4
      vertex -34.092 15.5376 0
      vertex -34.092 15.5376 4
    endloop
  endfacet
  facet normal 0.989176 -0.146733 0
    outer loop
      vertex 34.9231 -13.7804 4
      vertex 34.9807 -13.3921 0
      vertex 34.9807 -13.3921 4
    endloop
  endfacet
  facet normal 0.989176 -0.146733 0
    outer loop
      vertex 34.9807 -13.3921 0
      vertex 34.9231 -13.7804 4
      vertex 34.9231 -13.7804 0
    endloop
  endfacet
  facet normal 0.998791 -0.0491626 0
    outer loop
      vertex 34.9807 -13.3921 4
      vertex 35 -13 0
      vertex 35 -13 4
    endloop
  endfacet
  facet normal 0.998791 -0.0491626 0
    outer loop
      vertex 35 -13 0
      vertex 34.9807 -13.3921 4
      vertex 34.9807 -13.3921 0
    endloop
  endfacet
  facet normal 0.989176 0.146733 0
    outer loop
      vertex 34.9807 13.3921 4
      vertex 34.9231 13.7804 0
      vertex 34.9231 13.7804 4
    endloop
  endfacet
  facet normal 0.989176 0.146733 0
    outer loop
      vertex 34.9231 13.7804 0
      vertex 34.9807 13.3921 4
      vertex 34.9807 13.3921 0
    endloop
  endfacet
  facet normal 0.9415 -0.337014 0
    outer loop
      vertex 34.6955 -14.5307 4
      vertex 34.8278 -14.1611 0
      vertex 34.8278 -14.1611 4
    endloop
  endfacet
  facet normal 0.9415 -0.337014 0
    outer loop
      vertex 34.8278 -14.1611 0
      vertex 34.6955 -14.5307 4
      vertex 34.6955 -14.5307 0
    endloop
  endfacet
  facet normal 0.242835 -0.970068 0
    outer loop
      vertex 31.7804 -16.9231 0
      vertex 32.1611 -16.8278 4
      vertex 31.7804 -16.9231 4
    endloop
  endfacet
  facet normal 0.242835 -0.970068 0
    outer loop
      vertex 32.1611 -16.8278 4
      vertex 31.7804 -16.9231 0
      vertex 32.1611 -16.8278 0
    endloop
  endfacet
  facet normal -0.85774 0.514084 0
    outer loop
      vertex -34.5277 14.8856 0
      vertex -34.3259 15.2223 4
      vertex -34.3259 15.2223 0
    endloop
  endfacet
  facet normal -0.85774 0.514084 0
    outer loop
      vertex -34.3259 15.2223 4
      vertex -34.5277 14.8856 0
      vertex -34.5277 14.8856 4
    endloop
  endfacet
  facet normal 0.803137 0.595794 0
    outer loop
      vertex 34.3259 15.2223 4
      vertex 34.092 15.5376 0
      vertex 34.092 15.5376 4
    endloop
  endfacet
  facet normal 0.803137 0.595794 0
    outer loop
      vertex 34.092 15.5376 0
      vertex 34.3259 15.2223 4
      vertex 34.3259 15.2223 0
    endloop
  endfacet
  facet normal -0.595794 -0.803137 0
    outer loop
      vertex -33.5376 -16.092 0
      vertex -33.2223 -16.3259 4
      vertex -33.5376 -16.092 4
    endloop
  endfacet
  facet normal -0.595794 -0.803137 -0
    outer loop
      vertex -33.2223 -16.3259 4
      vertex -33.5376 -16.092 0
      vertex -33.2223 -16.3259 0
    endloop
  endfacet
  facet normal 0.671607 0.740908 -0
    outer loop
      vertex 33.8284 15.8284 0
      vertex 33.5376 16.092 4
      vertex 33.8284 15.8284 4
    endloop
  endfacet
  facet normal 0.671607 0.740908 0
    outer loop
      vertex 33.5376 16.092 4
      vertex 33.8284 15.8284 0
      vertex 33.5376 16.092 0
    endloop
  endfacet
  facet normal 0.9415 0.337014 0
    outer loop
      vertex 34.8278 14.1611 4
      vertex 34.6955 14.5307 0
      vertex 34.6955 14.5307 4
    endloop
  endfacet
  facet normal 0.9415 0.337014 0
    outer loop
      vertex 34.6955 14.5307 0
      vertex 34.8278 14.1611 4
      vertex 34.8278 14.1611 0
    endloop
  endfacet
  facet normal 0.989189 -0.146649 0
    outer loop
      vertex -15.4889 0.225439 4
      vertex -15.4558 0.448708 0
      vertex -15.4558 0.448708 4
    endloop
  endfacet
  facet normal 0.989189 -0.146649 0
    outer loop
      vertex -15.4558 0.448708 0
      vertex -15.4889 0.225439 4
      vertex -15.4889 0.225439 0
    endloop
  endfacet
  facet normal -0.989189 -0.146649 0
    outer loop
      vertex -10.9111 0.225439 0
      vertex -10.9442 0.448708 4
      vertex -10.9442 0.448708 0
    endloop
  endfacet
  facet normal -0.989189 -0.146649 0
    outer loop
      vertex -10.9442 0.448708 4
      vertex -10.9111 0.225439 0
      vertex -10.9111 0.225439 4
    endloop
  endfacet
  facet normal -0.99879 -0.0491777 0
    outer loop
      vertex -10.9 0 0
      vertex -10.9111 0.225439 4
      vertex -10.9111 0.225439 0
    endloop
  endfacet
  facet normal -0.99879 -0.0491777 0
    outer loop
      vertex -10.9111 0.225439 4
      vertex -10.9 0 0
      vertex -10.9 0 4
    endloop
  endfacet
  facet normal -0.970076 -0.2428 0
    outer loop
      vertex -10.9442 0.448708 0
      vertex -10.999 0.667654 4
      vertex -10.999 0.667654 0
    endloop
  endfacet
  facet normal -0.970076 -0.2428 0
    outer loop
      vertex -10.999 0.667654 4
      vertex -10.9442 0.448708 0
      vertex -10.9442 0.448708 4
    endloop
  endfacet
  facet normal -0.42761 -0.903963 0
    outer loop
      vertex -12.3198 2.12492 0
      vertex -12.1158 2.02842 4
      vertex -12.3198 2.12492 4
    endloop
  endfacet
  facet normal -0.42761 -0.903963 -0
    outer loop
      vertex -12.1158 2.02842 4
      vertex -12.3198 2.12492 0
      vertex -12.1158 2.02842 0
    endloop
  endfacet
  facet normal 0.242952 -0.970038 0
    outer loop
      vertex -13.8677 2.20096 0
      vertex -13.6487 2.25581 4
      vertex -13.8677 2.20096 4
    endloop
  endfacet
  facet normal 0.242952 -0.970038 0
    outer loop
      vertex -13.6487 2.25581 4
      vertex -13.8677 2.20096 0
      vertex -13.6487 2.25581 0
    endloop
  endfacet
  facet normal 0.146672 -0.989185 0
    outer loop
      vertex -13.6487 2.25581 0
      vertex -13.4254 2.28892 4
      vertex -13.6487 2.25581 4
    endloop
  endfacet
  facet normal 0.146672 -0.989185 0
    outer loop
      vertex -13.4254 2.28892 4
      vertex -13.6487 2.25581 0
      vertex -13.4254 2.28892 0
    endloop
  endfacet
  facet normal -0.42761 0.903963 0
    outer loop
      vertex -12.1158 -2.02842 0
      vertex -12.3198 -2.12492 4
      vertex -12.1158 -2.02842 4
    endloop
  endfacet
  facet normal -0.42761 0.903963 0
    outer loop
      vertex -12.3198 -2.12492 4
      vertex -12.1158 -2.02842 0
      vertex -12.3198 -2.12492 0
    endloop
  endfacet
  facet normal -0.99879 0.0491777 0
    outer loop
      vertex -10.9111 -0.225439 0
      vertex -10.9 0 4
      vertex -10.9 0 0
    endloop
  endfacet
  facet normal -0.99879 0.0491777 0
    outer loop
      vertex -10.9 0 4
      vertex -10.9111 -0.225439 0
      vertex -10.9111 -0.225439 4
    endloop
  endfacet
  facet normal 0.671653 0.740866 -0
    outer loop
      vertex -14.6591 -1.77792 0
      vertex -14.8263 -1.62634 4
      vertex -14.6591 -1.77792 4
    endloop
  endfacet
  facet normal 0.671653 0.740866 0
    outer loop
      vertex -14.8263 -1.62634 4
      vertex -14.6591 -1.77792 0
      vertex -14.8263 -1.62634 0
    endloop
  endfacet
  facet normal -0.80311 0.595831 0
    outer loop
      vertex -11.4221 -1.4591 0
      vertex -11.2876 -1.27781 4
      vertex -11.2876 -1.27781 0
    endloop
  endfacet
  facet normal -0.80311 0.595831 0
    outer loop
      vertex -11.2876 -1.27781 4
      vertex -11.4221 -1.4591 0
      vertex -11.4221 -1.4591 4
    endloop
  endfacet
  facet normal 0.989189 0.146649 0
    outer loop
      vertex -15.4558 -0.448708 4
      vertex -15.4889 -0.225439 0
      vertex -15.4889 -0.225439 4
    endloop
  endfacet
  facet normal 0.989189 0.146649 0
    outer loop
      vertex -15.4889 -0.225439 0
      vertex -15.4558 -0.448708 4
      vertex -15.4558 -0.448708 0
    endloop
  endfacet
  facet normal 0.857806 0.513974 0
    outer loop
      vertex -15.1124 -1.27781 4
      vertex -15.2284 -1.08421 0
      vertex -15.2284 -1.08421 4
    endloop
  endfacet
  facet normal 0.857806 0.513974 0
    outer loop
      vertex -15.2284 -1.08421 0
      vertex -15.1124 -1.27781 4
      vertex -15.1124 -1.27781 0
    endloop
  endfacet
  facet normal -0.514105 -0.857727 0
    outer loop
      vertex -12.1158 2.02842 0
      vertex -11.9222 1.91238 4
      vertex -12.1158 2.02842 4
    endloop
  endfacet
  facet normal -0.514105 -0.857727 -0
    outer loop
      vertex -11.9222 1.91238 4
      vertex -12.1158 2.02842 0
      vertex -11.9222 1.91238 0
    endloop
  endfacet
  facet normal 0.80311 0.595831 0
    outer loop
      vertex -14.9779 -1.4591 4
      vertex -15.1124 -1.27781 0
      vertex -15.1124 -1.27781 4
    endloop
  endfacet
  facet normal 0.80311 0.595831 0
    outer loop
      vertex -15.1124 -1.27781 0
      vertex -14.9779 -1.4591 4
      vertex -14.9779 -1.4591 0
    endloop
  endfacet
  facet normal -0.740902 0.671614 0
    outer loop
      vertex -11.5737 -1.62634 0
      vertex -11.4221 -1.4591 4
      vertex -11.4221 -1.4591 0
    endloop
  endfacet
  facet normal -0.740902 0.671614 0
    outer loop
      vertex -11.4221 -1.4591 4
      vertex -11.5737 -1.62634 0
      vertex -11.5737 -1.62634 4
    endloop
  endfacet
  facet normal -0.0490978 -0.998794 0
    outer loop
      vertex -13.2 2.3 0
      vertex -12.9746 2.28892 4
      vertex -13.2 2.3 4
    endloop
  endfacet
  facet normal -0.0490978 -0.998794 -0
    outer loop
      vertex -12.9746 2.28892 4
      vertex -13.2 2.3 0
      vertex -12.9746 2.28892 0
    endloop
  endfacet
  facet normal 0.94146 0.337125 0
    outer loop
      vertex -15.3249 -0.880172 4
      vertex -15.401 -0.667654 0
      vertex -15.401 -0.667654 4
    endloop
  endfacet
  facet normal 0.94146 0.337125 0
    outer loop
      vertex -15.401 -0.667654 0
      vertex -15.3249 -0.880172 4
      vertex -15.3249 -0.880172 0
    endloop
  endfacet
  facet normal -0.146672 -0.989185 0
    outer loop
      vertex -12.9746 2.28892 0
      vertex -12.7513 2.25581 4
      vertex -12.9746 2.28892 4
    endloop
  endfacet
  facet normal -0.146672 -0.989185 -0
    outer loop
      vertex -12.7513 2.25581 4
      vertex -12.9746 2.28892 0
      vertex -12.7513 2.25581 0
    endloop
  endfacet
  facet normal 0.970076 -0.2428 0
    outer loop
      vertex -15.4558 0.448708 4
      vertex -15.401 0.667654 0
      vertex -15.401 0.667654 4
    endloop
  endfacet
  facet normal 0.970076 -0.2428 0
    outer loop
      vertex -15.401 0.667654 0
      vertex -15.4558 0.448708 4
      vertex -15.4558 0.448708 0
    endloop
  endfacet
  facet normal -0.857806 -0.513974 0
    outer loop
      vertex -11.1716 1.08421 0
      vertex -11.2876 1.27781 4
      vertex -11.2876 1.27781 0
    endloop
  endfacet
  facet normal -0.857806 -0.513974 0
    outer loop
      vertex -11.2876 1.27781 4
      vertex -11.1716 1.08421 0
      vertex -11.1716 1.08421 4
    endloop
  endfacet
  facet normal 0.336915 -0.941535 0
    outer loop
      vertex -14.0802 2.12492 0
      vertex -13.8677 2.20096 4
      vertex -14.0802 2.12492 4
    endloop
  endfacet
  facet normal 0.336915 -0.941535 0
    outer loop
      vertex -13.8677 2.20096 4
      vertex -14.0802 2.12492 0
      vertex -13.8677 2.20096 0
    endloop
  endfacet
  facet normal -0.146672 0.989185 0
    outer loop
      vertex -12.7513 -2.25581 0
      vertex -12.9746 -2.28892 4
      vertex -12.7513 -2.25581 4
    endloop
  endfacet
  facet normal -0.146672 0.989185 0
    outer loop
      vertex -12.9746 -2.28892 4
      vertex -12.7513 -2.25581 0
      vertex -12.9746 -2.28892 0
    endloop
  endfacet
  facet normal 0.99879 0.0491777 0
    outer loop
      vertex -15.4889 -0.225439 4
      vertex -15.5 0 0
      vertex -15.5 0 4
    endloop
  endfacet
  facet normal 0.99879 0.0491777 0
    outer loop
      vertex -15.5 0 0
      vertex -15.4889 -0.225439 4
      vertex -15.4889 -0.225439 0
    endloop
  endfacet
  facet normal -0.0490978 0.998794 0
    outer loop
      vertex -12.9746 -2.28892 0
      vertex -13.2 -2.3 4
      vertex -12.9746 -2.28892 4
    endloop
  endfacet
  facet normal -0.0490978 0.998794 0
    outer loop
      vertex -13.2 -2.3 4
      vertex -12.9746 -2.28892 0
      vertex -13.2 -2.3 0
    endloop
  endfacet
  facet normal -0.80311 -0.595831 0
    outer loop
      vertex -11.2876 1.27781 0
      vertex -11.4221 1.4591 4
      vertex -11.4221 1.4591 0
    endloop
  endfacet
  facet normal -0.80311 -0.595831 0
    outer loop
      vertex -11.4221 1.4591 4
      vertex -11.2876 1.27781 0
      vertex -11.2876 1.27781 4
    endloop
  endfacet
  facet normal -0.671653 0.740866 0
    outer loop
      vertex -11.5737 -1.62634 0
      vertex -11.7409 -1.77792 4
      vertex -11.5737 -1.62634 4
    endloop
  endfacet
  facet normal -0.671653 0.740866 0
    outer loop
      vertex -11.7409 -1.77792 4
      vertex -11.5737 -1.62634 0
      vertex -11.7409 -1.77792 0
    endloop
  endfacet
  facet normal 0.146672 0.989185 -0
    outer loop
      vertex -13.4254 -2.28892 0
      vertex -13.6487 -2.25581 4
      vertex -13.4254 -2.28892 4
    endloop
  endfacet
  facet normal 0.146672 0.989185 0
    outer loop
      vertex -13.6487 -2.25581 4
      vertex -13.4254 -2.28892 0
      vertex -13.6487 -2.25581 0
    endloop
  endfacet
  facet normal 0.42761 0.903963 -0
    outer loop
      vertex -14.0802 -2.12492 0
      vertex -14.2842 -2.02842 4
      vertex -14.0802 -2.12492 4
    endloop
  endfacet
  facet normal 0.42761 0.903963 0
    outer loop
      vertex -14.2842 -2.02842 4
      vertex -14.0802 -2.12492 0
      vertex -14.2842 -2.02842 0
    endloop
  endfacet
  facet normal 0.740902 0.671614 0
    outer loop
      vertex -14.8263 -1.62634 4
      vertex -14.9779 -1.4591 0
      vertex -14.9779 -1.4591 4
    endloop
  endfacet
  facet normal 0.740902 0.671614 0
    outer loop
      vertex -14.9779 -1.4591 0
      vertex -14.8263 -1.62634 4
      vertex -14.8263 -1.62634 0
    endloop
  endfacet
  facet normal 0.595696 0.80321 -0
    outer loop
      vertex -14.4778 -1.91238 0
      vertex -14.6591 -1.77792 4
      vertex -14.4778 -1.91238 4
    endloop
  endfacet
  facet normal 0.595696 0.80321 0
    outer loop
      vertex -14.6591 -1.77792 4
      vertex -14.4778 -1.91238 0
      vertex -14.6591 -1.77792 0
    endloop
  endfacet
  facet normal -0.336915 -0.941535 0
    outer loop
      vertex -12.5323 2.20096 0
      vertex -12.3198 2.12492 4
      vertex -12.5323 2.20096 4
    endloop
  endfacet
  facet normal -0.336915 -0.941535 -0
    outer loop
      vertex -12.3198 2.12492 4
      vertex -12.5323 2.20096 0
      vertex -12.3198 2.12492 0
    endloop
  endfacet
  facet normal 0.970076 0.2428 0
    outer loop
      vertex -15.401 -0.667654 4
      vertex -15.4558 -0.448708 0
      vertex -15.4558 -0.448708 4
    endloop
  endfacet
  facet normal 0.970076 0.2428 0
    outer loop
      vertex -15.4558 -0.448708 0
      vertex -15.401 -0.667654 4
      vertex -15.401 -0.667654 0
    endloop
  endfacet
  facet normal -0.94146 0.337125 0
    outer loop
      vertex -11.0751 -0.880172 0
      vertex -10.999 -0.667654 4
      vertex -10.999 -0.667654 0
    endloop
  endfacet
  facet normal -0.94146 0.337125 0
    outer loop
      vertex -10.999 -0.667654 4
      vertex -11.0751 -0.880172 0
      vertex -11.0751 -0.880172 4
    endloop
  endfacet
  facet normal -0.740902 -0.671614 0
    outer loop
      vertex -11.4221 1.4591 0
      vertex -11.5737 1.62634 4
      vertex -11.5737 1.62634 0
    endloop
  endfacet
  facet normal -0.740902 -0.671614 0
    outer loop
      vertex -11.5737 1.62634 4
      vertex -11.4221 1.4591 0
      vertex -11.4221 1.4591 4
    endloop
  endfacet
  facet normal 0.336915 0.941535 -0
    outer loop
      vertex -13.8677 -2.20096 0
      vertex -14.0802 -2.12492 4
      vertex -13.8677 -2.20096 4
    endloop
  endfacet
  facet normal 0.336915 0.941535 0
    outer loop
      vertex -14.0802 -2.12492 4
      vertex -13.8677 -2.20096 0
      vertex -14.0802 -2.12492 0
    endloop
  endfacet
  facet normal -0.336915 0.941535 0
    outer loop
      vertex -12.3198 -2.12492 0
      vertex -12.5323 -2.20096 4
      vertex -12.3198 -2.12492 4
    endloop
  endfacet
  facet normal -0.336915 0.941535 0
    outer loop
      vertex -12.5323 -2.20096 4
      vertex -12.3198 -2.12492 0
      vertex -12.5323 -2.20096 0
    endloop
  endfacet
  facet normal -0.94146 -0.337125 0
    outer loop
      vertex -10.999 0.667654 0
      vertex -11.0751 0.880172 4
      vertex -11.0751 0.880172 0
    endloop
  endfacet
  facet normal -0.94146 -0.337125 0
    outer loop
      vertex -11.0751 0.880172 4
      vertex -10.999 0.667654 0
      vertex -10.999 0.667654 4
    endloop
  endfacet
  facet normal 0.42761 -0.903963 0
    outer loop
      vertex -14.2842 2.02842 0
      vertex -14.0802 2.12492 4
      vertex -14.2842 2.02842 4
    endloop
  endfacet
  facet normal 0.42761 -0.903963 0
    outer loop
      vertex -14.0802 2.12492 4
      vertex -14.2842 2.02842 0
      vertex -14.0802 2.12492 0
    endloop
  endfacet
  facet normal -0.595696 -0.80321 0
    outer loop
      vertex -11.9222 1.91238 0
      vertex -11.7409 1.77792 4
      vertex -11.9222 1.91238 4
    endloop
  endfacet
  facet normal -0.595696 -0.80321 -0
    outer loop
      vertex -11.7409 1.77792 4
      vertex -11.9222 1.91238 0
      vertex -11.7409 1.77792 0
    endloop
  endfacet
  facet normal -0.970076 0.2428 0
    outer loop
      vertex -10.999 -0.667654 0
      vertex -10.9442 -0.448708 4
      vertex -10.9442 -0.448708 0
    endloop
  endfacet
  facet normal -0.970076 0.2428 0
    outer loop
      vertex -10.9442 -0.448708 4
      vertex -10.999 -0.667654 0
      vertex -10.999 -0.667654 4
    endloop
  endfacet
  facet normal -0.903994 -0.427545 0
    outer loop
      vertex -11.0751 0.880172 0
      vertex -11.1716 1.08421 4
      vertex -11.1716 1.08421 0
    endloop
  endfacet
  facet normal -0.903994 -0.427545 0
    outer loop
      vertex -11.1716 1.08421 4
      vertex -11.0751 0.880172 0
      vertex -11.0751 0.880172 4
    endloop
  endfacet
  facet normal -0.989189 0.146649 0
    outer loop
      vertex -10.9442 -0.448708 0
      vertex -10.9111 -0.225439 4
      vertex -10.9111 -0.225439 0
    endloop
  endfacet
  facet normal -0.989189 0.146649 0
    outer loop
      vertex -10.9111 -0.225439 4
      vertex -10.9442 -0.448708 0
      vertex -10.9442 -0.448708 4
    endloop
  endfacet
  facet normal -0.242952 -0.970038 0
    outer loop
      vertex -12.7513 2.25581 0
      vertex -12.5323 2.20096 4
      vertex -12.7513 2.25581 4
    endloop
  endfacet
  facet normal -0.242952 -0.970038 -0
    outer loop
      vertex -12.5323 2.20096 4
      vertex -12.7513 2.25581 0
      vertex -12.5323 2.20096 0
    endloop
  endfacet
  facet normal 0.0490978 -0.998794 0
    outer loop
      vertex -13.4254 2.28892 0
      vertex -13.2 2.3 4
      vertex -13.4254 2.28892 4
    endloop
  endfacet
  facet normal 0.0490978 -0.998794 0
    outer loop
      vertex -13.2 2.3 4
      vertex -13.4254 2.28892 0
      vertex -13.2 2.3 0
    endloop
  endfacet
  facet normal 0.671653 -0.740866 0
    outer loop
      vertex -14.8263 1.62634 0
      vertex -14.6591 1.77792 4
      vertex -14.8263 1.62634 4
    endloop
  endfacet
  facet normal 0.671653 -0.740866 0
    outer loop
      vertex -14.6591 1.77792 4
      vertex -14.8263 1.62634 0
      vertex -14.6591 1.77792 0
    endloop
  endfacet
  facet normal -0.514105 0.857727 0
    outer loop
      vertex -11.9222 -1.91238 0
      vertex -12.1158 -2.02842 4
      vertex -11.9222 -1.91238 4
    endloop
  endfacet
  facet normal -0.514105 0.857727 0
    outer loop
      vertex -12.1158 -2.02842 4
      vertex -11.9222 -1.91238 0
      vertex -12.1158 -2.02842 0
    endloop
  endfacet
  facet normal -0.903994 0.427545 0
    outer loop
      vertex -11.1716 -1.08421 0
      vertex -11.0751 -0.880172 4
      vertex -11.0751 -0.880172 0
    endloop
  endfacet
  facet normal -0.903994 0.427545 0
    outer loop
      vertex -11.0751 -0.880172 4
      vertex -11.1716 -1.08421 0
      vertex -11.1716 -1.08421 4
    endloop
  endfacet
  facet normal 0.740902 -0.671614 0
    outer loop
      vertex -14.9779 1.4591 4
      vertex -14.8263 1.62634 0
      vertex -14.8263 1.62634 4
    endloop
  endfacet
  facet normal 0.740902 -0.671614 0
    outer loop
      vertex -14.8263 1.62634 0
      vertex -14.9779 1.4591 4
      vertex -14.9779 1.4591 0
    endloop
  endfacet
  facet normal 0.80311 -0.595831 0
    outer loop
      vertex -15.1124 1.27781 4
      vertex -14.9779 1.4591 0
      vertex -14.9779 1.4591 4
    endloop
  endfacet
  facet normal 0.80311 -0.595831 0
    outer loop
      vertex -14.9779 1.4591 0
      vertex -15.1124 1.27781 4
      vertex -15.1124 1.27781 0
    endloop
  endfacet
  facet normal 0.514105 0.857727 -0
    outer loop
      vertex -14.2842 -2.02842 0
      vertex -14.4778 -1.91238 4
      vertex -14.2842 -2.02842 4
    endloop
  endfacet
  facet normal 0.514105 0.857727 0
    outer loop
      vertex -14.4778 -1.91238 4
      vertex -14.2842 -2.02842 0
      vertex -14.4778 -1.91238 0
    endloop
  endfacet
  facet normal -0.671653 -0.740866 0
    outer loop
      vertex -11.7409 1.77792 0
      vertex -11.5737 1.62634 4
      vertex -11.7409 1.77792 4
    endloop
  endfacet
  facet normal -0.671653 -0.740866 -0
    outer loop
      vertex -11.5737 1.62634 4
      vertex -11.7409 1.77792 0
      vertex -11.5737 1.62634 0
    endloop
  endfacet
  facet normal 0.595696 -0.80321 0
    outer loop
      vertex -14.6591 1.77792 0
      vertex -14.4778 1.91238 4
      vertex -14.6591 1.77792 4
    endloop
  endfacet
  facet normal 0.595696 -0.80321 0
    outer loop
      vertex -14.4778 1.91238 4
      vertex -14.6591 1.77792 0
      vertex -14.4778 1.91238 0
    endloop
  endfacet
  facet normal -0.595696 0.80321 0
    outer loop
      vertex -11.7409 -1.77792 0
      vertex -11.9222 -1.91238 4
      vertex -11.7409 -1.77792 4
    endloop
  endfacet
  facet normal -0.595696 0.80321 0
    outer loop
      vertex -11.9222 -1.91238 4
      vertex -11.7409 -1.77792 0
      vertex -11.9222 -1.91238 0
    endloop
  endfacet
  facet normal -0.857806 0.513974 0
    outer loop
      vertex -11.2876 -1.27781 0
      vertex -11.1716 -1.08421 4
      vertex -11.1716 -1.08421 0
    endloop
  endfacet
  facet normal -0.857806 0.513974 0
    outer loop
      vertex -11.1716 -1.08421 4
      vertex -11.2876 -1.27781 0
      vertex -11.2876 -1.27781 4
    endloop
  endfacet
  facet normal 0.0490978 0.998794 -0
    outer loop
      vertex -13.2 -2.3 0
      vertex -13.4254 -2.28892 4
      vertex -13.2 -2.3 4
    endloop
  endfacet
  facet normal 0.0490978 0.998794 0
    outer loop
      vertex -13.4254 -2.28892 4
      vertex -13.2 -2.3 0
      vertex -13.4254 -2.28892 0
    endloop
  endfacet
  facet normal -0.242952 0.970038 0
    outer loop
      vertex -12.5323 -2.20096 0
      vertex -12.7513 -2.25581 4
      vertex -12.5323 -2.20096 4
    endloop
  endfacet
  facet normal -0.242952 0.970038 0
    outer loop
      vertex -12.7513 -2.25581 4
      vertex -12.5323 -2.20096 0
      vertex -12.7513 -2.25581 0
    endloop
  endfacet
  facet normal 0.514105 -0.857727 0
    outer loop
      vertex -14.4778 1.91238 0
      vertex -14.2842 2.02842 4
      vertex -14.4778 1.91238 4
    endloop
  endfacet
  facet normal 0.514105 -0.857727 0
    outer loop
      vertex -14.2842 2.02842 4
      vertex -14.4778 1.91238 0
      vertex -14.2842 2.02842 0
    endloop
  endfacet
  facet normal 0.94146 -0.337125 0
    outer loop
      vertex -15.401 0.667654 4
      vertex -15.3249 0.880172 0
      vertex -15.3249 0.880172 4
    endloop
  endfacet
  facet normal 0.94146 -0.337125 0
    outer loop
      vertex -15.3249 0.880172 0
      vertex -15.401 0.667654 4
      vertex -15.401 0.667654 0
    endloop
  endfacet
  facet normal 0.99879 -0.0491777 0
    outer loop
      vertex -15.5 0 4
      vertex -15.4889 0.225439 0
      vertex -15.4889 0.225439 4
    endloop
  endfacet
  facet normal 0.99879 -0.0491777 0
    outer loop
      vertex -15.4889 0.225439 0
      vertex -15.5 0 4
      vertex -15.5 0 0
    endloop
  endfacet
  facet normal 0.242952 0.970038 -0
    outer loop
      vertex -13.6487 -2.25581 0
      vertex -13.8677 -2.20096 4
      vertex -13.6487 -2.25581 4
    endloop
  endfacet
  facet normal 0.242952 0.970038 0
    outer loop
      vertex -13.8677 -2.20096 4
      vertex -13.6487 -2.25581 0
      vertex -13.8677 -2.20096 0
    endloop
  endfacet
  facet normal 0.903994 0.427545 0
    outer loop
      vertex -15.2284 -1.08421 4
      vertex -15.3249 -0.880172 0
      vertex -15.3249 -0.880172 4
    endloop
  endfacet
  facet normal 0.903994 0.427545 0
    outer loop
      vertex -15.3249 -0.880172 0
      vertex -15.2284 -1.08421 4
      vertex -15.2284 -1.08421 0
    endloop
  endfacet
  facet normal 0.903994 -0.427545 0
    outer loop
      vertex -15.3249 0.880172 4
      vertex -15.2284 1.08421 0
      vertex -15.2284 1.08421 4
    endloop
  endfacet
  facet normal 0.903994 -0.427545 0
    outer loop
      vertex -15.2284 1.08421 0
      vertex -15.3249 0.880172 4
      vertex -15.3249 0.880172 0
    endloop
  endfacet
  facet normal 0.857806 -0.513974 0
    outer loop
      vertex -15.2284 1.08421 4
      vertex -15.1124 1.27781 0
      vertex -15.1124 1.27781 4
    endloop
  endfacet
  facet normal 0.857806 -0.513974 0
    outer loop
      vertex -15.1124 1.27781 0
      vertex -15.2284 1.08421 4
      vertex -15.2284 1.08421 0
    endloop
  endfacet
  facet normal 0.336915 0.941535 -0
    outer loop
      vertex 12.5323 -2.20096 0
      vertex 12.3198 -2.12492 4
      vertex 12.5323 -2.20096 4
    endloop
  endfacet
  facet normal 0.336915 0.941535 0
    outer loop
      vertex 12.3198 -2.12492 4
      vertex 12.5323 -2.20096 0
      vertex 12.3198 -2.12492 0
    endloop
  endfacet
  facet normal -0.989189 -0.146649 0
    outer loop
      vertex 15.4889 0.225439 0
      vertex 15.4558 0.448708 4
      vertex 15.4558 0.448708 0
    endloop
  endfacet
  facet normal -0.989189 -0.146649 0
    outer loop
      vertex 15.4558 0.448708 4
      vertex 15.4889 0.225439 0
      vertex 15.4889 0.225439 4
    endloop
  endfacet
  facet normal -0.99879 -0.0491777 0
    outer loop
      vertex 15.5 0 0
      vertex 15.4889 0.225439 4
      vertex 15.4889 0.225439 0
    endloop
  endfacet
  facet normal -0.99879 -0.0491777 0
    outer loop
      vertex 15.4889 0.225439 4
      vertex 15.5 0 0
      vertex 15.5 0 4
    endloop
  endfacet
  facet normal -0.970076 -0.2428 0
    outer loop
      vertex 15.4558 0.448708 0
      vertex 15.401 0.667654 4
      vertex 15.401 0.667654 0
    endloop
  endfacet
  facet normal -0.970076 -0.2428 0
    outer loop
      vertex 15.401 0.667654 4
      vertex 15.4558 0.448708 0
      vertex 15.4558 0.448708 4
    endloop
  endfacet
  facet normal 0.989189 -0.146649 0
    outer loop
      vertex 10.9111 0.225439 4
      vertex 10.9442 0.448708 0
      vertex 10.9442 0.448708 4
    endloop
  endfacet
  facet normal 0.989189 -0.146649 0
    outer loop
      vertex 10.9442 0.448708 0
      vertex 10.9111 0.225439 4
      vertex 10.9111 0.225439 0
    endloop
  endfacet
  facet normal 0.242952 0.970038 -0
    outer loop
      vertex 12.7513 -2.25581 0
      vertex 12.5323 -2.20096 4
      vertex 12.7513 -2.25581 4
    endloop
  endfacet
  facet normal 0.242952 0.970038 0
    outer loop
      vertex 12.5323 -2.20096 4
      vertex 12.7513 -2.25581 0
      vertex 12.5323 -2.20096 0
    endloop
  endfacet
  facet normal -0.336915 -0.941535 0
    outer loop
      vertex 13.8677 2.20096 0
      vertex 14.0802 2.12492 4
      vertex 13.8677 2.20096 4
    endloop
  endfacet
  facet normal -0.336915 -0.941535 -0
    outer loop
      vertex 14.0802 2.12492 4
      vertex 13.8677 2.20096 0
      vertex 14.0802 2.12492 0
    endloop
  endfacet
  facet normal 0.514105 -0.857727 0
    outer loop
      vertex 11.9222 1.91238 0
      vertex 12.1158 2.02842 4
      vertex 11.9222 1.91238 4
    endloop
  endfacet
  facet normal 0.514105 -0.857727 0
    outer loop
      vertex 12.1158 2.02842 4
      vertex 11.9222 1.91238 0
      vertex 12.1158 2.02842 0
    endloop
  endfacet
  facet normal 0.903994 0.427545 0
    outer loop
      vertex 11.1716 -1.08421 4
      vertex 11.0751 -0.880172 0
      vertex 11.0751 -0.880172 4
    endloop
  endfacet
  facet normal 0.903994 0.427545 0
    outer loop
      vertex 11.0751 -0.880172 0
      vertex 11.1716 -1.08421 4
      vertex 11.1716 -1.08421 0
    endloop
  endfacet
  facet normal 0.242952 -0.970038 0
    outer loop
      vertex 12.5323 2.20096 0
      vertex 12.7513 2.25581 4
      vertex 12.5323 2.20096 4
    endloop
  endfacet
  facet normal 0.242952 -0.970038 0
    outer loop
      vertex 12.7513 2.25581 4
      vertex 12.5323 2.20096 0
      vertex 12.7513 2.25581 0
    endloop
  endfacet
  facet normal 0.857806 0.513974 0
    outer loop
      vertex 11.2876 -1.27781 4
      vertex 11.1716 -1.08421 0
      vertex 11.1716 -1.08421 4
    endloop
  endfacet
  facet normal 0.857806 0.513974 0
    outer loop
      vertex 11.1716 -1.08421 0
      vertex 11.2876 -1.27781 4
      vertex 11.2876 -1.27781 0
    endloop
  endfacet
  facet normal -0.242952 0.970038 0
    outer loop
      vertex 13.8677 -2.20096 0
      vertex 13.6487 -2.25581 4
      vertex 13.8677 -2.20096 4
    endloop
  endfacet
  facet normal -0.242952 0.970038 0
    outer loop
      vertex 13.6487 -2.25581 4
      vertex 13.8677 -2.20096 0
      vertex 13.6487 -2.25581 0
    endloop
  endfacet
  facet normal 0.595696 0.80321 -0
    outer loop
      vertex 11.9222 -1.91238 0
      vertex 11.7409 -1.77792 4
      vertex 11.9222 -1.91238 4
    endloop
  endfacet
  facet normal 0.595696 0.80321 0
    outer loop
      vertex 11.7409 -1.77792 4
      vertex 11.9222 -1.91238 0
      vertex 11.7409 -1.77792 0
    endloop
  endfacet
  facet normal -0.514105 0.857727 0
    outer loop
      vertex 14.4778 -1.91238 0
      vertex 14.2842 -2.02842 4
      vertex 14.4778 -1.91238 4
    endloop
  endfacet
  facet normal -0.514105 0.857727 0
    outer loop
      vertex 14.2842 -2.02842 4
      vertex 14.4778 -1.91238 0
      vertex 14.2842 -2.02842 0
    endloop
  endfacet
  facet normal -0.80311 0.595831 0
    outer loop
      vertex 14.9779 -1.4591 0
      vertex 15.1124 -1.27781 4
      vertex 15.1124 -1.27781 0
    endloop
  endfacet
  facet normal -0.80311 0.595831 0
    outer loop
      vertex 15.1124 -1.27781 4
      vertex 14.9779 -1.4591 0
      vertex 14.9779 -1.4591 4
    endloop
  endfacet
  facet normal -0.146672 -0.989185 0
    outer loop
      vertex 13.4254 2.28892 0
      vertex 13.6487 2.25581 4
      vertex 13.4254 2.28892 4
    endloop
  endfacet
  facet normal -0.146672 -0.989185 -0
    outer loop
      vertex 13.6487 2.25581 4
      vertex 13.4254 2.28892 0
      vertex 13.6487 2.25581 0
    endloop
  endfacet
  facet normal 0.595696 -0.80321 0
    outer loop
      vertex 11.7409 1.77792 0
      vertex 11.9222 1.91238 4
      vertex 11.7409 1.77792 4
    endloop
  endfacet
  facet normal 0.595696 -0.80321 0
    outer loop
      vertex 11.9222 1.91238 4
      vertex 11.7409 1.77792 0
      vertex 11.9222 1.91238 0
    endloop
  endfacet
  facet normal 0.80311 -0.595831 0
    outer loop
      vertex 11.2876 1.27781 4
      vertex 11.4221 1.4591 0
      vertex 11.4221 1.4591 4
    endloop
  endfacet
  facet normal 0.80311 -0.595831 0
    outer loop
      vertex 11.4221 1.4591 0
      vertex 11.2876 1.27781 4
      vertex 11.2876 1.27781 0
    endloop
  endfacet
  facet normal -0.989189 0.146649 0
    outer loop
      vertex 15.4558 -0.448708 0
      vertex 15.4889 -0.225439 4
      vertex 15.4889 -0.225439 0
    endloop
  endfacet
  facet normal -0.989189 0.146649 0
    outer loop
      vertex 15.4889 -0.225439 4
      vertex 15.4558 -0.448708 0
      vertex 15.4558 -0.448708 4
    endloop
  endfacet
  facet normal 0.94146 -0.337125 0
    outer loop
      vertex 10.999 0.667654 4
      vertex 11.0751 0.880172 0
      vertex 11.0751 0.880172 4
    endloop
  endfacet
  facet normal 0.94146 -0.337125 0
    outer loop
      vertex 11.0751 0.880172 0
      vertex 10.999 0.667654 4
      vertex 10.999 0.667654 0
    endloop
  endfacet
  facet normal -0.42761 -0.903963 0
    outer loop
      vertex 14.0802 2.12492 0
      vertex 14.2842 2.02842 4
      vertex 14.0802 2.12492 4
    endloop
  endfacet
  facet normal -0.42761 -0.903963 -0
    outer loop
      vertex 14.2842 2.02842 4
      vertex 14.0802 2.12492 0
      vertex 14.2842 2.02842 0
    endloop
  endfacet
  facet normal 0.94146 0.337125 0
    outer loop
      vertex 11.0751 -0.880172 4
      vertex 10.999 -0.667654 0
      vertex 10.999 -0.667654 4
    endloop
  endfacet
  facet normal 0.94146 0.337125 0
    outer loop
      vertex 10.999 -0.667654 0
      vertex 11.0751 -0.880172 4
      vertex 11.0751 -0.880172 0
    endloop
  endfacet
  facet normal -0.970076 0.2428 0
    outer loop
      vertex 15.401 -0.667654 0
      vertex 15.4558 -0.448708 4
      vertex 15.4558 -0.448708 0
    endloop
  endfacet
  facet normal -0.970076 0.2428 0
    outer loop
      vertex 15.4558 -0.448708 4
      vertex 15.401 -0.667654 0
      vertex 15.401 -0.667654 4
    endloop
  endfacet
  facet normal 0.0490978 -0.998794 0
    outer loop
      vertex 12.9746 2.28892 0
      vertex 13.2 2.3 4
      vertex 12.9746 2.28892 4
    endloop
  endfacet
  facet normal 0.0490978 -0.998794 0
    outer loop
      vertex 13.2 2.3 4
      vertex 12.9746 2.28892 0
      vertex 13.2 2.3 0
    endloop
  endfacet
  facet normal -0.671653 -0.740866 0
    outer loop
      vertex 14.6591 1.77792 0
      vertex 14.8263 1.62634 4
      vertex 14.6591 1.77792 4
    endloop
  endfacet
  facet normal -0.671653 -0.740866 -0
    outer loop
      vertex 14.8263 1.62634 4
      vertex 14.6591 1.77792 0
      vertex 14.8263 1.62634 0
    endloop
  endfacet
  facet normal 0.42761 -0.903963 0
    outer loop
      vertex 12.1158 2.02842 0
      vertex 12.3198 2.12492 4
      vertex 12.1158 2.02842 4
    endloop
  endfacet
  facet normal 0.42761 -0.903963 0
    outer loop
      vertex 12.3198 2.12492 4
      vertex 12.1158 2.02842 0
      vertex 12.3198 2.12492 0
    endloop
  endfacet
  facet normal 0.671653 -0.740866 0
    outer loop
      vertex 11.5737 1.62634 0
      vertex 11.7409 1.77792 4
      vertex 11.5737 1.62634 4
    endloop
  endfacet
  facet normal 0.671653 -0.740866 0
    outer loop
      vertex 11.7409 1.77792 4
      vertex 11.5737 1.62634 0
      vertex 11.7409 1.77792 0
    endloop
  endfacet
  facet normal -0.336915 0.941535 0
    outer loop
      vertex 14.0802 -2.12492 0
      vertex 13.8677 -2.20096 4
      vertex 14.0802 -2.12492 4
    endloop
  endfacet
  facet normal -0.336915 0.941535 0
    outer loop
      vertex 13.8677 -2.20096 4
      vertex 14.0802 -2.12492 0
      vertex 13.8677 -2.20096 0
    endloop
  endfacet
  facet normal 0.336915 -0.941535 0
    outer loop
      vertex 12.3198 2.12492 0
      vertex 12.5323 2.20096 4
      vertex 12.3198 2.12492 4
    endloop
  endfacet
  facet normal 0.336915 -0.941535 0
    outer loop
      vertex 12.5323 2.20096 4
      vertex 12.3198 2.12492 0
      vertex 12.5323 2.20096 0
    endloop
  endfacet
  facet normal -0.80311 -0.595831 0
    outer loop
      vertex 15.1124 1.27781 0
      vertex 14.9779 1.4591 4
      vertex 14.9779 1.4591 0
    endloop
  endfacet
  facet normal -0.80311 -0.595831 0
    outer loop
      vertex 14.9779 1.4591 4
      vertex 15.1124 1.27781 0
      vertex 15.1124 1.27781 4
    endloop
  endfacet
  facet normal 0.857806 -0.513974 0
    outer loop
      vertex 11.1716 1.08421 4
      vertex 11.2876 1.27781 0
      vertex 11.2876 1.27781 4
    endloop
  endfacet
  facet normal 0.857806 -0.513974 0
    outer loop
      vertex 11.2876 1.27781 0
      vertex 11.1716 1.08421 4
      vertex 11.1716 1.08421 0
    endloop
  endfacet
  facet normal -0.99879 0.0491777 0
    outer loop
      vertex 15.4889 -0.225439 0
      vertex 15.5 0 4
      vertex 15.5 0 0
    endloop
  endfacet
  facet normal -0.99879 0.0491777 0
    outer loop
      vertex 15.5 0 4
      vertex 15.4889 -0.225439 0
      vertex 15.4889 -0.225439 4
    endloop
  endfacet
  facet normal -0.903994 0.427545 0
    outer loop
      vertex 15.2284 -1.08421 0
      vertex 15.3249 -0.880172 4
      vertex 15.3249 -0.880172 0
    endloop
  endfacet
  facet normal -0.903994 0.427545 0
    outer loop
      vertex 15.3249 -0.880172 4
      vertex 15.2284 -1.08421 0
      vertex 15.2284 -1.08421 4
    endloop
  endfacet
  facet normal -0.857806 -0.513974 0
    outer loop
      vertex 15.2284 1.08421 0
      vertex 15.1124 1.27781 4
      vertex 15.1124 1.27781 0
    endloop
  endfacet
  facet normal -0.857806 -0.513974 0
    outer loop
      vertex 15.1124 1.27781 4
      vertex 15.2284 1.08421 0
      vertex 15.2284 1.08421 4
    endloop
  endfacet
  facet normal 0.671653 0.740866 -0
    outer loop
      vertex 11.7409 -1.77792 0
      vertex 11.5737 -1.62634 4
      vertex 11.7409 -1.77792 4
    endloop
  endfacet
  facet normal 0.671653 0.740866 0
    outer loop
      vertex 11.5737 -1.62634 4
      vertex 11.7409 -1.77792 0
      vertex 11.5737 -1.62634 0
    endloop
  endfacet
  facet normal -0.595696 -0.80321 0
    outer loop
      vertex 14.4778 1.91238 0
      vertex 14.6591 1.77792 4
      vertex 14.4778 1.91238 4
    endloop
  endfacet
  facet normal -0.595696 -0.80321 -0
    outer loop
      vertex 14.6591 1.77792 4
      vertex 14.4778 1.91238 0
      vertex 14.6591 1.77792 0
    endloop
  endfacet
  facet normal 0.514105 0.857727 -0
    outer loop
      vertex 12.1158 -2.02842 0
      vertex 11.9222 -1.91238 4
      vertex 12.1158 -2.02842 4
    endloop
  endfacet
  facet normal 0.514105 0.857727 0
    outer loop
      vertex 11.9222 -1.91238 4
      vertex 12.1158 -2.02842 0
      vertex 11.9222 -1.91238 0
    endloop
  endfacet
  facet normal -0.514105 -0.857727 0
    outer loop
      vertex 14.2842 2.02842 0
      vertex 14.4778 1.91238 4
      vertex 14.2842 2.02842 4
    endloop
  endfacet
  facet normal -0.514105 -0.857727 -0
    outer loop
      vertex 14.4778 1.91238 4
      vertex 14.2842 2.02842 0
      vertex 14.4778 1.91238 0
    endloop
  endfacet
  facet normal -0.146672 0.989185 0
    outer loop
      vertex 13.6487 -2.25581 0
      vertex 13.4254 -2.28892 4
      vertex 13.6487 -2.25581 4
    endloop
  endfacet
  facet normal -0.146672 0.989185 0
    outer loop
      vertex 13.4254 -2.28892 4
      vertex 13.6487 -2.25581 0
      vertex 13.4254 -2.28892 0
    endloop
  endfacet
  facet normal -0.94146 -0.337125 0
    outer loop
      vertex 15.401 0.667654 0
      vertex 15.3249 0.880172 4
      vertex 15.3249 0.880172 0
    endloop
  endfacet
  facet normal -0.94146 -0.337125 0
    outer loop
      vertex 15.3249 0.880172 4
      vertex 15.401 0.667654 0
      vertex 15.401 0.667654 4
    endloop
  endfacet
  facet normal -0.857806 0.513974 0
    outer loop
      vertex 15.1124 -1.27781 0
      vertex 15.2284 -1.08421 4
      vertex 15.2284 -1.08421 0
    endloop
  endfacet
  facet normal -0.857806 0.513974 0
    outer loop
      vertex 15.2284 -1.08421 4
      vertex 15.1124 -1.27781 0
      vertex 15.1124 -1.27781 4
    endloop
  endfacet
  facet normal 0.99879 0.0491777 0
    outer loop
      vertex 10.9111 -0.225439 4
      vertex 10.9 0 0
      vertex 10.9 0 4
    endloop
  endfacet
  facet normal 0.99879 0.0491777 0
    outer loop
      vertex 10.9 0 0
      vertex 10.9111 -0.225439 4
      vertex 10.9111 -0.225439 0
    endloop
  endfacet
  facet normal -0.94146 0.337125 0
    outer loop
      vertex 15.3249 -0.880172 0
      vertex 15.401 -0.667654 4
      vertex 15.401 -0.667654 0
    endloop
  endfacet
  facet normal -0.94146 0.337125 0
    outer loop
      vertex 15.401 -0.667654 4
      vertex 15.3249 -0.880172 0
      vertex 15.3249 -0.880172 4
    endloop
  endfacet
  facet normal -0.740902 -0.671614 0
    outer loop
      vertex 14.9779 1.4591 0
      vertex 14.8263 1.62634 4
      vertex 14.8263 1.62634 0
    endloop
  endfacet
  facet normal -0.740902 -0.671614 0
    outer loop
      vertex 14.8263 1.62634 4
      vertex 14.9779 1.4591 0
      vertex 14.9779 1.4591 4
    endloop
  endfacet
  facet normal -0.0490978 -0.998794 0
    outer loop
      vertex 13.2 2.3 0
      vertex 13.4254 2.28892 4
      vertex 13.2 2.3 4
    endloop
  endfacet
  facet normal -0.0490978 -0.998794 -0
    outer loop
      vertex 13.4254 2.28892 4
      vertex 13.2 2.3 0
      vertex 13.4254 2.28892 0
    endloop
  endfacet
  facet normal -0.903994 -0.427545 0
    outer loop
      vertex 15.3249 0.880172 0
      vertex 15.2284 1.08421 4
      vertex 15.2284 1.08421 0
    endloop
  endfacet
  facet normal -0.903994 -0.427545 0
    outer loop
      vertex 15.2284 1.08421 4
      vertex 15.3249 0.880172 0
      vertex 15.3249 0.880172 4
    endloop
  endfacet
  facet normal 0.146672 0.989185 -0
    outer loop
      vertex 12.9746 -2.28892 0
      vertex 12.7513 -2.25581 4
      vertex 12.9746 -2.28892 4
    endloop
  endfacet
  facet normal 0.146672 0.989185 0
    outer loop
      vertex 12.7513 -2.25581 4
      vertex 12.9746 -2.28892 0
      vertex 12.7513 -2.25581 0
    endloop
  endfacet
  facet normal -0.671653 0.740866 0
    outer loop
      vertex 14.8263 -1.62634 0
      vertex 14.6591 -1.77792 4
      vertex 14.8263 -1.62634 4
    endloop
  endfacet
  facet normal -0.671653 0.740866 0
    outer loop
      vertex 14.6591 -1.77792 4
      vertex 14.8263 -1.62634 0
      vertex 14.6591 -1.77792 0
    endloop
  endfacet
  facet normal 0.0490978 0.998794 -0
    outer loop
      vertex 13.2 -2.3 0
      vertex 12.9746 -2.28892 4
      vertex 13.2 -2.3 4
    endloop
  endfacet
  facet normal 0.0490978 0.998794 0
    outer loop
      vertex 12.9746 -2.28892 4
      vertex 13.2 -2.3 0
      vertex 12.9746 -2.28892 0
    endloop
  endfacet
  facet normal 0.740902 -0.671614 0
    outer loop
      vertex 11.4221 1.4591 4
      vertex 11.5737 1.62634 0
      vertex 11.5737 1.62634 4
    endloop
  endfacet
  facet normal 0.740902 -0.671614 0
    outer loop
      vertex 11.5737 1.62634 0
      vertex 11.4221 1.4591 4
      vertex 11.4221 1.4591 0
    endloop
  endfacet
  facet normal 0.146672 -0.989185 0
    outer loop
      vertex 12.7513 2.25581 0
      vertex 12.9746 2.28892 4
      vertex 12.7513 2.25581 4
    endloop
  endfacet
  facet normal 0.146672 -0.989185 0
    outer loop
      vertex 12.9746 2.28892 4
      vertex 12.7513 2.25581 0
      vertex 12.9746 2.28892 0
    endloop
  endfacet
  facet normal 0.903994 -0.427545 0
    outer loop
      vertex 11.0751 0.880172 4
      vertex 11.1716 1.08421 0
      vertex 11.1716 1.08421 4
    endloop
  endfacet
  facet normal 0.903994 -0.427545 0
    outer loop
      vertex 11.1716 1.08421 0
      vertex 11.0751 0.880172 4
      vertex 11.0751 0.880172 0
    endloop
  endfacet
  facet normal 0.970076 -0.2428 0
    outer loop
      vertex 10.9442 0.448708 4
      vertex 10.999 0.667654 0
      vertex 10.999 0.667654 4
    endloop
  endfacet
  facet normal 0.970076 -0.2428 0
    outer loop
      vertex 10.999 0.667654 0
      vertex 10.9442 0.448708 4
      vertex 10.9442 0.448708 0
    endloop
  endfacet
  facet normal -0.242952 -0.970038 0
    outer loop
      vertex 13.6487 2.25581 0
      vertex 13.8677 2.20096 4
      vertex 13.6487 2.25581 4
    endloop
  endfacet
  facet normal -0.242952 -0.970038 -0
    outer loop
      vertex 13.8677 2.20096 4
      vertex 13.6487 2.25581 0
      vertex 13.8677 2.20096 0
    endloop
  endfacet
  facet normal 0.970076 0.2428 0
    outer loop
      vertex 10.999 -0.667654 4
      vertex 10.9442 -0.448708 0
      vertex 10.9442 -0.448708 4
    endloop
  endfacet
  facet normal 0.970076 0.2428 0
    outer loop
      vertex 10.9442 -0.448708 0
      vertex 10.999 -0.667654 4
      vertex 10.999 -0.667654 0
    endloop
  endfacet
  facet normal 0.42761 0.903963 -0
    outer loop
      vertex 12.3198 -2.12492 0
      vertex 12.1158 -2.02842 4
      vertex 12.3198 -2.12492 4
    endloop
  endfacet
  facet normal 0.42761 0.903963 0
    outer loop
      vertex 12.1158 -2.02842 4
      vertex 12.3198 -2.12492 0
      vertex 12.1158 -2.02842 0
    endloop
  endfacet
  facet normal 0.740902 0.671614 0
    outer loop
      vertex 11.5737 -1.62634 4
      vertex 11.4221 -1.4591 0
      vertex 11.4221 -1.4591 4
    endloop
  endfacet
  facet normal 0.740902 0.671614 0
    outer loop
      vertex 11.4221 -1.4591 0
      vertex 11.5737 -1.62634 4
      vertex 11.5737 -1.62634 0
    endloop
  endfacet
  facet normal -0.42761 0.903963 0
    outer loop
      vertex 14.2842 -2.02842 0
      vertex 14.0802 -2.12492 4
      vertex 14.2842 -2.02842 4
    endloop
  endfacet
  facet normal -0.42761 0.903963 0
    outer loop
      vertex 14.0802 -2.12492 4
      vertex 14.2842 -2.02842 0
      vertex 14.0802 -2.12492 0
    endloop
  endfacet
  facet normal -0.0490978 0.998794 0
    outer loop
      vertex 13.4254 -2.28892 0
      vertex 13.2 -2.3 4
      vertex 13.4254 -2.28892 4
    endloop
  endfacet
  facet normal -0.0490978 0.998794 0
    outer loop
      vertex 13.2 -2.3 4
      vertex 13.4254 -2.28892 0
      vertex 13.2 -2.3 0
    endloop
  endfacet
  facet normal 0.989189 0.146649 0
    outer loop
      vertex 10.9442 -0.448708 4
      vertex 10.9111 -0.225439 0
      vertex 10.9111 -0.225439 4
    endloop
  endfacet
  facet normal 0.989189 0.146649 0
    outer loop
      vertex 10.9111 -0.225439 0
      vertex 10.9442 -0.448708 4
      vertex 10.9442 -0.448708 0
    endloop
  endfacet
  facet normal -0.595696 0.80321 0
    outer loop
      vertex 14.6591 -1.77792 0
      vertex 14.4778 -1.91238 4
      vertex 14.6591 -1.77792 4
    endloop
  endfacet
  facet normal -0.595696 0.80321 0
    outer loop
      vertex 14.4778 -1.91238 4
      vertex 14.6591 -1.77792 0
      vertex 14.4778 -1.91238 0
    endloop
  endfacet
  facet normal 0.80311 0.595831 0
    outer loop
      vertex 11.4221 -1.4591 4
      vertex 11.2876 -1.27781 0
      vertex 11.2876 -1.27781 4
    endloop
  endfacet
  facet normal 0.80311 0.595831 0
    outer loop
      vertex 11.2876 -1.27781 0
      vertex 11.4221 -1.4591 4
      vertex 11.4221 -1.4591 0
    endloop
  endfacet
  facet normal 0.99879 -0.0491777 0
    outer loop
      vertex 10.9 0 4
      vertex 10.9111 0.225439 0
      vertex 10.9111 0.225439 4
    endloop
  endfacet
  facet normal 0.99879 -0.0491777 0
    outer loop
      vertex 10.9111 0.225439 0
      vertex 10.9 0 4
      vertex 10.9 0 0
    endloop
  endfacet
  facet normal -0.740902 0.671614 0
    outer loop
      vertex 14.8263 -1.62634 0
      vertex 14.9779 -1.4591 4
      vertex 14.9779 -1.4591 0
    endloop
  endfacet
  facet normal -0.740902 0.671614 0
    outer loop
      vertex 14.9779 -1.4591 4
      vertex 14.8263 -1.62634 0
      vertex 14.8263 -1.62634 4
    endloop
  endfacet
  facet normal 0.989145 0.146946 0
    outer loop
      vertex -11.3091 0.186232 13
      vertex -11.3365 0.370671 4
      vertex -11.3365 0.370671 13
    endloop
  endfacet
  facet normal 0.989145 0.146946 0
    outer loop
      vertex -11.3365 0.370671 4
      vertex -11.3091 0.186232 13
      vertex -11.3091 0.186232 4
    endloop
  endfacet
  facet normal 0.998808 0.0488056 0
    outer loop
      vertex -11.3 0 13
      vertex -11.3091 0.186232 4
      vertex -11.3091 0.186232 13
    endloop
  endfacet
  facet normal 0.998808 0.0488056 0
    outer loop
      vertex -11.3091 0.186232 4
      vertex -11.3 0 13
      vertex -11.3 0 4
    endloop
  endfacet
  facet normal 0.970038 0.242953 0
    outer loop
      vertex -11.3365 0.370671 13
      vertex -11.3818 0.55154 4
      vertex -11.3818 0.55154 13
    endloop
  endfacet
  facet normal 0.970038 0.242953 0
    outer loop
      vertex -11.3818 0.55154 4
      vertex -11.3365 0.370671 13
      vertex -11.3365 0.370671 4
    endloop
  endfacet
  facet normal -0.146689 0.989183 0
    outer loop
      vertex -13.3862 1.89085 4
      vertex -13.5707 1.86349 13
      vertex -13.3862 1.89085 13
    endloop
  endfacet
  facet normal -0.146689 0.989183 0
    outer loop
      vertex -13.5707 1.86349 13
      vertex -13.3862 1.89085 4
      vertex -13.5707 1.86349 4
    endloop
  endfacet
  facet normal 0.803149 0.595779 0
    outer loop
      vertex -11.6202 1.05558 13
      vertex -11.7313 1.20535 4
      vertex -11.7313 1.20535 13
    endloop
  endfacet
  facet normal 0.803149 0.595779 0
    outer loop
      vertex -11.7313 1.20535 4
      vertex -11.6202 1.05558 13
      vertex -11.6202 1.05558 4
    endloop
  endfacet
  facet normal 0.595855 0.803092 -0
    outer loop
      vertex -11.9947 1.46872 4
      vertex -12.1444 1.57979 13
      vertex -11.9947 1.46872 13
    endloop
  endfacet
  facet normal 0.595855 0.803092 0
    outer loop
      vertex -12.1444 1.57979 13
      vertex -11.9947 1.46872 4
      vertex -12.1444 1.57979 4
    endloop
  endfacet
  facet normal 0.0490815 0.998795 -0
    outer loop
      vertex -13.0138 1.89085 4
      vertex -13.2 1.9 13
      vertex -13.0138 1.89085 13
    endloop
  endfacet
  facet normal 0.0490815 0.998795 0
    outer loop
      vertex -13.2 1.9 13
      vertex -13.0138 1.89085 4
      vertex -13.2 1.9 4
    endloop
  endfacet
  facet normal 0.998808 -0.0488056 0
    outer loop
      vertex -11.3091 -0.186232 13
      vertex -11.3 0 4
      vertex -11.3 0 13
    endloop
  endfacet
  facet normal 0.998808 -0.0488056 0
    outer loop
      vertex -11.3 0 4
      vertex -11.3091 -0.186232 13
      vertex -11.3091 -0.186232 4
    endloop
  endfacet
  facet normal -0.243041 0.970016 0
    outer loop
      vertex -13.5707 1.86349 4
      vertex -13.7515 1.81819 13
      vertex -13.5707 1.86349 13
    endloop
  endfacet
  facet normal -0.243041 0.970016 0
    outer loop
      vertex -13.7515 1.81819 13
      vertex -13.5707 1.86349 4
      vertex -13.7515 1.81819 4
    endloop
  endfacet
  facet normal -0.970038 -0.242953 0
    outer loop
      vertex -15.0182 -0.55154 4
      vertex -15.0635 -0.370671 13
      vertex -15.0635 -0.370671 4
    endloop
  endfacet
  facet normal -0.970038 -0.242953 0
    outer loop
      vertex -15.0635 -0.370671 13
      vertex -15.0182 -0.55154 4
      vertex -15.0182 -0.55154 13
    endloop
  endfacet
  facet normal -0.427459 -0.904035 0
    outer loop
      vertex -14.0957 -1.67565 4
      vertex -13.9271 -1.75537 13
      vertex -14.0957 -1.67565 13
    endloop
  endfacet
  facet normal -0.427459 -0.904035 -0
    outer loop
      vertex -13.9271 -1.75537 13
      vertex -14.0957 -1.67565 4
      vertex -13.9271 -1.75537 4
    endloop
  endfacet
  facet normal 0.427459 0.904035 -0
    outer loop
      vertex -12.3043 1.67565 4
      vertex -12.4729 1.75537 13
      vertex -12.3043 1.67565 13
    endloop
  endfacet
  facet normal 0.427459 0.904035 0
    outer loop
      vertex -12.4729 1.75537 13
      vertex -12.3043 1.67565 4
      vertex -12.4729 1.75537 4
    endloop
  endfacet
  facet normal -0.970038 0.242953 0
    outer loop
      vertex -15.0635 0.370671 4
      vertex -15.0182 0.55154 13
      vertex -15.0182 0.55154 4
    endloop
  endfacet
  facet normal -0.970038 0.242953 0
    outer loop
      vertex -15.0182 0.55154 13
      vertex -15.0635 0.370671 4
      vertex -15.0635 0.370671 13
    endloop
  endfacet
  facet normal -0.427459 0.904035 0
    outer loop
      vertex -13.9271 1.75537 4
      vertex -14.0957 1.67565 13
      vertex -13.9271 1.75537 13
    endloop
  endfacet
  facet normal -0.427459 0.904035 0
    outer loop
      vertex -14.0957 1.67565 13
      vertex -13.9271 1.75537 4
      vertex -14.0957 1.67565 4
    endloop
  endfacet
  facet normal 0.803149 -0.595779 0
    outer loop
      vertex -11.7313 -1.20535 13
      vertex -11.6202 -1.05558 4
      vertex -11.6202 -1.05558 13
    endloop
  endfacet
  facet normal 0.803149 -0.595779 0
    outer loop
      vertex -11.6202 -1.05558 4
      vertex -11.7313 -1.20535 13
      vertex -11.7313 -1.20535 4
    endloop
  endfacet
  facet normal -0.941571 0.336815 0
    outer loop
      vertex -15.0182 0.55154 4
      vertex -14.9554 0.727098 13
      vertex -14.9554 0.727098 4
    endloop
  endfacet
  facet normal -0.941571 0.336815 0
    outer loop
      vertex -14.9554 0.727098 13
      vertex -15.0182 0.55154 4
      vertex -15.0182 0.55154 13
    endloop
  endfacet
  facet normal 0.970038 -0.242953 0
    outer loop
      vertex -11.3818 -0.55154 13
      vertex -11.3365 -0.370671 4
      vertex -11.3365 -0.370671 13
    endloop
  endfacet
  facet normal 0.970038 -0.242953 0
    outer loop
      vertex -11.3365 -0.370671 4
      vertex -11.3818 -0.55154 13
      vertex -11.3818 -0.55154 4
    endloop
  endfacet
  facet normal -0.595855 0.803092 0
    outer loop
      vertex -14.2556 1.57979 4
      vertex -14.4053 1.46872 13
      vertex -14.2556 1.57979 13
    endloop
  endfacet
  facet normal -0.595855 0.803092 0
    outer loop
      vertex -14.4053 1.46872 13
      vertex -14.2556 1.57979 4
      vertex -14.4053 1.46872 4
    endloop
  endfacet
  facet normal -0.903826 0.427901 0
    outer loop
      vertex -14.9554 0.727098 4
      vertex -14.8756 0.895654 13
      vertex -14.8756 0.895654 4
    endloop
  endfacet
  facet normal -0.903826 0.427901 0
    outer loop
      vertex -14.8756 0.895654 13
      vertex -14.9554 0.727098 4
      vertex -14.9554 0.727098 13
    endloop
  endfacet
  facet normal 0.671449 0.74105 -0
    outer loop
      vertex -11.8565 1.3435 4
      vertex -11.9947 1.46872 13
      vertex -11.8565 1.3435 13
    endloop
  endfacet
  facet normal 0.671449 0.74105 0
    outer loop
      vertex -11.9947 1.46872 13
      vertex -11.8565 1.3435 4
      vertex -11.9947 1.46872 4
    endloop
  endfacet
  facet normal -0.989145 0.146946 0
    outer loop
      vertex -15.0909 0.186232 4
      vertex -15.0635 0.370671 13
      vertex -15.0635 0.370671 4
    endloop
  endfacet
  facet normal -0.989145 0.146946 0
    outer loop
      vertex -15.0635 0.370671 13
      vertex -15.0909 0.186232 4
      vertex -15.0909 0.186232 13
    endloop
  endfacet
  facet normal -0.0490815 -0.998795 0
    outer loop
      vertex -13.3862 -1.89085 4
      vertex -13.2 -1.9 13
      vertex -13.3862 -1.89085 13
    endloop
  endfacet
  facet normal -0.0490815 -0.998795 -0
    outer loop
      vertex -13.2 -1.9 13
      vertex -13.3862 -1.89085 4
      vertex -13.2 -1.9 4
    endloop
  endfacet
  facet normal -0.740983 -0.671524 0
    outer loop
      vertex -14.5435 -1.3435 4
      vertex -14.6687 -1.20535 13
      vertex -14.6687 -1.20535 4
    endloop
  endfacet
  facet normal -0.740983 -0.671524 0
    outer loop
      vertex -14.6687 -1.20535 13
      vertex -14.5435 -1.3435 4
      vertex -14.5435 -1.3435 13
    endloop
  endfacet
  facet normal -0.0490815 0.998795 0
    outer loop
      vertex -13.2 1.9 4
      vertex -13.3862 1.89085 13
      vertex -13.2 1.9 13
    endloop
  endfacet
  facet normal -0.0490815 0.998795 0
    outer loop
      vertex -13.3862 1.89085 13
      vertex -13.2 1.9 4
      vertex -13.3862 1.89085 4
    endloop
  endfacet
  facet normal 0 0 -1
    outer loop
      vertex -11.3091 -0.186232 4
      vertex -11.3091 0.186232 4
      vertex -11.3 0 4
    endloop
  endfacet
  facet normal 0 0 -1
    outer loop
      vertex -11.3365 -0.370671 4
      vertex -11.3091 0.186232 4
      vertex -11.3091 -0.186232 4
    endloop
  endfacet
  facet normal 0 0 -1
    outer loop
      vertex -11.3365 -0.370671 4
      vertex -11.3365 0.370671 4
      vertex -11.3091 0.186232 4
    endloop
  endfacet
  facet normal 0 0 -1
    outer loop
      vertex -11.3818 -0.55154 4
      vertex -11.3365 0.370671 4
      vertex -11.3365 -0.370671 4
    endloop
  endfacet
  facet normal 0 0 -1
    outer loop
      vertex -11.3818 -0.55154 4
      vertex -11.3818 0.55154 4
      vertex -11.3365 0.370671 4
    endloop
  endfacet
  facet normal 0 0 -1
    outer loop
      vertex -11.4446 -0.727098 4
      vertex -11.3818 0.55154 4
      vertex -11.3818 -0.55154 4
    endloop
  endfacet
  facet normal 0 0 -1
    outer loop
      vertex -11.4446 -0.727098 4
      vertex -11.4446 0.727098 4
      vertex -11.3818 0.55154 4
    endloop
  endfacet
  facet normal 0 0 -1
    outer loop
      vertex -11.5243 -0.895654 4
      vertex -11.4446 0.727098 4
      vertex -11.4446 -0.727098 4
    endloop
  endfacet
  facet normal 0 0 -1
    outer loop
      vertex -11.5243 -0.895654 4
      vertex -11.5243 0.895654 4
      vertex -11.4446 0.727098 4
    endloop
  endfacet
  facet normal 0 0 -1
    outer loop
      vertex -11.6202 -1.05558 4
      vertex -11.5243 0.895654 4
      vertex -11.5243 -0.895654 4
    endloop
  endfacet
  facet normal 0 0 -1
    outer loop
      vertex -11.6202 -1.05558 4
      vertex -11.6202 1.05558 4
      vertex -11.5243 0.895654 4
    endloop
  endfacet
  facet normal 0 0 -1
    outer loop
      vertex -11.7313 -1.20535 4
      vertex -11.6202 1.05558 4
      vertex -11.6202 -1.05558 4
    endloop
  endfacet
  facet normal 0 0 -1
    outer loop
      vertex -11.7313 -1.20535 4
      vertex -11.7313 1.20535 4
      vertex -11.6202 1.05558 4
    endloop
  endfacet
  facet normal 0 0 -1
    outer loop
      vertex -11.8565 -1.3435 4
      vertex -11.7313 1.20535 4
      vertex -11.7313 -1.20535 4
    endloop
  endfacet
  facet normal 0 0 -1
    outer loop
      vertex -11.8565 -1.3435 4
      vertex -11.8565 1.3435 4
      vertex -11.7313 1.20535 4
    endloop
  endfacet
  facet normal 0 0 -1
    outer loop
      vertex -11.9947 -1.46872 4
      vertex -11.8565 1.3435 4
      vertex -11.8565 -1.3435 4
    endloop
  endfacet
  facet normal 0 0 -1
    outer loop
      vertex -11.9947 -1.46872 4
      vertex -11.9947 1.46872 4
      vertex -11.8565 1.3435 4
    endloop
  endfacet
  facet normal 0 0 -1
    outer loop
      vertex -12.1444 -1.57979 4
      vertex -11.9947 1.46872 4
      vertex -11.9947 -1.46872 4
    endloop
  endfacet
  facet normal 0 0 -1
    outer loop
      vertex -12.1444 -1.57979 4
      vertex -12.1444 1.57979 4
      vertex -11.9947 1.46872 4
    endloop
  endfacet
  facet normal 0 0 -1
    outer loop
      vertex -12.3043 -1.67565 4
      vertex -12.1444 1.57979 4
      vertex -12.1444 -1.57979 4
    endloop
  endfacet
  facet normal 0 0 -1
    outer loop
      vertex -12.3043 -1.67565 4
      vertex -12.3043 1.67565 4
      vertex -12.1444 1.57979 4
    endloop
  endfacet
  facet normal 0 0 -1
    outer loop
      vertex -12.4729 -1.75537 4
      vertex -12.3043 1.67565 4
      vertex -12.3043 -1.67565 4
    endloop
  endfacet
  facet normal 0 0 -1
    outer loop
      vertex -12.4729 -1.75537 4
      vertex -12.4729 1.75537 4
      vertex -12.3043 1.67565 4
    endloop
  endfacet
  facet normal 0 0 -1
    outer loop
      vertex -12.6485 -1.81819 4
      vertex -12.4729 1.75537 4
      vertex -12.4729 -1.75537 4
    endloop
  endfacet
  facet normal 0 0 -1
    outer loop
      vertex -12.6485 -1.81819 4
      vertex -12.6485 1.81819 4
      vertex -12.4729 1.75537 4
    endloop
  endfacet
  facet normal 0 0 -1
    outer loop
      vertex -12.8293 -1.86349 4
      vertex -12.6485 1.81819 4
      vertex -12.6485 -1.81819 4
    endloop
  endfacet
  facet normal 0 0 -1
    outer loop
      vertex -12.8293 -1.86349 4
      vertex -12.8293 1.86349 4
      vertex -12.6485 1.81819 4
    endloop
  endfacet
  facet normal 0 0 -1
    outer loop
      vertex -13.0138 -1.89085 4
      vertex -12.8293 1.86349 4
      vertex -12.8293 -1.86349 4
    endloop
  endfacet
  facet normal 0 0 -1
    outer loop
      vertex -13.0138 -1.89085 4
      vertex -13.0138 1.89085 4
      vertex -12.8293 1.86349 4
    endloop
  endfacet
  facet normal 0 0 -1
    outer loop
      vertex -13.2 -1.9 4
      vertex -13.0138 1.89085 4
      vertex -13.0138 -1.89085 4
    endloop
  endfacet
  facet normal 0 0 -1
    outer loop
      vertex -13.2 -1.9 4
      vertex -13.2 1.9 4
      vertex -13.0138 1.89085 4
    endloop
  endfacet
  facet normal 0 0 -1
    outer loop
      vertex -13.3862 -1.89085 4
      vertex -13.2 1.9 4
      vertex -13.2 -1.9 4
    endloop
  endfacet
  facet normal 0 0 -1
    outer loop
      vertex -13.3862 -1.89085 4
      vertex -13.3862 1.89085 4
      vertex -13.2 1.9 4
    endloop
  endfacet
  facet normal 0 0 -1
    outer loop
      vertex -13.5707 -1.86349 4
      vertex -13.3862 1.89085 4
      vertex -13.3862 -1.89085 4
    endloop
  endfacet
  facet normal 0 0 -1
    outer loop
      vertex -13.5707 -1.86349 4
      vertex -13.5707 1.86349 4
      vertex -13.3862 1.89085 4
    endloop
  endfacet
  facet normal 0 0 -1
    outer loop
      vertex -13.7515 -1.81819 4
      vertex -13.5707 1.86349 4
      vertex -13.5707 -1.86349 4
    endloop
  endfacet
  facet normal 0 0 -1
    outer loop
      vertex -13.7515 -1.81819 4
      vertex -13.7515 1.81819 4
      vertex -13.5707 1.86349 4
    endloop
  endfacet
  facet normal 0 0 -1
    outer loop
      vertex -13.9271 -1.75537 4
      vertex -13.7515 1.81819 4
      vertex -13.7515 -1.81819 4
    endloop
  endfacet
  facet normal 0 0 -1
    outer loop
      vertex -13.9271 -1.75537 4
      vertex -13.9271 1.75537 4
      vertex -13.7515 1.81819 4
    endloop
  endfacet
  facet normal 0 0 -1
    outer loop
      vertex -14.0957 -1.67565 4
      vertex -13.9271 1.75537 4
      vertex -13.9271 -1.75537 4
    endloop
  endfacet
  facet normal 0 0 -1
    outer loop
      vertex -14.0957 -1.67565 4
      vertex -14.0957 1.67565 4
      vertex -13.9271 1.75537 4
    endloop
  endfacet
  facet normal 0 0 -1
    outer loop
      vertex -14.2556 -1.57979 4
      vertex -14.0957 1.67565 4
      vertex -14.0957 -1.67565 4
    endloop
  endfacet
  facet normal 0 0 -1
    outer loop
      vertex -14.2556 -1.57979 4
      vertex -14.2556 1.57979 4
      vertex -14.0957 1.67565 4
    endloop
  endfacet
  facet normal 0 0 -1
    outer loop
      vertex -14.4053 -1.46872 4
      vertex -14.2556 1.57979 4
      vertex -14.2556 -1.57979 4
    endloop
  endfacet
  facet normal 0 0 -1
    outer loop
      vertex -14.4053 -1.46872 4
      vertex -14.4053 1.46872 4
      vertex -14.2556 1.57979 4
    endloop
  endfacet
  facet normal 0 0 -1
    outer loop
      vertex -14.5435 -1.3435 4
      vertex -14.4053 1.46872 4
      vertex -14.4053 -1.46872 4
    endloop
  endfacet
  facet normal 0 0 -1
    outer loop
      vertex -14.5435 -1.3435 4
      vertex -14.5435 1.3435 4
      vertex -14.4053 1.46872 4
    endloop
  endfacet
  facet normal 0 0 -1
    outer loop
      vertex -14.6687 -1.20535 4
      vertex -14.5435 1.3435 4
      vertex -14.5435 -1.3435 4
    endloop
  endfacet
  facet normal 0 0 -1
    outer loop
      vertex -14.6687 -1.20535 4
      vertex -14.6687 1.20535 4
      vertex -14.5435 1.3435 4
    endloop
  endfacet
  facet normal 0 0 -1
    outer loop
      vertex -14.7798 -1.05558 4
      vertex -14.6687 1.20535 4
      vertex -14.6687 -1.20535 4
    endloop
  endfacet
  facet normal 0 0 -1
    outer loop
      vertex -14.7798 -1.05558 4
      vertex -14.7798 1.05558 4
      vertex -14.6687 1.20535 4
    endloop
  endfacet
  facet normal 0 0 -1
    outer loop
      vertex -14.8756 -0.895654 4
      vertex -14.7798 1.05558 4
      vertex -14.7798 -1.05558 4
    endloop
  endfacet
  facet normal 0 0 -1
    outer loop
      vertex -14.8756 -0.895654 4
      vertex -14.8756 0.895654 4
      vertex -14.7798 1.05558 4
    endloop
  endfacet
  facet normal 0 0 -1
    outer loop
      vertex -14.9554 -0.727098 4
      vertex -14.8756 0.895654 4
      vertex -14.8756 -0.895654 4
    endloop
  endfacet
  facet normal 0 0 -1
    outer loop
      vertex -14.9554 -0.727098 4
      vertex -14.9554 0.727098 4
      vertex -14.8756 0.895654 4
    endloop
  endfacet
  facet normal 0 0 -1
    outer loop
      vertex -15.0182 -0.55154 4
      vertex -14.9554 0.727098 4
      vertex -14.9554 -0.727098 4
    endloop
  endfacet
  facet normal 0 0 -1
    outer loop
      vertex -15.0182 -0.55154 4
      vertex -15.0182 0.55154 4
      vertex -14.9554 0.727098 4
    endloop
  endfacet
  facet normal 0 0 -1
    outer loop
      vertex -15.0635 -0.370671 4
      vertex -15.0182 0.55154 4
      vertex -15.0182 -0.55154 4
    endloop
  endfacet
  facet normal 0 0 -1
    outer loop
      vertex -15.0635 -0.370671 4
      vertex -15.0635 0.370671 4
      vertex -15.0182 0.55154 4
    endloop
  endfacet
  facet normal 0 0 -1
    outer loop
      vertex -15.0909 -0.186232 4
      vertex -15.0635 0.370671 4
      vertex -15.0635 -0.370671 4
    endloop
  endfacet
  facet normal 0 0 -1
    outer loop
      vertex -15.0909 -0.186232 4
      vertex -15.0909 0.186232 4
      vertex -15.0635 0.370671 4
    endloop
  endfacet
  facet normal 0 -0 -1
    outer loop
      vertex -15.0909 0.186232 4
      vertex -15.0909 -0.186232 4
      vertex -15.1 0 4
    endloop
  endfacet
  facet normal -0.989145 -0.146946 0
    outer loop
      vertex -15.0635 -0.370671 4
      vertex -15.0909 -0.186232 13
      vertex -15.0909 -0.186232 4
    endloop
  endfacet
  facet normal -0.989145 -0.146946 0
    outer loop
      vertex -15.0909 -0.186232 13
      vertex -15.0635 -0.370671 4
      vertex -15.0635 -0.370671 13
    endloop
  endfacet
  facet normal 0.336839 0.941562 -0
    outer loop
      vertex -12.4729 1.75537 4
      vertex -12.6485 1.81819 13
      vertex -12.4729 1.75537 13
    endloop
  endfacet
  facet normal 0.336839 0.941562 0
    outer loop
      vertex -12.6485 1.81819 13
      vertex -12.4729 1.75537 4
      vertex -12.6485 1.81819 4
    endloop
  endfacet
  facet normal 0.51418 0.857682 -0
    outer loop
      vertex -12.1444 1.57979 4
      vertex -12.3043 1.67565 13
      vertex -12.1444 1.57979 13
    endloop
  endfacet
  facet normal 0.51418 0.857682 0
    outer loop
      vertex -12.3043 1.67565 13
      vertex -12.1444 1.57979 4
      vertex -12.3043 1.67565 4
    endloop
  endfacet
  facet normal -0.336839 0.941562 0
    outer loop
      vertex -13.7515 1.81819 4
      vertex -13.9271 1.75537 13
      vertex -13.7515 1.81819 13
    endloop
  endfacet
  facet normal -0.336839 0.941562 0
    outer loop
      vertex -13.9271 1.75537 13
      vertex -13.7515 1.81819 4
      vertex -13.9271 1.75537 4
    endloop
  endfacet
  facet normal 0.595855 -0.803092 0
    outer loop
      vertex -12.1444 -1.57979 4
      vertex -11.9947 -1.46872 13
      vertex -12.1444 -1.57979 13
    endloop
  endfacet
  facet normal 0.595855 -0.803092 0
    outer loop
      vertex -11.9947 -1.46872 13
      vertex -12.1444 -1.57979 4
      vertex -11.9947 -1.46872 4
    endloop
  endfacet
  facet normal 0.904033 0.427463 0
    outer loop
      vertex -11.4446 0.727098 13
      vertex -11.5243 0.895654 4
      vertex -11.5243 0.895654 13
    endloop
  endfacet
  facet normal 0.904033 0.427463 0
    outer loop
      vertex -11.5243 0.895654 4
      vertex -11.4446 0.727098 13
      vertex -11.4446 0.727098 4
    endloop
  endfacet
  facet normal 0.941571 -0.336815 0
    outer loop
      vertex -11.4446 -0.727098 13
      vertex -11.3818 -0.55154 4
      vertex -11.3818 -0.55154 13
    endloop
  endfacet
  facet normal 0.941571 -0.336815 0
    outer loop
      vertex -11.3818 -0.55154 4
      vertex -11.4446 -0.727098 13
      vertex -11.4446 -0.727098 4
    endloop
  endfacet
  facet normal 0.146689 0.989183 -0
    outer loop
      vertex -12.8293 1.86349 4
      vertex -13.0138 1.89085 13
      vertex -12.8293 1.86349 13
    endloop
  endfacet
  facet normal 0.146689 0.989183 0
    outer loop
      vertex -13.0138 1.89085 13
      vertex -12.8293 1.86349 4
      vertex -13.0138 1.89085 4
    endloop
  endfacet
  facet normal 0.146689 -0.989183 0
    outer loop
      vertex -13.0138 -1.89085 4
      vertex -12.8293 -1.86349 13
      vertex -13.0138 -1.89085 13
    endloop
  endfacet
  facet normal 0.146689 -0.989183 0
    outer loop
      vertex -12.8293 -1.86349 13
      vertex -13.0138 -1.89085 4
      vertex -12.8293 -1.86349 4
    endloop
  endfacet
  facet normal -0.51418 0.857682 0
    outer loop
      vertex -14.0957 1.67565 4
      vertex -14.2556 1.57979 13
      vertex -14.0957 1.67565 13
    endloop
  endfacet
  facet normal -0.51418 0.857682 0
    outer loop
      vertex -14.2556 1.57979 13
      vertex -14.0957 1.67565 4
      vertex -14.2556 1.57979 4
    endloop
  endfacet
  facet normal 0.740983 -0.671524 0
    outer loop
      vertex -11.8565 -1.3435 13
      vertex -11.7313 -1.20535 4
      vertex -11.7313 -1.20535 13
    endloop
  endfacet
  facet normal 0.740983 -0.671524 0
    outer loop
      vertex -11.7313 -1.20535 4
      vertex -11.8565 -1.3435 13
      vertex -11.8565 -1.3435 4
    endloop
  endfacet
  facet normal -0.671449 -0.74105 0
    outer loop
      vertex -14.5435 -1.3435 4
      vertex -14.4053 -1.46872 13
      vertex -14.5435 -1.3435 13
    endloop
  endfacet
  facet normal -0.671449 -0.74105 -0
    outer loop
      vertex -14.4053 -1.46872 13
      vertex -14.5435 -1.3435 4
      vertex -14.4053 -1.46872 4
    endloop
  endfacet
  facet normal 0.941571 0.336815 0
    outer loop
      vertex -11.3818 0.55154 13
      vertex -11.4446 0.727098 4
      vertex -11.4446 0.727098 13
    endloop
  endfacet
  facet normal 0.941571 0.336815 0
    outer loop
      vertex -11.4446 0.727098 4
      vertex -11.3818 0.55154 13
      vertex -11.3818 0.55154 4
    endloop
  endfacet
  facet normal 0.857624 -0.514277 0
    outer loop
      vertex -11.6202 -1.05558 13
      vertex -11.5243 -0.895654 4
      vertex -11.5243 -0.895654 13
    endloop
  endfacet
  facet normal 0.857624 -0.514277 0
    outer loop
      vertex -11.5243 -0.895654 4
      vertex -11.6202 -1.05558 13
      vertex -11.6202 -1.05558 4
    endloop
  endfacet
  facet normal -0.336839 -0.941562 0
    outer loop
      vertex -13.9271 -1.75537 4
      vertex -13.7515 -1.81819 13
      vertex -13.9271 -1.75537 13
    endloop
  endfacet
  facet normal -0.336839 -0.941562 -0
    outer loop
      vertex -13.7515 -1.81819 13
      vertex -13.9271 -1.75537 4
      vertex -13.7515 -1.81819 4
    endloop
  endfacet
  facet normal -0.803149 -0.595779 0
    outer loop
      vertex -14.6687 -1.20535 4
      vertex -14.7798 -1.05558 13
      vertex -14.7798 -1.05558 4
    endloop
  endfacet
  facet normal -0.803149 -0.595779 0
    outer loop
      vertex -14.7798 -1.05558 13
      vertex -14.6687 -1.20535 4
      vertex -14.6687 -1.20535 13
    endloop
  endfacet
  facet normal 0.427459 -0.904035 0
    outer loop
      vertex -12.4729 -1.75537 4
      vertex -12.3043 -1.67565 13
      vertex -12.4729 -1.75537 13
    endloop
  endfacet
  facet normal 0.427459 -0.904035 0
    outer loop
      vertex -12.3043 -1.67565 13
      vertex -12.4729 -1.75537 4
      vertex -12.3043 -1.67565 4
    endloop
  endfacet
  facet normal 0.989145 -0.146946 0
    outer loop
      vertex -11.3365 -0.370671 13
      vertex -11.3091 -0.186232 4
      vertex -11.3091 -0.186232 13
    endloop
  endfacet
  facet normal 0.989145 -0.146946 0
    outer loop
      vertex -11.3091 -0.186232 4
      vertex -11.3365 -0.370671 13
      vertex -11.3365 -0.370671 4
    endloop
  endfacet
  facet normal -0.903826 -0.427901 0
    outer loop
      vertex -14.8756 -0.895654 4
      vertex -14.9554 -0.727098 13
      vertex -14.9554 -0.727098 4
    endloop
  endfacet
  facet normal -0.903826 -0.427901 0
    outer loop
      vertex -14.9554 -0.727098 13
      vertex -14.8756 -0.895654 4
      vertex -14.8756 -0.895654 13
    endloop
  endfacet
  facet normal -0.998808 -0.0488056 0
    outer loop
      vertex -15.0909 -0.186232 4
      vertex -15.1 0 13
      vertex -15.1 0 4
    endloop
  endfacet
  facet normal -0.998808 -0.0488056 0
    outer loop
      vertex -15.1 0 13
      vertex -15.0909 -0.186232 4
      vertex -15.0909 -0.186232 13
    endloop
  endfacet
  facet normal -0.857861 -0.513882 0
    outer loop
      vertex -14.7798 -1.05558 4
      vertex -14.8756 -0.895654 13
      vertex -14.8756 -0.895654 4
    endloop
  endfacet
  facet normal -0.857861 -0.513882 0
    outer loop
      vertex -14.8756 -0.895654 13
      vertex -14.7798 -1.05558 4
      vertex -14.7798 -1.05558 13
    endloop
  endfacet
  facet normal 0.857624 0.514277 0
    outer loop
      vertex -11.5243 0.895654 13
      vertex -11.6202 1.05558 4
      vertex -11.6202 1.05558 13
    endloop
  endfacet
  facet normal 0.857624 0.514277 0
    outer loop
      vertex -11.6202 1.05558 4
      vertex -11.5243 0.895654 13
      vertex -11.5243 0.895654 4
    endloop
  endfacet
  facet normal 0.740983 0.671524 0
    outer loop
      vertex -11.7313 1.20535 13
      vertex -11.8565 1.3435 4
      vertex -11.8565 1.3435 13
    endloop
  endfacet
  facet normal 0.740983 0.671524 0
    outer loop
      vertex -11.8565 1.3435 4
      vertex -11.7313 1.20535 13
      vertex -11.7313 1.20535 4
    endloop
  endfacet
  facet normal -0.671449 0.74105 0
    outer loop
      vertex -14.4053 1.46872 4
      vertex -14.5435 1.3435 13
      vertex -14.4053 1.46872 13
    endloop
  endfacet
  facet normal -0.671449 0.74105 0
    outer loop
      vertex -14.5435 1.3435 13
      vertex -14.4053 1.46872 4
      vertex -14.5435 1.3435 4
    endloop
  endfacet
  facet normal -0.941571 -0.336815 0
    outer loop
      vertex -14.9554 -0.727098 4
      vertex -15.0182 -0.55154 13
      vertex -15.0182 -0.55154 4
    endloop
  endfacet
  facet normal -0.941571 -0.336815 0
    outer loop
      vertex -15.0182 -0.55154 13
      vertex -14.9554 -0.727098 4
      vertex -14.9554 -0.727098 13
    endloop
  endfacet
  facet normal -0.740983 0.671524 0
    outer loop
      vertex -14.6687 1.20535 4
      vertex -14.5435 1.3435 13
      vertex -14.5435 1.3435 4
    endloop
  endfacet
  facet normal -0.740983 0.671524 0
    outer loop
      vertex -14.5435 1.3435 13
      vertex -14.6687 1.20535 4
      vertex -14.6687 1.20535 13
    endloop
  endfacet
  facet normal 0.0490815 -0.998795 0
    outer loop
      vertex -13.2 -1.9 4
      vertex -13.0138 -1.89085 13
      vertex -13.2 -1.9 13
    endloop
  endfacet
  facet normal 0.0490815 -0.998795 0
    outer loop
      vertex -13.0138 -1.89085 13
      vertex -13.2 -1.9 4
      vertex -13.0138 -1.89085 4
    endloop
  endfacet
  facet normal 0.336839 -0.941562 0
    outer loop
      vertex -12.6485 -1.81819 4
      vertex -12.4729 -1.75537 13
      vertex -12.6485 -1.81819 13
    endloop
  endfacet
  facet normal 0.336839 -0.941562 0
    outer loop
      vertex -12.4729 -1.75537 13
      vertex -12.6485 -1.81819 4
      vertex -12.4729 -1.75537 4
    endloop
  endfacet
  facet normal 0.243041 -0.970016 0
    outer loop
      vertex -12.8293 -1.86349 4
      vertex -12.6485 -1.81819 13
      vertex -12.8293 -1.86349 13
    endloop
  endfacet
  facet normal 0.243041 -0.970016 0
    outer loop
      vertex -12.6485 -1.81819 13
      vertex -12.8293 -1.86349 4
      vertex -12.6485 -1.81819 4
    endloop
  endfacet
  facet normal -0.803149 0.595779 0
    outer loop
      vertex -14.7798 1.05558 4
      vertex -14.6687 1.20535 13
      vertex -14.6687 1.20535 4
    endloop
  endfacet
  facet normal -0.803149 0.595779 0
    outer loop
      vertex -14.6687 1.20535 13
      vertex -14.7798 1.05558 4
      vertex -14.7798 1.05558 13
    endloop
  endfacet
  facet normal 0.904033 -0.427463 0
    outer loop
      vertex -11.5243 -0.895654 13
      vertex -11.4446 -0.727098 4
      vertex -11.4446 -0.727098 13
    endloop
  endfacet
  facet normal 0.904033 -0.427463 0
    outer loop
      vertex -11.4446 -0.727098 4
      vertex -11.5243 -0.895654 13
      vertex -11.5243 -0.895654 4
    endloop
  endfacet
  facet normal 0.51418 -0.857682 0
    outer loop
      vertex -12.3043 -1.67565 4
      vertex -12.1444 -1.57979 13
      vertex -12.3043 -1.67565 13
    endloop
  endfacet
  facet normal 0.51418 -0.857682 0
    outer loop
      vertex -12.1444 -1.57979 13
      vertex -12.3043 -1.67565 4
      vertex -12.1444 -1.57979 4
    endloop
  endfacet
  facet normal 0.671449 -0.74105 0
    outer loop
      vertex -11.9947 -1.46872 4
      vertex -11.8565 -1.3435 13
      vertex -11.9947 -1.46872 13
    endloop
  endfacet
  facet normal 0.671449 -0.74105 0
    outer loop
      vertex -11.8565 -1.3435 13
      vertex -11.9947 -1.46872 4
      vertex -11.8565 -1.3435 4
    endloop
  endfacet
  facet normal -0.998808 0.0488056 0
    outer loop
      vertex -15.1 0 4
      vertex -15.0909 0.186232 13
      vertex -15.0909 0.186232 4
    endloop
  endfacet
  facet normal -0.998808 0.0488056 0
    outer loop
      vertex -15.0909 0.186232 13
      vertex -15.1 0 4
      vertex -15.1 0 13
    endloop
  endfacet
  facet normal -0.146689 -0.989183 0
    outer loop
      vertex -13.5707 -1.86349 4
      vertex -13.3862 -1.89085 13
      vertex -13.5707 -1.86349 13
    endloop
  endfacet
  facet normal -0.146689 -0.989183 -0
    outer loop
      vertex -13.3862 -1.89085 13
      vertex -13.5707 -1.86349 4
      vertex -13.3862 -1.89085 4
    endloop
  endfacet
  facet normal -0.51418 -0.857682 0
    outer loop
      vertex -14.2556 -1.57979 4
      vertex -14.0957 -1.67565 13
      vertex -14.2556 -1.57979 13
    endloop
  endfacet
  facet normal -0.51418 -0.857682 -0
    outer loop
      vertex -14.0957 -1.67565 13
      vertex -14.2556 -1.57979 4
      vertex -14.0957 -1.67565 4
    endloop
  endfacet
  facet normal 0.243041 0.970016 -0
    outer loop
      vertex -12.6485 1.81819 4
      vertex -12.8293 1.86349 13
      vertex -12.6485 1.81819 13
    endloop
  endfacet
  facet normal 0.243041 0.970016 0
    outer loop
      vertex -12.8293 1.86349 13
      vertex -12.6485 1.81819 4
      vertex -12.8293 1.86349 4
    endloop
  endfacet
  facet normal -0.243041 -0.970016 0
    outer loop
      vertex -13.7515 -1.81819 4
      vertex -13.5707 -1.86349 13
      vertex -13.7515 -1.81819 13
    endloop
  endfacet
  facet normal -0.243041 -0.970016 -0
    outer loop
      vertex -13.5707 -1.86349 13
      vertex -13.7515 -1.81819 4
      vertex -13.5707 -1.86349 4
    endloop
  endfacet
  facet normal -0.595855 -0.803092 0
    outer loop
      vertex -14.4053 -1.46872 4
      vertex -14.2556 -1.57979 13
      vertex -14.4053 -1.46872 13
    endloop
  endfacet
  facet normal -0.595855 -0.803092 -0
    outer loop
      vertex -14.2556 -1.57979 13
      vertex -14.4053 -1.46872 4
      vertex -14.2556 -1.57979 4
    endloop
  endfacet
  facet normal -0.857861 0.513882 0
    outer loop
      vertex -14.8756 0.895654 4
      vertex -14.7798 1.05558 13
      vertex -14.7798 1.05558 4
    endloop
  endfacet
  facet normal -0.857861 0.513882 0
    outer loop
      vertex -14.7798 1.05558 13
      vertex -14.8756 0.895654 4
      vertex -14.8756 0.895654 13
    endloop
  endfacet
  facet normal 0 0 1
    outer loop
      vertex -11.3091 0.186232 13
      vertex -11.3091 -0.186232 13
      vertex -11.3 0 13
    endloop
  endfacet
  facet normal 0 0 1
    outer loop
      vertex -11.3365 0.370671 13
      vertex -11.3091 -0.186232 13
      vertex -11.3091 0.186232 13
    endloop
  endfacet
  facet normal 0 0 1
    outer loop
      vertex -11.3365 0.370671 13
      vertex -11.3365 -0.370671 13
      vertex -11.3091 -0.186232 13
    endloop
  endfacet
  facet normal 0 0 1
    outer loop
      vertex -11.3818 0.55154 13
      vertex -11.3365 -0.370671 13
      vertex -11.3365 0.370671 13
    endloop
  endfacet
  facet normal 0 0 1
    outer loop
      vertex -11.3818 0.55154 13
      vertex -11.3818 -0.55154 13
      vertex -11.3365 -0.370671 13
    endloop
  endfacet
  facet normal 0 0 1
    outer loop
      vertex -11.4446 0.727098 13
      vertex -11.3818 -0.55154 13
      vertex -11.3818 0.55154 13
    endloop
  endfacet
  facet normal 0 0 1
    outer loop
      vertex -11.4446 0.727098 13
      vertex -11.4446 -0.727098 13
      vertex -11.3818 -0.55154 13
    endloop
  endfacet
  facet normal 0 0 1
    outer loop
      vertex -11.5243 0.895654 13
      vertex -11.4446 -0.727098 13
      vertex -11.4446 0.727098 13
    endloop
  endfacet
  facet normal 0 0 1
    outer loop
      vertex -11.5243 0.895654 13
      vertex -11.5243 -0.895654 13
      vertex -11.4446 -0.727098 13
    endloop
  endfacet
  facet normal 0 0 1
    outer loop
      vertex -11.6202 1.05558 13
      vertex -11.5243 -0.895654 13
      vertex -11.5243 0.895654 13
    endloop
  endfacet
  facet normal 0 0 1
    outer loop
      vertex -11.6202 1.05558 13
      vertex -11.6202 -1.05558 13
      vertex -11.5243 -0.895654 13
    endloop
  endfacet
  facet normal 0 0 1
    outer loop
      vertex -11.7313 1.20535 13
      vertex -11.6202 -1.05558 13
      vertex -11.6202 1.05558 13
    endloop
  endfacet
  facet normal 0 0 1
    outer loop
      vertex -11.7313 1.20535 13
      vertex -11.7313 -1.20535 13
      vertex -11.6202 -1.05558 13
    endloop
  endfacet
  facet normal 0 0 1
    outer loop
      vertex -11.8565 1.3435 13
      vertex -11.7313 -1.20535 13
      vertex -11.7313 1.20535 13
    endloop
  endfacet
  facet normal 0 0 1
    outer loop
      vertex -11.8565 1.3435 13
      vertex -11.8565 -1.3435 13
      vertex -11.7313 -1.20535 13
    endloop
  endfacet
  facet normal 0 0 1
    outer loop
      vertex -11.9947 1.46872 13
      vertex -11.8565 -1.3435 13
      vertex -11.8565 1.3435 13
    endloop
  endfacet
  facet normal 0 0 1
    outer loop
      vertex -11.9947 1.46872 13
      vertex -11.9947 -1.46872 13
      vertex -11.8565 -1.3435 13
    endloop
  endfacet
  facet normal 0 0 1
    outer loop
      vertex -12.1444 1.57979 13
      vertex -11.9947 -1.46872 13
      vertex -11.9947 1.46872 13
    endloop
  endfacet
  facet normal 0 0 1
    outer loop
      vertex -12.1444 1.57979 13
      vertex -12.1444 -1.57979 13
      vertex -11.9947 -1.46872 13
    endloop
  endfacet
  facet normal 0 0 1
    outer loop
      vertex -12.3043 1.67565 13
      vertex -12.1444 -1.57979 13
      vertex -12.1444 1.57979 13
    endloop
  endfacet
  facet normal 0 0 1
    outer loop
      vertex -12.3043 1.67565 13
      vertex -12.3043 -1.67565 13
      vertex -12.1444 -1.57979 13
    endloop
  endfacet
  facet normal 0 0 1
    outer loop
      vertex -12.4729 1.75537 13
      vertex -12.3043 -1.67565 13
      vertex -12.3043 1.67565 13
    endloop
  endfacet
  facet normal 0 0 1
    outer loop
      vertex -12.4729 1.75537 13
      vertex -12.4729 -1.75537 13
      vertex -12.3043 -1.67565 13
    endloop
  endfacet
  facet normal 0 0 1
    outer loop
      vertex -12.6485 1.81819 13
      vertex -12.4729 -1.75537 13
      vertex -12.4729 1.75537 13
    endloop
  endfacet
  facet normal 0 0 1
    outer loop
      vertex -12.6485 1.81819 13
      vertex -12.6485 -1.81819 13
      vertex -12.4729 -1.75537 13
    endloop
  endfacet
  facet normal 0 0 1
    outer loop
      vertex -12.8293 1.86349 13
      vertex -12.6485 -1.81819 13
      vertex -12.6485 1.81819 13
    endloop
  endfacet
  facet normal 0 0 1
    outer loop
      vertex -12.8293 1.86349 13
      vertex -12.8293 -1.86349 13
      vertex -12.6485 -1.81819 13
    endloop
  endfacet
  facet normal 0 0 1
    outer loop
      vertex -13.0138 1.89085 13
      vertex -12.8293 -1.86349 13
      vertex -12.8293 1.86349 13
    endloop
  endfacet
  facet normal 0 0 1
    outer loop
      vertex -13.0138 1.89085 13
      vertex -13.0138 -1.89085 13
      vertex -12.8293 -1.86349 13
    endloop
  endfacet
  facet normal 0 0 1
    outer loop
      vertex -13.2 1.9 13
      vertex -13.0138 -1.89085 13
      vertex -13.0138 1.89085 13
    endloop
  endfacet
  facet normal 0 0 1
    outer loop
      vertex -13.2 1.9 13
      vertex -13.2 -1.9 13
      vertex -13.0138 -1.89085 13
    endloop
  endfacet
  facet normal -0 0 1
    outer loop
      vertex -13.3862 1.89085 13
      vertex -13.2 -1.9 13
      vertex -13.2 1.9 13
    endloop
  endfacet
  facet normal 0 0 1
    outer loop
      vertex -13.3862 1.89085 13
      vertex -13.3862 -1.89085 13
      vertex -13.2 -1.9 13
    endloop
  endfacet
  facet normal -0 0 1
    outer loop
      vertex -13.5707 1.86349 13
      vertex -13.3862 -1.89085 13
      vertex -13.3862 1.89085 13
    endloop
  endfacet
  facet normal 0 0 1
    outer loop
      vertex -13.5707 1.86349 13
      vertex -13.5707 -1.86349 13
      vertex -13.3862 -1.89085 13
    endloop
  endfacet
  facet normal -0 0 1
    outer loop
      vertex -13.7515 1.81819 13
      vertex -13.5707 -1.86349 13
      vertex -13.5707 1.86349 13
    endloop
  endfacet
  facet normal 0 0 1
    outer loop
      vertex -13.7515 1.81819 13
      vertex -13.7515 -1.81819 13
      vertex -13.5707 -1.86349 13
    endloop
  endfacet
  facet normal -0 0 1
    outer loop
      vertex -13.9271 1.75537 13
      vertex -13.7515 -1.81819 13
      vertex -13.7515 1.81819 13
    endloop
  endfacet
  facet normal 0 0 1
    outer loop
      vertex -13.9271 1.75537 13
      vertex -13.9271 -1.75537 13
      vertex -13.7515 -1.81819 13
    endloop
  endfacet
  facet normal -0 0 1
    outer loop
      vertex -14.0957 1.67565 13
      vertex -13.9271 -1.75537 13
      vertex -13.9271 1.75537 13
    endloop
  endfacet
  facet normal 0 0 1
    outer loop
      vertex -14.0957 1.67565 13
      vertex -14.0957 -1.67565 13
      vertex -13.9271 -1.75537 13
    endloop
  endfacet
  facet normal -0 0 1
    outer loop
      vertex -14.2556 1.57979 13
      vertex -14.0957 -1.67565 13
      vertex -14.0957 1.67565 13
    endloop
  endfacet
  facet normal 0 0 1
    outer loop
      vertex -14.2556 1.57979 13
      vertex -14.2556 -1.57979 13
      vertex -14.0957 -1.67565 13
    endloop
  endfacet
  facet normal -0 0 1
    outer loop
      vertex -14.4053 1.46872 13
      vertex -14.2556 -1.57979 13
      vertex -14.2556 1.57979 13
    endloop
  endfacet
  facet normal 0 0 1
    outer loop
      vertex -14.4053 1.46872 13
      vertex -14.4053 -1.46872 13
      vertex -14.2556 -1.57979 13
    endloop
  endfacet
  facet normal -0 0 1
    outer loop
      vertex -14.5435 1.3435 13
      vertex -14.4053 -1.46872 13
      vertex -14.4053 1.46872 13
    endloop
  endfacet
  facet normal 0 0 1
    outer loop
      vertex -14.5435 1.3435 13
      vertex -14.5435 -1.3435 13
      vertex -14.4053 -1.46872 13
    endloop
  endfacet
  facet normal -0 0 1
    outer loop
      vertex -14.6687 1.20535 13
      vertex -14.5435 -1.3435 13
      vertex -14.5435 1.3435 13
    endloop
  endfacet
  facet normal 0 0 1
    outer loop
      vertex -14.6687 1.20535 13
      vertex -14.6687 -1.20535 13
      vertex -14.5435 -1.3435 13
    endloop
  endfacet
  facet normal -0 0 1
    outer loop
      vertex -14.7798 1.05558 13
      vertex -14.6687 -1.20535 13
      vertex -14.6687 1.20535 13
    endloop
  endfacet
  facet normal 0 0 1
    outer loop
      vertex -14.7798 1.05558 13
      vertex -14.7798 -1.05558 13
      vertex -14.6687 -1.20535 13
    endloop
  endfacet
  facet normal -0 0 1
    outer loop
      vertex -14.8756 0.895654 13
      vertex -14.7798 -1.05558 13
      vertex -14.7798 1.05558 13
    endloop
  endfacet
  facet normal 0 0 1
    outer loop
      vertex -14.8756 0.895654 13
      vertex -14.8756 -0.895654 13
      vertex -14.7798 -1.05558 13
    endloop
  endfacet
  facet normal -0 0 1
    outer loop
      vertex -14.9554 0.727098 13
      vertex -14.8756 -0.895654 13
      vertex -14.8756 0.895654 13
    endloop
  endfacet
  facet normal 0 0 1
    outer loop
      vertex -14.9554 0.727098 13
      vertex -14.9554 -0.727098 13
      vertex -14.8756 -0.895654 13
    endloop
  endfacet
  facet normal -0 0 1
    outer loop
      vertex -15.0182 0.55154 13
      vertex -14.9554 -0.727098 13
      vertex -14.9554 0.727098 13
    endloop
  endfacet
  facet normal 0 0 1
    outer loop
      vertex -15.0182 0.55154 13
      vertex -15.0182 -0.55154 13
      vertex -14.9554 -0.727098 13
    endloop
  endfacet
  facet normal -0 0 1
    outer loop
      vertex -15.0635 0.370671 13
      vertex -15.0182 -0.55154 13
      vertex -15.0182 0.55154 13
    endloop
  endfacet
  facet normal 0 0 1
    outer loop
      vertex -15.0635 0.370671 13
      vertex -15.0635 -0.370671 13
      vertex -15.0182 -0.55154 13
    endloop
  endfacet
  facet normal -0 0 1
    outer loop
      vertex -15.0909 0.186232 13
      vertex -15.0635 -0.370671 13
      vertex -15.0635 0.370671 13
    endloop
  endfacet
  facet normal 0 0 1
    outer loop
      vertex -15.0909 0.186232 13
      vertex -15.0909 -0.186232 13
      vertex -15.0635 -0.370671 13
    endloop
  endfacet
  facet normal 0 -0 1
    outer loop
      vertex -15.0909 -0.186232 13
      vertex -15.0909 0.186232 13
      vertex -15.1 0 13
    endloop
  endfacet
  facet normal 0.989145 0.146946 0
    outer loop
      vertex 15.0909 0.186232 13
      vertex 15.0635 0.370671 4
      vertex 15.0635 0.370671 13
    endloop
  endfacet
  facet normal 0.989145 0.146946 0
    outer loop
      vertex 15.0635 0.370671 4
      vertex 15.0909 0.186232 13
      vertex 15.0909 0.186232 4
    endloop
  endfacet
  facet normal 0.998808 0.0488056 0
    outer loop
      vertex 15.1 0 13
      vertex 15.0909 0.186232 4
      vertex 15.0909 0.186232 13
    endloop
  endfacet
  facet normal 0.998808 0.0488056 0
    outer loop
      vertex 15.0909 0.186232 4
      vertex 15.1 0 13
      vertex 15.1 0 4
    endloop
  endfacet
  facet normal 0.970038 0.242953 0
    outer loop
      vertex 15.0635 0.370671 13
      vertex 15.0182 0.55154 4
      vertex 15.0182 0.55154 13
    endloop
  endfacet
  facet normal 0.970038 0.242953 0
    outer loop
      vertex 15.0182 0.55154 4
      vertex 15.0635 0.370671 13
      vertex 15.0635 0.370671 4
    endloop
  endfacet
  facet normal 0.336839 -0.941562 0
    outer loop
      vertex 13.7515 -1.81819 4
      vertex 13.9271 -1.75537 13
      vertex 13.7515 -1.81819 13
    endloop
  endfacet
  facet normal 0.336839 -0.941562 0
    outer loop
      vertex 13.9271 -1.75537 13
      vertex 13.7515 -1.81819 4
      vertex 13.9271 -1.75537 4
    endloop
  endfacet
  facet normal -0.0490815 0.998795 0
    outer loop
      vertex 13.2 1.9 4
      vertex 13.0138 1.89085 13
      vertex 13.2 1.9 13
    endloop
  endfacet
  facet normal -0.0490815 0.998795 0
    outer loop
      vertex 13.0138 1.89085 13
      vertex 13.2 1.9 4
      vertex 13.0138 1.89085 4
    endloop
  endfacet
  facet normal 0.243041 0.970016 -0
    outer loop
      vertex 13.7515 1.81819 4
      vertex 13.5707 1.86349 13
      vertex 13.7515 1.81819 13
    endloop
  endfacet
  facet normal 0.243041 0.970016 0
    outer loop
      vertex 13.5707 1.86349 13
      vertex 13.7515 1.81819 4
      vertex 13.5707 1.86349 4
    endloop
  endfacet
  facet normal -0.336839 0.941562 0
    outer loop
      vertex 12.6485 1.81819 4
      vertex 12.4729 1.75537 13
      vertex 12.6485 1.81819 13
    endloop
  endfacet
  facet normal -0.336839 0.941562 0
    outer loop
      vertex 12.4729 1.75537 13
      vertex 12.6485 1.81819 4
      vertex 12.4729 1.75537 4
    endloop
  endfacet
  facet normal 0 0 -1
    outer loop
      vertex 15.0909 -0.186232 4
      vertex 15.0909 0.186232 4
      vertex 15.1 0 4
    endloop
  endfacet
  facet normal 0 0 -1
    outer loop
      vertex 15.0635 -0.370671 4
      vertex 15.0909 0.186232 4
      vertex 15.0909 -0.186232 4
    endloop
  endfacet
  facet normal 0 0 -1
    outer loop
      vertex 15.0635 -0.370671 4
      vertex 15.0635 0.370671 4
      vertex 15.0909 0.186232 4
    endloop
  endfacet
  facet normal 0 0 -1
    outer loop
      vertex 15.0182 -0.55154 4
      vertex 15.0635 0.370671 4
      vertex 15.0635 -0.370671 4
    endloop
  endfacet
  facet normal 0 0 -1
    outer loop
      vertex 15.0182 -0.55154 4
      vertex 15.0182 0.55154 4
      vertex 15.0635 0.370671 4
    endloop
  endfacet
  facet normal 0 0 -1
    outer loop
      vertex 14.9554 -0.727098 4
      vertex 15.0182 0.55154 4
      vertex 15.0182 -0.55154 4
    endloop
  endfacet
  facet normal 0 0 -1
    outer loop
      vertex 14.9554 -0.727098 4
      vertex 14.9554 0.727098 4
      vertex 15.0182 0.55154 4
    endloop
  endfacet
  facet normal 0 0 -1
    outer loop
      vertex 14.8756 -0.895654 4
      vertex 14.9554 0.727098 4
      vertex 14.9554 -0.727098 4
    endloop
  endfacet
  facet normal 0 0 -1
    outer loop
      vertex 14.8756 -0.895654 4
      vertex 14.8756 0.895654 4
      vertex 14.9554 0.727098 4
    endloop
  endfacet
  facet normal 0 0 -1
    outer loop
      vertex 14.7798 -1.05558 4
      vertex 14.8756 0.895654 4
      vertex 14.8756 -0.895654 4
    endloop
  endfacet
  facet normal 0 0 -1
    outer loop
      vertex 14.7798 -1.05558 4
      vertex 14.7798 1.05558 4
      vertex 14.8756 0.895654 4
    endloop
  endfacet
  facet normal 0 0 -1
    outer loop
      vertex 14.6687 -1.20535 4
      vertex 14.7798 1.05558 4
      vertex 14.7798 -1.05558 4
    endloop
  endfacet
  facet normal 0 0 -1
    outer loop
      vertex 14.6687 -1.20535 4
      vertex 14.6687 1.20535 4
      vertex 14.7798 1.05558 4
    endloop
  endfacet
  facet normal 0 0 -1
    outer loop
      vertex 14.5435 -1.3435 4
      vertex 14.6687 1.20535 4
      vertex 14.6687 -1.20535 4
    endloop
  endfacet
  facet normal 0 0 -1
    outer loop
      vertex 14.5435 -1.3435 4
      vertex 14.5435 1.3435 4
      vertex 14.6687 1.20535 4
    endloop
  endfacet
  facet normal 0 0 -1
    outer loop
      vertex 14.4053 -1.46872 4
      vertex 14.5435 1.3435 4
      vertex 14.5435 -1.3435 4
    endloop
  endfacet
  facet normal 0 0 -1
    outer loop
      vertex 14.4053 -1.46872 4
      vertex 14.4053 1.46872 4
      vertex 14.5435 1.3435 4
    endloop
  endfacet
  facet normal 0 0 -1
    outer loop
      vertex 14.2556 -1.57979 4
      vertex 14.4053 1.46872 4
      vertex 14.4053 -1.46872 4
    endloop
  endfacet
  facet normal 0 0 -1
    outer loop
      vertex 14.2556 -1.57979 4
      vertex 14.2556 1.57979 4
      vertex 14.4053 1.46872 4
    endloop
  endfacet
  facet normal 0 0 -1
    outer loop
      vertex 14.0957 -1.67565 4
      vertex 14.2556 1.57979 4
      vertex 14.2556 -1.57979 4
    endloop
  endfacet
  facet normal 0 0 -1
    outer loop
      vertex 14.0957 -1.67565 4
      vertex 14.0957 1.67565 4
      vertex 14.2556 1.57979 4
    endloop
  endfacet
  facet normal 0 0 -1
    outer loop
      vertex 13.9271 -1.75537 4
      vertex 14.0957 1.67565 4
      vertex 14.0957 -1.67565 4
    endloop
  endfacet
  facet normal 0 0 -1
    outer loop
      vertex 13.9271 -1.75537 4
      vertex 13.9271 1.75537 4
      vertex 14.0957 1.67565 4
    endloop
  endfacet
  facet normal 0 0 -1
    outer loop
      vertex 13.7515 -1.81819 4
      vertex 13.9271 1.75537 4
      vertex 13.9271 -1.75537 4
    endloop
  endfacet
  facet normal 0 0 -1
    outer loop
      vertex 13.7515 -1.81819 4
      vertex 13.7515 1.81819 4
      vertex 13.9271 1.75537 4
    endloop
  endfacet
  facet normal 0 0 -1
    outer loop
      vertex 13.5707 -1.86349 4
      vertex 13.7515 1.81819 4
      vertex 13.7515 -1.81819 4
    endloop
  endfacet
  facet normal 0 0 -1
    outer loop
      vertex 13.5707 -1.86349 4
      vertex 13.5707 1.86349 4
      vertex 13.7515 1.81819 4
    endloop
  endfacet
  facet normal 0 0 -1
    outer loop
      vertex 13.3862 -1.89085 4
      vertex 13.5707 1.86349 4
      vertex 13.5707 -1.86349 4
    endloop
  endfacet
  facet normal 0 0 -1
    outer loop
      vertex 13.3862 -1.89085 4
      vertex 13.3862 1.89085 4
      vertex 13.5707 1.86349 4
    endloop
  endfacet
  facet normal 0 0 -1
    outer loop
      vertex 13.2 -1.9 4
      vertex 13.3862 1.89085 4
      vertex 13.3862 -1.89085 4
    endloop
  endfacet
  facet normal 0 0 -1
    outer loop
      vertex 13.2 -1.9 4
      vertex 13.2 1.9 4
      vertex 13.3862 1.89085 4
    endloop
  endfacet
  facet normal 0 0 -1
    outer loop
      vertex 13.0138 -1.89085 4
      vertex 13.2 1.9 4
      vertex 13.2 -1.9 4
    endloop
  endfacet
  facet normal 0 0 -1
    outer loop
      vertex 13.0138 -1.89085 4
      vertex 13.0138 1.89085 4
      vertex 13.2 1.9 4
    endloop
  endfacet
  facet normal 0 0 -1
    outer loop
      vertex 12.8293 -1.86349 4
      vertex 13.0138 1.89085 4
      vertex 13.0138 -1.89085 4
    endloop
  endfacet
  facet normal 0 0 -1
    outer loop
      vertex 12.8293 -1.86349 4
      vertex 12.8293 1.86349 4
      vertex 13.0138 1.89085 4
    endloop
  endfacet
  facet normal 0 0 -1
    outer loop
      vertex 12.6485 -1.81819 4
      vertex 12.8293 1.86349 4
      vertex 12.8293 -1.86349 4
    endloop
  endfacet
  facet normal 0 0 -1
    outer loop
      vertex 12.6485 -1.81819 4
      vertex 12.6485 1.81819 4
      vertex 12.8293 1.86349 4
    endloop
  endfacet
  facet normal 0 0 -1
    outer loop
      vertex 12.4729 -1.75537 4
      vertex 12.6485 1.81819 4
      vertex 12.6485 -1.81819 4
    endloop
  endfacet
  facet normal 0 0 -1
    outer loop
      vertex 12.4729 -1.75537 4
      vertex 12.4729 1.75537 4
      vertex 12.6485 1.81819 4
    endloop
  endfacet
  facet normal 0 0 -1
    outer loop
      vertex 12.3043 -1.67565 4
      vertex 12.4729 1.75537 4
      vertex 12.4729 -1.75537 4
    endloop
  endfacet
  facet normal 0 0 -1
    outer loop
      vertex 12.3043 -1.67565 4
      vertex 12.3043 1.67565 4
      vertex 12.4729 1.75537 4
    endloop
  endfacet
  facet normal 0 0 -1
    outer loop
      vertex 12.1444 -1.57979 4
      vertex 12.3043 1.67565 4
      vertex 12.3043 -1.67565 4
    endloop
  endfacet
  facet normal 0 0 -1
    outer loop
      vertex 12.1444 -1.57979 4
      vertex 12.1444 1.57979 4
      vertex 12.3043 1.67565 4
    endloop
  endfacet
  facet normal 0 0 -1
    outer loop
      vertex 11.9947 -1.46872 4
      vertex 12.1444 1.57979 4
      vertex 12.1444 -1.57979 4
    endloop
  endfacet
  facet normal 0 0 -1
    outer loop
      vertex 11.9947 -1.46872 4
      vertex 11.9947 1.46872 4
      vertex 12.1444 1.57979 4
    endloop
  endfacet
  facet normal 0 0 -1
    outer loop
      vertex 11.8565 -1.3435 4
      vertex 11.9947 1.46872 4
      vertex 11.9947 -1.46872 4
    endloop
  endfacet
  facet normal 0 0 -1
    outer loop
      vertex 11.8565 -1.3435 4
      vertex 11.8565 1.3435 4
      vertex 11.9947 1.46872 4
    endloop
  endfacet
  facet normal 0 0 -1
    outer loop
      vertex 11.7313 -1.20535 4
      vertex 11.8565 1.3435 4
      vertex 11.8565 -1.3435 4
    endloop
  endfacet
  facet normal 0 0 -1
    outer loop
      vertex 11.7313 -1.20535 4
      vertex 11.7313 1.20535 4
      vertex 11.8565 1.3435 4
    endloop
  endfacet
  facet normal 0 0 -1
    outer loop
      vertex 11.6202 -1.05558 4
      vertex 11.7313 1.20535 4
      vertex 11.7313 -1.20535 4
    endloop
  endfacet
  facet normal 0 0 -1
    outer loop
      vertex 11.6202 -1.05558 4
      vertex 11.6202 1.05558 4
      vertex 11.7313 1.20535 4
    endloop
  endfacet
  facet normal 0 0 -1
    outer loop
      vertex 11.5243 -0.895654 4
      vertex 11.6202 1.05558 4
      vertex 11.6202 -1.05558 4
    endloop
  endfacet
  facet normal 0 0 -1
    outer loop
      vertex 11.5243 -0.895654 4
      vertex 11.5243 0.895654 4
      vertex 11.6202 1.05558 4
    endloop
  endfacet
  facet normal 0 0 -1
    outer loop
      vertex 11.4446 -0.727098 4
      vertex 11.5243 0.895654 4
      vertex 11.5243 -0.895654 4
    endloop
  endfacet
  facet normal 0 0 -1
    outer loop
      vertex 11.4446 -0.727098 4
      vertex 11.4446 0.727098 4
      vertex 11.5243 0.895654 4
    endloop
  endfacet
  facet normal 0 0 -1
    outer loop
      vertex 11.3818 -0.55154 4
      vertex 11.4446 0.727098 4
      vertex 11.4446 -0.727098 4
    endloop
  endfacet
  facet normal 0 0 -1
    outer loop
      vertex 11.3818 -0.55154 4
      vertex 11.3818 0.55154 4
      vertex 11.4446 0.727098 4
    endloop
  endfacet
  facet normal 0 0 -1
    outer loop
      vertex 11.3365 -0.370671 4
      vertex 11.3818 0.55154 4
      vertex 11.3818 -0.55154 4
    endloop
  endfacet
  facet normal 0 0 -1
    outer loop
      vertex 11.3365 -0.370671 4
      vertex 11.3365 0.370671 4
      vertex 11.3818 0.55154 4
    endloop
  endfacet
  facet normal 0 0 -1
    outer loop
      vertex 11.3091 -0.186232 4
      vertex 11.3365 0.370671 4
      vertex 11.3365 -0.370671 4
    endloop
  endfacet
  facet normal 0 0 -1
    outer loop
      vertex 11.3091 -0.186232 4
      vertex 11.3091 0.186232 4
      vertex 11.3365 0.370671 4
    endloop
  endfacet
  facet normal 0 -0 -1
    outer loop
      vertex 11.3091 0.186232 4
      vertex 11.3091 -0.186232 4
      vertex 11.3 0 4
    endloop
  endfacet
  facet normal 0.941571 0.336815 0
    outer loop
      vertex 15.0182 0.55154 13
      vertex 14.9554 0.727098 4
      vertex 14.9554 0.727098 13
    endloop
  endfacet
  facet normal 0.941571 0.336815 0
    outer loop
      vertex 14.9554 0.727098 4
      vertex 15.0182 0.55154 13
      vertex 15.0182 0.55154 4
    endloop
  endfacet
  facet normal -0.146689 -0.989183 0
    outer loop
      vertex 12.8293 -1.86349 4
      vertex 13.0138 -1.89085 13
      vertex 12.8293 -1.86349 13
    endloop
  endfacet
  facet normal -0.146689 -0.989183 -0
    outer loop
      vertex 13.0138 -1.89085 13
      vertex 12.8293 -1.86349 4
      vertex 13.0138 -1.89085 4
    endloop
  endfacet
  facet normal -0.970038 -0.242953 0
    outer loop
      vertex 11.3818 -0.55154 4
      vertex 11.3365 -0.370671 13
      vertex 11.3365 -0.370671 4
    endloop
  endfacet
  facet normal -0.970038 -0.242953 0
    outer loop
      vertex 11.3365 -0.370671 13
      vertex 11.3818 -0.55154 4
      vertex 11.3818 -0.55154 13
    endloop
  endfacet
  facet normal 0.903826 0.427901 0
    outer loop
      vertex 14.9554 0.727098 13
      vertex 14.8756 0.895654 4
      vertex 14.8756 0.895654 13
    endloop
  endfacet
  facet normal 0.903826 0.427901 0
    outer loop
      vertex 14.8756 0.895654 4
      vertex 14.9554 0.727098 13
      vertex 14.9554 0.727098 4
    endloop
  endfacet
  facet normal 0.970038 -0.242953 0
    outer loop
      vertex 15.0182 -0.55154 13
      vertex 15.0635 -0.370671 4
      vertex 15.0635 -0.370671 13
    endloop
  endfacet
  facet normal 0.970038 -0.242953 0
    outer loop
      vertex 15.0635 -0.370671 4
      vertex 15.0182 -0.55154 13
      vertex 15.0182 -0.55154 4
    endloop
  endfacet
  facet normal -0.243041 -0.970016 0
    outer loop
      vertex 12.6485 -1.81819 4
      vertex 12.8293 -1.86349 13
      vertex 12.6485 -1.81819 13
    endloop
  endfacet
  facet normal -0.243041 -0.970016 -0
    outer loop
      vertex 12.8293 -1.86349 13
      vertex 12.6485 -1.81819 4
      vertex 12.8293 -1.86349 4
    endloop
  endfacet
  facet normal -0.904033 -0.427463 0
    outer loop
      vertex 11.5243 -0.895654 4
      vertex 11.4446 -0.727098 13
      vertex 11.4446 -0.727098 4
    endloop
  endfacet
  facet normal -0.904033 -0.427463 0
    outer loop
      vertex 11.4446 -0.727098 13
      vertex 11.5243 -0.895654 4
      vertex 11.5243 -0.895654 13
    endloop
  endfacet
  facet normal 0.740983 0.671524 0
    outer loop
      vertex 14.6687 1.20535 13
      vertex 14.5435 1.3435 4
      vertex 14.5435 1.3435 13
    endloop
  endfacet
  facet normal 0.740983 0.671524 0
    outer loop
      vertex 14.5435 1.3435 4
      vertex 14.6687 1.20535 13
      vertex 14.6687 1.20535 4
    endloop
  endfacet
  facet normal 0.989145 -0.146946 0
    outer loop
      vertex 15.0635 -0.370671 13
      vertex 15.0909 -0.186232 4
      vertex 15.0909 -0.186232 13
    endloop
  endfacet
  facet normal 0.989145 -0.146946 0
    outer loop
      vertex 15.0909 -0.186232 4
      vertex 15.0635 -0.370671 13
      vertex 15.0635 -0.370671 4
    endloop
  endfacet
  facet normal -0.595855 -0.803092 0
    outer loop
      vertex 11.9947 -1.46872 4
      vertex 12.1444 -1.57979 13
      vertex 11.9947 -1.46872 13
    endloop
  endfacet
  facet normal -0.595855 -0.803092 -0
    outer loop
      vertex 12.1444 -1.57979 13
      vertex 11.9947 -1.46872 4
      vertex 12.1444 -1.57979 4
    endloop
  endfacet
  facet normal -0.740983 0.671524 0
    outer loop
      vertex 11.7313 1.20535 4
      vertex 11.8565 1.3435 13
      vertex 11.8565 1.3435 4
    endloop
  endfacet
  facet normal -0.740983 0.671524 0
    outer loop
      vertex 11.8565 1.3435 13
      vertex 11.7313 1.20535 4
      vertex 11.7313 1.20535 13
    endloop
  endfacet
  facet normal 0.803149 0.595779 0
    outer loop
      vertex 14.7798 1.05558 13
      vertex 14.6687 1.20535 4
      vertex 14.6687 1.20535 13
    endloop
  endfacet
  facet normal 0.803149 0.595779 0
    outer loop
      vertex 14.6687 1.20535 4
      vertex 14.7798 1.05558 13
      vertex 14.7798 1.05558 4
    endloop
  endfacet
  facet normal -0.998808 -0.0488056 0
    outer loop
      vertex 11.3091 -0.186232 4
      vertex 11.3 0 13
      vertex 11.3 0 4
    endloop
  endfacet
  facet normal -0.998808 -0.0488056 0
    outer loop
      vertex 11.3 0 13
      vertex 11.3091 -0.186232 4
      vertex 11.3091 -0.186232 13
    endloop
  endfacet
  facet normal 0.0490815 0.998795 -0
    outer loop
      vertex 13.3862 1.89085 4
      vertex 13.2 1.9 13
      vertex 13.3862 1.89085 13
    endloop
  endfacet
  facet normal 0.0490815 0.998795 0
    outer loop
      vertex 13.2 1.9 13
      vertex 13.3862 1.89085 4
      vertex 13.2 1.9 4
    endloop
  endfacet
  facet normal -0.904033 0.427463 0
    outer loop
      vertex 11.4446 0.727098 4
      vertex 11.5243 0.895654 13
      vertex 11.5243 0.895654 4
    endloop
  endfacet
  facet normal -0.904033 0.427463 0
    outer loop
      vertex 11.5243 0.895654 13
      vertex 11.4446 0.727098 4
      vertex 11.4446 0.727098 13
    endloop
  endfacet
  facet normal 0.671449 0.74105 -0
    outer loop
      vertex 14.5435 1.3435 4
      vertex 14.4053 1.46872 13
      vertex 14.5435 1.3435 13
    endloop
  endfacet
  facet normal 0.671449 0.74105 0
    outer loop
      vertex 14.4053 1.46872 13
      vertex 14.5435 1.3435 4
      vertex 14.4053 1.46872 4
    endloop
  endfacet
  facet normal 0.146689 0.989183 -0
    outer loop
      vertex 13.5707 1.86349 4
      vertex 13.3862 1.89085 13
      vertex 13.5707 1.86349 13
    endloop
  endfacet
  facet normal 0.146689 0.989183 0
    outer loop
      vertex 13.3862 1.89085 13
      vertex 13.5707 1.86349 4
      vertex 13.3862 1.89085 4
    endloop
  endfacet
  facet normal 0.998808 -0.0488056 0
    outer loop
      vertex 15.0909 -0.186232 13
      vertex 15.1 0 4
      vertex 15.1 0 13
    endloop
  endfacet
  facet normal 0.998808 -0.0488056 0
    outer loop
      vertex 15.1 0 4
      vertex 15.0909 -0.186232 13
      vertex 15.0909 -0.186232 4
    endloop
  endfacet
  facet normal 0.595855 0.803092 -0
    outer loop
      vertex 14.4053 1.46872 4
      vertex 14.2556 1.57979 13
      vertex 14.4053 1.46872 13
    endloop
  endfacet
  facet normal 0.595855 0.803092 0
    outer loop
      vertex 14.2556 1.57979 13
      vertex 14.4053 1.46872 4
      vertex 14.2556 1.57979 4
    endloop
  endfacet
  facet normal 0.903826 -0.427901 0
    outer loop
      vertex 14.8756 -0.895654 13
      vertex 14.9554 -0.727098 4
      vertex 14.9554 -0.727098 13
    endloop
  endfacet
  facet normal 0.903826 -0.427901 0
    outer loop
      vertex 14.9554 -0.727098 4
      vertex 14.8756 -0.895654 13
      vertex 14.8756 -0.895654 4
    endloop
  endfacet
  facet normal 0.51418 -0.857682 0
    outer loop
      vertex 14.0957 -1.67565 4
      vertex 14.2556 -1.57979 13
      vertex 14.0957 -1.67565 13
    endloop
  endfacet
  facet normal 0.51418 -0.857682 0
    outer loop
      vertex 14.2556 -1.57979 13
      vertex 14.0957 -1.67565 4
      vertex 14.2556 -1.57979 4
    endloop
  endfacet
  facet normal 0.0490815 -0.998795 0
    outer loop
      vertex 13.2 -1.9 4
      vertex 13.3862 -1.89085 13
      vertex 13.2 -1.9 13
    endloop
  endfacet
  facet normal 0.0490815 -0.998795 0
    outer loop
      vertex 13.3862 -1.89085 13
      vertex 13.2 -1.9 4
      vertex 13.3862 -1.89085 4
    endloop
  endfacet
  facet normal -0.595855 0.803092 0
    outer loop
      vertex 12.1444 1.57979 4
      vertex 11.9947 1.46872 13
      vertex 12.1444 1.57979 13
    endloop
  endfacet
  facet normal -0.595855 0.803092 0
    outer loop
      vertex 11.9947 1.46872 13
      vertex 12.1444 1.57979 4
      vertex 11.9947 1.46872 4
    endloop
  endfacet
  facet normal -0.671449 0.74105 0
    outer loop
      vertex 11.9947 1.46872 4
      vertex 11.8565 1.3435 13
      vertex 11.9947 1.46872 13
    endloop
  endfacet
  facet normal -0.671449 0.74105 0
    outer loop
      vertex 11.8565 1.3435 13
      vertex 11.9947 1.46872 4
      vertex 11.8565 1.3435 4
    endloop
  endfacet
  facet normal -0.243041 0.970016 0
    outer loop
      vertex 12.8293 1.86349 4
      vertex 12.6485 1.81819 13
      vertex 12.8293 1.86349 13
    endloop
  endfacet
  facet normal -0.243041 0.970016 0
    outer loop
      vertex 12.6485 1.81819 13
      vertex 12.8293 1.86349 4
      vertex 12.6485 1.81819 4
    endloop
  endfacet
  facet normal -0.941571 0.336815 0
    outer loop
      vertex 11.3818 0.55154 4
      vertex 11.4446 0.727098 13
      vertex 11.4446 0.727098 4
    endloop
  endfacet
  facet normal -0.941571 0.336815 0
    outer loop
      vertex 11.4446 0.727098 13
      vertex 11.3818 0.55154 4
      vertex 11.3818 0.55154 13
    endloop
  endfacet
  facet normal 0.427459 -0.904035 0
    outer loop
      vertex 13.9271 -1.75537 4
      vertex 14.0957 -1.67565 13
      vertex 13.9271 -1.75537 13
    endloop
  endfacet
  facet normal 0.427459 -0.904035 0
    outer loop
      vertex 14.0957 -1.67565 13
      vertex 13.9271 -1.75537 4
      vertex 14.0957 -1.67565 4
    endloop
  endfacet
  facet normal 0.427459 0.904035 -0
    outer loop
      vertex 14.0957 1.67565 4
      vertex 13.9271 1.75537 13
      vertex 14.0957 1.67565 13
    endloop
  endfacet
  facet normal 0.427459 0.904035 0
    outer loop
      vertex 13.9271 1.75537 13
      vertex 14.0957 1.67565 4
      vertex 13.9271 1.75537 4
    endloop
  endfacet
  facet normal -0.146689 0.989183 0
    outer loop
      vertex 13.0138 1.89085 4
      vertex 12.8293 1.86349 13
      vertex 13.0138 1.89085 13
    endloop
  endfacet
  facet normal -0.146689 0.989183 0
    outer loop
      vertex 12.8293 1.86349 13
      vertex 13.0138 1.89085 4
      vertex 12.8293 1.86349 4
    endloop
  endfacet
  facet normal 0.146689 -0.989183 0
    outer loop
      vertex 13.3862 -1.89085 4
      vertex 13.5707 -1.86349 13
      vertex 13.3862 -1.89085 13
    endloop
  endfacet
  facet normal 0.146689 -0.989183 0
    outer loop
      vertex 13.5707 -1.86349 13
      vertex 13.3862 -1.89085 4
      vertex 13.5707 -1.86349 4
    endloop
  endfacet
  facet normal 0.243041 -0.970016 0
    outer loop
      vertex 13.5707 -1.86349 4
      vertex 13.7515 -1.81819 13
      vertex 13.5707 -1.86349 13
    endloop
  endfacet
  facet normal 0.243041 -0.970016 0
    outer loop
      vertex 13.7515 -1.81819 13
      vertex 13.5707 -1.86349 4
      vertex 13.7515 -1.81819 4
    endloop
  endfacet
  facet normal 0.803149 -0.595779 0
    outer loop
      vertex 14.6687 -1.20535 13
      vertex 14.7798 -1.05558 4
      vertex 14.7798 -1.05558 13
    endloop
  endfacet
  facet normal 0.803149 -0.595779 0
    outer loop
      vertex 14.7798 -1.05558 4
      vertex 14.6687 -1.20535 13
      vertex 14.6687 -1.20535 4
    endloop
  endfacet
  facet normal 0.857861 -0.513882 0
    outer loop
      vertex 14.7798 -1.05558 13
      vertex 14.8756 -0.895654 4
      vertex 14.8756 -0.895654 13
    endloop
  endfacet
  facet normal 0.857861 -0.513882 0
    outer loop
      vertex 14.8756 -0.895654 4
      vertex 14.7798 -1.05558 13
      vertex 14.7798 -1.05558 4
    endloop
  endfacet
  facet normal 0.51418 0.857682 -0
    outer loop
      vertex 14.2556 1.57979 4
      vertex 14.0957 1.67565 13
      vertex 14.2556 1.57979 13
    endloop
  endfacet
  facet normal 0.51418 0.857682 0
    outer loop
      vertex 14.0957 1.67565 13
      vertex 14.2556 1.57979 4
      vertex 14.0957 1.67565 4
    endloop
  endfacet
  facet normal 0.941571 -0.336815 0
    outer loop
      vertex 14.9554 -0.727098 13
      vertex 15.0182 -0.55154 4
      vertex 15.0182 -0.55154 13
    endloop
  endfacet
  facet normal 0.941571 -0.336815 0
    outer loop
      vertex 15.0182 -0.55154 4
      vertex 14.9554 -0.727098 13
      vertex 14.9554 -0.727098 4
    endloop
  endfacet
  facet normal -0.857624 -0.514277 0
    outer loop
      vertex 11.6202 -1.05558 4
      vertex 11.5243 -0.895654 13
      vertex 11.5243 -0.895654 4
    endloop
  endfacet
  facet normal -0.857624 -0.514277 0
    outer loop
      vertex 11.5243 -0.895654 13
      vertex 11.6202 -1.05558 4
      vertex 11.6202 -1.05558 13
    endloop
  endfacet
  facet normal 0.857861 0.513882 0
    outer loop
      vertex 14.8756 0.895654 13
      vertex 14.7798 1.05558 4
      vertex 14.7798 1.05558 13
    endloop
  endfacet
  facet normal 0.857861 0.513882 0
    outer loop
      vertex 14.7798 1.05558 4
      vertex 14.8756 0.895654 13
      vertex 14.8756 0.895654 4
    endloop
  endfacet
  facet normal -0.427459 0.904035 0
    outer loop
      vertex 12.4729 1.75537 4
      vertex 12.3043 1.67565 13
      vertex 12.4729 1.75537 13
    endloop
  endfacet
  facet normal -0.427459 0.904035 0
    outer loop
      vertex 12.3043 1.67565 13
      vertex 12.4729 1.75537 4
      vertex 12.3043 1.67565 4
    endloop
  endfacet
  facet normal -0.51418 0.857682 0
    outer loop
      vertex 12.3043 1.67565 4
      vertex 12.1444 1.57979 13
      vertex 12.3043 1.67565 13
    endloop
  endfacet
  facet normal -0.51418 0.857682 0
    outer loop
      vertex 12.1444 1.57979 13
      vertex 12.3043 1.67565 4
      vertex 12.1444 1.57979 4
    endloop
  endfacet
  facet normal -0.740983 -0.671524 0
    outer loop
      vertex 11.8565 -1.3435 4
      vertex 11.7313 -1.20535 13
      vertex 11.7313 -1.20535 4
    endloop
  endfacet
  facet normal -0.740983 -0.671524 0
    outer loop
      vertex 11.7313 -1.20535 13
      vertex 11.8565 -1.3435 4
      vertex 11.8565 -1.3435 13
    endloop
  endfacet
  facet normal -0.427459 -0.904035 0
    outer loop
      vertex 12.3043 -1.67565 4
      vertex 12.4729 -1.75537 13
      vertex 12.3043 -1.67565 13
    endloop
  endfacet
  facet normal -0.427459 -0.904035 -0
    outer loop
      vertex 12.4729 -1.75537 13
      vertex 12.3043 -1.67565 4
      vertex 12.4729 -1.75537 4
    endloop
  endfacet
  facet normal -0.941571 -0.336815 0
    outer loop
      vertex 11.4446 -0.727098 4
      vertex 11.3818 -0.55154 13
      vertex 11.3818 -0.55154 4
    endloop
  endfacet
  facet normal -0.941571 -0.336815 0
    outer loop
      vertex 11.3818 -0.55154 13
      vertex 11.4446 -0.727098 4
      vertex 11.4446 -0.727098 13
    endloop
  endfacet
  facet normal -0.51418 -0.857682 0
    outer loop
      vertex 12.1444 -1.57979 4
      vertex 12.3043 -1.67565 13
      vertex 12.1444 -1.57979 13
    endloop
  endfacet
  facet normal -0.51418 -0.857682 -0
    outer loop
      vertex 12.3043 -1.67565 13
      vertex 12.1444 -1.57979 4
      vertex 12.3043 -1.67565 4
    endloop
  endfacet
  facet normal -0.970038 0.242953 0
    outer loop
      vertex 11.3365 0.370671 4
      vertex 11.3818 0.55154 13
      vertex 11.3818 0.55154 4
    endloop
  endfacet
  facet normal -0.970038 0.242953 0
    outer loop
      vertex 11.3818 0.55154 13
      vertex 11.3365 0.370671 4
      vertex 11.3365 0.370671 13
    endloop
  endfacet
  facet normal -0.989145 0.146946 0
    outer loop
      vertex 11.3091 0.186232 4
      vertex 11.3365 0.370671 13
      vertex 11.3365 0.370671 4
    endloop
  endfacet
  facet normal -0.989145 0.146946 0
    outer loop
      vertex 11.3365 0.370671 13
      vertex 11.3091 0.186232 4
      vertex 11.3091 0.186232 13
    endloop
  endfacet
  facet normal 0.336839 0.941562 -0
    outer loop
      vertex 13.9271 1.75537 4
      vertex 13.7515 1.81819 13
      vertex 13.9271 1.75537 13
    endloop
  endfacet
  facet normal 0.336839 0.941562 0
    outer loop
      vertex 13.7515 1.81819 13
      vertex 13.9271 1.75537 4
      vertex 13.7515 1.81819 4
    endloop
  endfacet
  facet normal -0.803149 -0.595779 0
    outer loop
      vertex 11.7313 -1.20535 4
      vertex 11.6202 -1.05558 13
      vertex 11.6202 -1.05558 4
    endloop
  endfacet
  facet normal -0.803149 -0.595779 0
    outer loop
      vertex 11.6202 -1.05558 13
      vertex 11.7313 -1.20535 4
      vertex 11.7313 -1.20535 13
    endloop
  endfacet
  facet normal -0.989145 -0.146946 0
    outer loop
      vertex 11.3365 -0.370671 4
      vertex 11.3091 -0.186232 13
      vertex 11.3091 -0.186232 4
    endloop
  endfacet
  facet normal -0.989145 -0.146946 0
    outer loop
      vertex 11.3091 -0.186232 13
      vertex 11.3365 -0.370671 4
      vertex 11.3365 -0.370671 13
    endloop
  endfacet
  facet normal 0.595855 -0.803092 0
    outer loop
      vertex 14.2556 -1.57979 4
      vertex 14.4053 -1.46872 13
      vertex 14.2556 -1.57979 13
    endloop
  endfacet
  facet normal 0.595855 -0.803092 0
    outer loop
      vertex 14.4053 -1.46872 13
      vertex 14.2556 -1.57979 4
      vertex 14.4053 -1.46872 4
    endloop
  endfacet
  facet normal -0.671449 -0.74105 0
    outer loop
      vertex 11.8565 -1.3435 4
      vertex 11.9947 -1.46872 13
      vertex 11.8565 -1.3435 13
    endloop
  endfacet
  facet normal -0.671449 -0.74105 -0
    outer loop
      vertex 11.9947 -1.46872 13
      vertex 11.8565 -1.3435 4
      vertex 11.9947 -1.46872 4
    endloop
  endfacet
  facet normal -0.803149 0.595779 0
    outer loop
      vertex 11.6202 1.05558 4
      vertex 11.7313 1.20535 13
      vertex 11.7313 1.20535 4
    endloop
  endfacet
  facet normal -0.803149 0.595779 0
    outer loop
      vertex 11.7313 1.20535 13
      vertex 11.6202 1.05558 4
      vertex 11.6202 1.05558 13
    endloop
  endfacet
  facet normal -0.857624 0.514277 0
    outer loop
      vertex 11.5243 0.895654 4
      vertex 11.6202 1.05558 13
      vertex 11.6202 1.05558 4
    endloop
  endfacet
  facet normal -0.857624 0.514277 0
    outer loop
      vertex 11.6202 1.05558 13
      vertex 11.5243 0.895654 4
      vertex 11.5243 0.895654 13
    endloop
  endfacet
  facet normal 0 0 1
    outer loop
      vertex 15.0909 0.186232 13
      vertex 15.0909 -0.186232 13
      vertex 15.1 0 13
    endloop
  endfacet
  facet normal 0 0 1
    outer loop
      vertex 15.0635 0.370671 13
      vertex 15.0909 -0.186232 13
      vertex 15.0909 0.186232 13
    endloop
  endfacet
  facet normal 0 0 1
    outer loop
      vertex 15.0635 0.370671 13
      vertex 15.0635 -0.370671 13
      vertex 15.0909 -0.186232 13
    endloop
  endfacet
  facet normal 0 0 1
    outer loop
      vertex 15.0182 0.55154 13
      vertex 15.0635 -0.370671 13
      vertex 15.0635 0.370671 13
    endloop
  endfacet
  facet normal 0 0 1
    outer loop
      vertex 15.0182 0.55154 13
      vertex 15.0182 -0.55154 13
      vertex 15.0635 -0.370671 13
    endloop
  endfacet
  facet normal 0 0 1
    outer loop
      vertex 14.9554 0.727098 13
      vertex 15.0182 -0.55154 13
      vertex 15.0182 0.55154 13
    endloop
  endfacet
  facet normal 0 0 1
    outer loop
      vertex 14.9554 0.727098 13
      vertex 14.9554 -0.727098 13
      vertex 15.0182 -0.55154 13
    endloop
  endfacet
  facet normal 0 0 1
    outer loop
      vertex 14.8756 0.895654 13
      vertex 14.9554 -0.727098 13
      vertex 14.9554 0.727098 13
    endloop
  endfacet
  facet normal 0 0 1
    outer loop
      vertex 14.8756 0.895654 13
      vertex 14.8756 -0.895654 13
      vertex 14.9554 -0.727098 13
    endloop
  endfacet
  facet normal 0 0 1
    outer loop
      vertex 14.7798 1.05558 13
      vertex 14.8756 -0.895654 13
      vertex 14.8756 0.895654 13
    endloop
  endfacet
  facet normal 0 0 1
    outer loop
      vertex 14.7798 1.05558 13
      vertex 14.7798 -1.05558 13
      vertex 14.8756 -0.895654 13
    endloop
  endfacet
  facet normal 0 0 1
    outer loop
      vertex 14.6687 1.20535 13
      vertex 14.7798 -1.05558 13
      vertex 14.7798 1.05558 13
    endloop
  endfacet
  facet normal 0 0 1
    outer loop
      vertex 14.6687 1.20535 13
      vertex 14.6687 -1.20535 13
      vertex 14.7798 -1.05558 13
    endloop
  endfacet
  facet normal 0 0 1
    outer loop
      vertex 14.5435 1.3435 13
      vertex 14.6687 -1.20535 13
      vertex 14.6687 1.20535 13
    endloop
  endfacet
  facet normal 0 0 1
    outer loop
      vertex 14.5435 1.3435 13
      vertex 14.5435 -1.3435 13
      vertex 14.6687 -1.20535 13
    endloop
  endfacet
  facet normal 0 0 1
    outer loop
      vertex 14.4053 1.46872 13
      vertex 14.5435 -1.3435 13
      vertex 14.5435 1.3435 13
    endloop
  endfacet
  facet normal 0 0 1
    outer loop
      vertex 14.4053 1.46872 13
      vertex 14.4053 -1.46872 13
      vertex 14.5435 -1.3435 13
    endloop
  endfacet
  facet normal 0 0 1
    outer loop
      vertex 14.2556 1.57979 13
      vertex 14.4053 -1.46872 13
      vertex 14.4053 1.46872 13
    endloop
  endfacet
  facet normal 0 0 1
    outer loop
      vertex 14.2556 1.57979 13
      vertex 14.2556 -1.57979 13
      vertex 14.4053 -1.46872 13
    endloop
  endfacet
  facet normal 0 0 1
    outer loop
      vertex 14.0957 1.67565 13
      vertex 14.2556 -1.57979 13
      vertex 14.2556 1.57979 13
    endloop
  endfacet
  facet normal 0 0 1
    outer loop
      vertex 14.0957 1.67565 13
      vertex 14.0957 -1.67565 13
      vertex 14.2556 -1.57979 13
    endloop
  endfacet
  facet normal 0 0 1
    outer loop
      vertex 13.9271 1.75537 13
      vertex 14.0957 -1.67565 13
      vertex 14.0957 1.67565 13
    endloop
  endfacet
  facet normal 0 0 1
    outer loop
      vertex 13.9271 1.75537 13
      vertex 13.9271 -1.75537 13
      vertex 14.0957 -1.67565 13
    endloop
  endfacet
  facet normal 0 0 1
    outer loop
      vertex 13.7515 1.81819 13
      vertex 13.9271 -1.75537 13
      vertex 13.9271 1.75537 13
    endloop
  endfacet
  facet normal 0 0 1
    outer loop
      vertex 13.7515 1.81819 13
      vertex 13.7515 -1.81819 13
      vertex 13.9271 -1.75537 13
    endloop
  endfacet
  facet normal 0 0 1
    outer loop
      vertex 13.5707 1.86349 13
      vertex 13.7515 -1.81819 13
      vertex 13.7515 1.81819 13
    endloop
  endfacet
  facet normal 0 0 1
    outer loop
      vertex 13.5707 1.86349 13
      vertex 13.5707 -1.86349 13
      vertex 13.7515 -1.81819 13
    endloop
  endfacet
  facet normal 0 0 1
    outer loop
      vertex 13.3862 1.89085 13
      vertex 13.5707 -1.86349 13
      vertex 13.5707 1.86349 13
    endloop
  endfacet
  facet normal 0 0 1
    outer loop
      vertex 13.3862 1.89085 13
      vertex 13.3862 -1.89085 13
      vertex 13.5707 -1.86349 13
    endloop
  endfacet
  facet normal 0 0 1
    outer loop
      vertex 13.2 1.9 13
      vertex 13.3862 -1.89085 13
      vertex 13.3862 1.89085 13
    endloop
  endfacet
  facet normal 0 0 1
    outer loop
      vertex 13.2 1.9 13
      vertex 13.2 -1.9 13
      vertex 13.3862 -1.89085 13
    endloop
  endfacet
  facet normal -0 0 1
    outer loop
      vertex 13.0138 1.89085 13
      vertex 13.2 -1.9 13
      vertex 13.2 1.9 13
    endloop
  endfacet
  facet normal 0 0 1
    outer loop
      vertex 13.0138 1.89085 13
      vertex 13.0138 -1.89085 13
      vertex 13.2 -1.9 13
    endloop
  endfacet
  facet normal -0 0 1
    outer loop
      vertex 12.8293 1.86349 13
      vertex 13.0138 -1.89085 13
      vertex 13.0138 1.89085 13
    endloop
  endfacet
  facet normal 0 0 1
    outer loop
      vertex 12.8293 1.86349 13
      vertex 12.8293 -1.86349 13
      vertex 13.0138 -1.89085 13
    endloop
  endfacet
  facet normal -0 0 1
    outer loop
      vertex 12.6485 1.81819 13
      vertex 12.8293 -1.86349 13
      vertex 12.8293 1.86349 13
    endloop
  endfacet
  facet normal 0 0 1
    outer loop
      vertex 12.6485 1.81819 13
      vertex 12.6485 -1.81819 13
      vertex 12.8293 -1.86349 13
    endloop
  endfacet
  facet normal -0 0 1
    outer loop
      vertex 12.4729 1.75537 13
      vertex 12.6485 -1.81819 13
      vertex 12.6485 1.81819 13
    endloop
  endfacet
  facet normal 0 0 1
    outer loop
      vertex 12.4729 1.75537 13
      vertex 12.4729 -1.75537 13
      vertex 12.6485 -1.81819 13
    endloop
  endfacet
  facet normal -0 0 1
    outer loop
      vertex 12.3043 1.67565 13
      vertex 12.4729 -1.75537 13
      vertex 12.4729 1.75537 13
    endloop
  endfacet
  facet normal 0 0 1
    outer loop
      vertex 12.3043 1.67565 13
      vertex 12.3043 -1.67565 13
      vertex 12.4729 -1.75537 13
    endloop
  endfacet
  facet normal -0 0 1
    outer loop
      vertex 12.1444 1.57979 13
      vertex 12.3043 -1.67565 13
      vertex 12.3043 1.67565 13
    endloop
  endfacet
  facet normal 0 0 1
    outer loop
      vertex 12.1444 1.57979 13
      vertex 12.1444 -1.57979 13
      vertex 12.3043 -1.67565 13
    endloop
  endfacet
  facet normal -0 0 1
    outer loop
      vertex 11.9947 1.46872 13
      vertex 12.1444 -1.57979 13
      vertex 12.1444 1.57979 13
    endloop
  endfacet
  facet normal 0 0 1
    outer loop
      vertex 11.9947 1.46872 13
      vertex 11.9947 -1.46872 13
      vertex 12.1444 -1.57979 13
    endloop
  endfacet
  facet normal -0 0 1
    outer loop
      vertex 11.8565 1.3435 13
      vertex 11.9947 -1.46872 13
      vertex 11.9947 1.46872 13
    endloop
  endfacet
  facet normal 0 0 1
    outer loop
      vertex 11.8565 1.3435 13
      vertex 11.8565 -1.3435 13
      vertex 11.9947 -1.46872 13
    endloop
  endfacet
  facet normal -0 0 1
    outer loop
      vertex 11.7313 1.20535 13
      vertex 11.8565 -1.3435 13
      vertex 11.8565 1.3435 13
    endloop
  endfacet
  facet normal 0 0 1
    outer loop
      vertex 11.7313 1.20535 13
      vertex 11.7313 -1.20535 13
      vertex 11.8565 -1.3435 13
    endloop
  endfacet
  facet normal -0 0 1
    outer loop
      vertex 11.6202 1.05558 13
      vertex 11.7313 -1.20535 13
      vertex 11.7313 1.20535 13
    endloop
  endfacet
  facet normal 0 0 1
    outer loop
      vertex 11.6202 1.05558 13
      vertex 11.6202 -1.05558 13
      vertex 11.7313 -1.20535 13
    endloop
  endfacet
  facet normal -0 0 1
    outer loop
      vertex 11.5243 0.895654 13
      vertex 11.6202 -1.05558 13
      vertex 11.6202 1.05558 13
    endloop
  endfacet
  facet normal 0 0 1
    outer loop
      vertex 11.5243 0.895654 13
      vertex 11.5243 -0.895654 13
      vertex 11.6202 -1.05558 13
    endloop
  endfacet
  facet normal -0 0 1
    outer loop
      vertex 11.4446 0.727098 13
      vertex 11.5243 -0.895654 13
      vertex 11.5243 0.895654 13
    endloop
  endfacet
  facet normal 0 0 1
    outer loop
      vertex 11.4446 0.727098 13
      vertex 11.4446 -0.727098 13
      vertex 11.5243 -0.895654 13
    endloop
  endfacet
  facet normal -0 0 1
    outer loop
      vertex 11.3818 0.55154 13
      vertex 11.4446 -0.727098 13
      vertex 11.4446 0.727098 13
    endloop
  endfacet
  facet normal 0 0 1
    outer loop
      vertex 11.3818 0.55154 13
      vertex 11.3818 -0.55154 13
      vertex 11.4446 -0.727098 13
    endloop
  endfacet
  facet normal -0 0 1
    outer loop
      vertex 11.3365 0.370671 13
      vertex 11.3818 -0.55154 13
      vertex 11.3818 0.55154 13
    endloop
  endfacet
  facet normal 0 0 1
    outer loop
      vertex 11.3365 0.370671 13
      vertex 11.3365 -0.370671 13
      vertex 11.3818 -0.55154 13
    endloop
  endfacet
  facet normal -0 0 1
    outer loop
      vertex 11.3091 0.186232 13
      vertex 11.3365 -0.370671 13
      vertex 11.3365 0.370671 13
    endloop
  endfacet
  facet normal 0 0 1
    outer loop
      vertex 11.3091 0.186232 13
      vertex 11.3091 -0.186232 13
      vertex 11.3365 -0.370671 13
    endloop
  endfacet
  facet normal 0 -0 1
    outer loop
      vertex 11.3091 -0.186232 13
      vertex 11.3091 0.186232 13
      vertex 11.3 0 13
    endloop
  endfacet
  facet normal -0.0490815 -0.998795 0
    outer loop
      vertex 13.0138 -1.89085 4
      vertex 13.2 -1.9 13
      vertex 13.0138 -1.89085 13
    endloop
  endfacet
  facet normal -0.0490815 -0.998795 -0
    outer loop
      vertex 13.2 -1.9 13
      vertex 13.0138 -1.89085 4
      vertex 13.2 -1.9 4
    endloop
  endfacet
  facet normal -0.998808 0.0488056 0
    outer loop
      vertex 11.3 0 4
      vertex 11.3091 0.186232 13
      vertex 11.3091 0.186232 4
    endloop
  endfacet
  facet normal -0.998808 0.0488056 0
    outer loop
      vertex 11.3091 0.186232 13
      vertex 11.3 0 4
      vertex 11.3 0 13
    endloop
  endfacet
  facet normal -0.336839 -0.941562 0
    outer loop
      vertex 12.4729 -1.75537 4
      vertex 12.6485 -1.81819 13
      vertex 12.4729 -1.75537 13
    endloop
  endfacet
  facet normal -0.336839 -0.941562 -0
    outer loop
      vertex 12.6485 -1.81819 13
      vertex 12.4729 -1.75537 4
      vertex 12.6485 -1.81819 4
    endloop
  endfacet
  facet normal 0.740983 -0.671524 0
    outer loop
      vertex 14.5435 -1.3435 13
      vertex 14.6687 -1.20535 4
      vertex 14.6687 -1.20535 13
    endloop
  endfacet
  facet normal 0.740983 -0.671524 0
    outer loop
      vertex 14.6687 -1.20535 4
      vertex 14.5435 -1.3435 13
      vertex 14.5435 -1.3435 4
    endloop
  endfacet
  facet normal 0.671449 -0.74105 0
    outer loop
      vertex 14.4053 -1.46872 4
      vertex 14.5435 -1.3435 13
      vertex 14.4053 -1.46872 13
    endloop
  endfacet
  facet normal 0.671449 -0.74105 0
    outer loop
      vertex 14.5435 -1.3435 13
      vertex 14.4053 -1.46872 4
      vertex 14.5435 -1.3435 4
    endloop
  endfacet
  facet normal 0 0 -1
    outer loop
      vertex -2.42519 -11.0028 4.5
      vertex -4.30433 -5.84573 4.5
      vertex -1.13115 -9.56566 4.5
    endloop
  endfacet
  facet normal 0 0 -1
    outer loop
      vertex -3.69702 4.77965 4.5
      vertex -4.96592 6.74088 4.5
      vertex -4.46273 6.08953 4.5
    endloop
  endfacet
  facet normal 0 0 -1
    outer loop
      vertex -11.6862 -1.45547 4.5
      vertex -4.30433 -5.84573 4.5
      vertex -6.45912 -8.23408 4.5
    endloop
  endfacet
  facet normal 0 0 -1
    outer loop
      vertex -6.45912 -8.23408 4.5
      vertex -4.30433 -5.84573 4.5
      vertex -2.42519 -11.0028 4.5
    endloop
  endfacet
  facet normal -0 0 -1
    outer loop
      vertex 17.3413 -14.8327 4.5
      vertex 15.4497 -15.2348 4.5
      vertex 16.9607 -9.95804 4.5
    endloop
  endfacet
  facet normal 0 0 -1
    outer loop
      vertex 22.7657 -12.0688 4.5
      vertex 21.4341 -6.74088 4.5
      vertex 24.2029 -10.7748 4.5
    endloop
  endfacet
  facet normal -0 0 -1
    outer loop
      vertex 23.1174 3.88161 4.5
      vertex 15.1555 0.765377 4.5
      vertex 22.6892 4.835 4.5
    endloop
  endfacet
  facet normal 0 0 -1
    outer loop
      vertex 19.0457 -8.89567 4.5
      vertex 21.4341 -6.74088 4.5
      vertex 22.7657 -12.0688 4.5
    endloop
  endfacet
  facet normal 0 0 -1
    outer loop
      vertex 14.6555 -1.51378 4.5
      vertex 21.4341 -6.74088 4.5
      vertex 19.0457 -8.89567 4.5
    endloop
  endfacet
  facet normal 0 0 -1
    outer loop
      vertex 14.3322 -1.76865 4.5
      vertex 19.0457 -8.89567 4.5
      vertex 18.9418 -8.96961 4.5
    endloop
  endfacet
  facet normal 0 0 -1
    outer loop
      vertex 15.2935 0.164766 4.5
      vertex 21.4341 -6.74088 4.5
      vertex 15.2996 -0.0412372 4.5
    endloop
  endfacet
  facet normal 0 0 -1
    outer loop
      vertex 14.3322 -1.76865 4.5
      vertex 18.9418 -8.96961 4.5
      vertex 18.035 -9.48922 4.5
    endloop
  endfacet
  facet normal 0 0 -1
    outer loop
      vertex 15.0711 0.95337 4.5
      vertex 22.6892 4.835 4.5
      vertex 15.1555 0.765377 4.5
    endloop
  endfacet
  facet normal 0 0 -1
    outer loop
      vertex 14.1534 -1.87109 4.5
      vertex 18.035 -9.48922 4.5
      vertex 17.0816 -9.91744 4.5
    endloop
  endfacet
  facet normal 0 0 -1
    outer loop
      vertex 27.5185 -5.66911 4.5
      vertex 23.6975 -1.7189 4.5
      vertex 28.1162 -3.82983 4.5
    endloop
  endfacet
  facet normal 0 0 -1
    outer loop
      vertex 15.2935 0.164766 4.5
      vertex 23.6975 -1.7189 4.5
      vertex 22.703 -4.77965 4.5
    endloop
  endfacet
  facet normal 0 0 -1
    outer loop
      vertex 22.703 -4.77965 4.5
      vertex 23.6975 -1.7189 4.5
      vertex 27.5185 -5.66911 4.5
    endloop
  endfacet
  facet normal 0 0 -1
    outer loop
      vertex 15.2673 0.369173 4.5
      vertex 23.8237 0.613614 4.5
      vertex 15.2935 0.164766 4.5
    endloop
  endfacet
  facet normal -0 0 -1
    outer loop
      vertex 23.8237 0.613614 4.5
      vertex 15.2673 0.369173 4.5
      vertex 23.158 3.76071 4.5
    endloop
  endfacet
  facet normal 0 0 -1
    outer loop
      vertex 15.2935 0.164766 4.5
      vertex 22.4921 -5.2038 4.5
      vertex 21.9373 -6.08953 4.5
    endloop
  endfacet
  facet normal 0 0 -1
    outer loop
      vertex 15.2211 0.570017 4.5
      vertex 23.158 3.76071 4.5
      vertex 15.2673 0.369173 4.5
    endloop
  endfacet
  facet normal 0 0 -1
    outer loop
      vertex 15.1555 0.765377 4.5
      vertex 23.158 3.76071 4.5
      vertex 15.2211 0.570017 4.5
    endloop
  endfacet
  facet normal 0 0 -1
    outer loop
      vertex 15.2935 0.164766 4.5
      vertex 21.9373 -6.08953 4.5
      vertex 21.4341 -6.74088 4.5
    endloop
  endfacet
  facet normal 0 0 -1
    outer loop
      vertex 15.2935 0.164766 4.5
      vertex 23.7762 -1.25179 4.5
      vertex 23.6975 -1.7189 4.5
    endloop
  endfacet
  facet normal 0 0 -1
    outer loop
      vertex 23.8237 0.613614 4.5
      vertex 28.0327 4.14135 4.5
      vertex 28.4348 2.24969 4.5
    endloop
  endfacet
  facet normal 0 0 -1
    outer loop
      vertex 23.7762 -1.25179 4.5
      vertex 15.2935 0.164766 4.5
      vertex 23.8479 -0.209105 4.5
    endloop
  endfacet
  facet normal 0 0 -1
    outer loop
      vertex 23.8237 0.613614 4.5
      vertex 23.158 3.76071 4.5
      vertex 28.0327 4.14135 4.5
    endloop
  endfacet
  facet normal 0 0 -1
    outer loop
      vertex 23.8479 -0.209105 4.5
      vertex 15.2935 0.164766 4.5
      vertex 23.8237 0.613614 4.5
    endloop
  endfacet
  facet normal 0 0 -1
    outer loop
      vertex 22.0957 5.84573 4.5
      vertex 23.9748 11.0028 4.5
      vertex 25.2688 9.56566 4.5
    endloop
  endfacet
  facet normal 0 0 -1
    outer loop
      vertex 22.4921 -5.2038 4.5
      vertex 15.2935 0.164766 4.5
      vertex 22.703 -4.77965 4.5
    endloop
  endfacet
  facet normal 0 0 -1
    outer loop
      vertex 22.0957 5.84573 4.5
      vertex 19.9409 8.23408 4.5
      vertex 23.9748 11.0028 4.5
    endloop
  endfacet
  facet normal -0 0 -1
    outer loop
      vertex 23.158 3.76071 4.5
      vertex 15.1555 0.765377 4.5
      vertex 23.1174 3.88161 4.5
    endloop
  endfacet
  facet normal 0 0 -1
    outer loop
      vertex 17.9796 9.50298 4.5
      vertex 17.0298 14.9162 4.5
      vertex 18.8691 14.3185 4.5
    endloop
  endfacet
  facet normal -0 0 -1
    outer loop
      vertex 22.6892 4.835 4.5
      vertex 15.0711 0.95337 4.5
      vertex 22.1696 5.74182 4.5
    endloop
  endfacet
  facet normal 0 0 -1
    outer loop
      vertex 13.9654 -1.95555 4.5
      vertex 17.0816 -9.91744 4.5
      vertex 16.9607 -9.95804 4.5
    endloop
  endfacet
  facet normal 0 0 -1
    outer loop
      vertex 13.8136 -10.6237 4.5
      vertex 16.9607 -9.95804 4.5
      vertex 15.4497 -15.2348 4.5
    endloop
  endfacet
  facet normal 0 0 -1
    outer loop
      vertex 14.9686 1.13219 4.5
      vertex 22.1696 5.74182 4.5
      vertex 15.0711 0.95337 4.5
    endloop
  endfacet
  facet normal -0 0 -1
    outer loop
      vertex 22.1696 5.74182 4.5
      vertex 14.9686 1.13219 4.5
      vertex 22.0957 5.84573 4.5
    endloop
  endfacet
  facet normal 0 0 -1
    outer loop
      vertex 14.8492 1.30009 4.5
      vertex 22.0957 5.84573 4.5
      vertex 14.9686 1.13219 4.5
    endloop
  endfacet
  facet normal 0 0 -1
    outer loop
      vertex 14.7138 1.45547 4.5
      vertex 22.0957 5.84573 4.5
      vertex 14.8492 1.30009 4.5
    endloop
  endfacet
  facet normal -0 0 -1
    outer loop
      vertex 22.0957 5.84573 4.5
      vertex 14.7138 1.45547 4.5
      vertex 19.9409 8.23408 4.5
    endloop
  endfacet
  facet normal 0 0 -1
    outer loop
      vertex 14.5638 1.59685 4.5
      vertex 19.9409 8.23408 4.5
      vertex 14.7138 1.45547 4.5
    endloop
  endfacet
  facet normal 0 0 -1
    outer loop
      vertex 14.4007 1.72284 4.5
      vertex 19.9409 8.23408 4.5
      vertex 14.5638 1.59685 4.5
    endloop
  endfacet
  facet normal 0 0 -1
    outer loop
      vertex 17.9796 9.50298 4.5
      vertex 14.9189 10.4975 4.5
      vertex 17.0298 14.9162 4.5
    endloop
  endfacet
  facet normal -0 0 -1
    outer loop
      vertex 19.9409 8.23408 4.5
      vertex 14.4007 1.72284 4.5
      vertex 19.2895 8.73727 4.5
    endloop
  endfacet
  facet normal -0 0 -1
    outer loop
      vertex 19.2895 8.73727 4.5
      vertex 14.4007 1.72284 4.5
      vertex 18.4038 9.29208 4.5
    endloop
  endfacet
  facet normal 0 0 -1
    outer loop
      vertex 14.2261 1.83224 4.5
      vertex 18.4038 9.29208 4.5
      vertex 14.4007 1.72284 4.5
    endloop
  endfacet
  facet normal -0 0 -1
    outer loop
      vertex 18.4038 9.29208 4.5
      vertex 14.2261 1.83224 4.5
      vertex 17.9796 9.50298 4.5
    endloop
  endfacet
  facet normal 0 0 -1
    outer loop
      vertex 14.0416 1.92398 4.5
      vertex 17.9796 9.50298 4.5
      vertex 14.2261 1.83224 4.5
    endloop
  endfacet
  facet normal 0 0 -1
    outer loop
      vertex 13.8489 1.99721 4.5
      vertex 17.9796 9.50298 4.5
      vertex 14.0416 1.92398 4.5
    endloop
  endfacet
  facet normal -0 0 -1
    outer loop
      vertex 17.9796 9.50298 4.5
      vertex 13.8489 1.99721 4.5
      vertex 14.9189 10.4975 4.5
    endloop
  endfacet
  facet normal 0 0 -1
    outer loop
      vertex 13.6501 2.05119 4.5
      vertex 14.9189 10.4975 4.5
      vertex 13.8489 1.99721 4.5
    endloop
  endfacet
  facet normal 0 0 -1
    outer loop
      vertex 13.4468 2.08544 4.5
      vertex 14.9189 10.4975 4.5
      vertex 13.6501 2.05119 4.5
    endloop
  endfacet
  facet normal -0 0 -1
    outer loop
      vertex 14.9189 10.4975 4.5
      vertex 13.4468 2.08544 4.5
      vertex 14.4518 10.5762 4.5
    endloop
  endfacet
  facet normal 0 0 -1
    outer loop
      vertex 13.4468 2.08544 4.5
      vertex 13.4091 10.6479 4.5
      vertex 14.4518 10.5762 4.5
    endloop
  endfacet
  facet normal 0 0 -1
    outer loop
      vertex 13.2412 2.09959 4.5
      vertex 13.4091 10.6479 4.5
      vertex 13.4468 2.08544 4.5
    endloop
  endfacet
  facet normal 0 0 -1
    outer loop
      vertex 12.5864 10.6237 4.5
      vertex 13.2412 2.09959 4.5
      vertex 13.0352 2.09352 4.5
    endloop
  endfacet
  facet normal 0 0 -1
    outer loop
      vertex 12.5864 10.6237 4.5
      vertex 13.0352 2.09352 4.5
      vertex 12.8308 2.06728 4.5
    endloop
  endfacet
  facet normal 0 0 -1
    outer loop
      vertex 9.43929 9.95804 4.5
      vertex 12.8308 2.06728 4.5
      vertex 12.63 2.02115 4.5
    endloop
  endfacet
  facet normal 0 0 -1
    outer loop
      vertex 13.2412 2.09959 4.5
      vertex 12.5864 10.6237 4.5
      vertex 13.4091 10.6479 4.5
    endloop
  endfacet
  facet normal 0 0 -1
    outer loop
      vertex 9.43929 9.95804 4.5
      vertex 12.63 2.02115 4.5
      vertex 12.4346 1.95555 4.5
    endloop
  endfacet
  facet normal 0 0 -1
    outer loop
      vertex 9.31839 9.91744 4.5
      vertex 12.4346 1.95555 4.5
      vertex 12.2466 1.87109 4.5
    endloop
  endfacet
  facet normal 0 0 -1
    outer loop
      vertex 8.365 9.48922 4.5
      vertex 12.2466 1.87109 4.5
      vertex 12.0678 1.76865 4.5
    endloop
  endfacet
  facet normal 0 0 -1
    outer loop
      vertex 7.35427 8.89567 4.5
      vertex 12.0678 1.76865 4.5
      vertex 11.8999 1.64915 4.5
    endloop
  endfacet
  facet normal 0 0 -1
    outer loop
      vertex 7.35427 8.89567 4.5
      vertex 11.8999 1.64915 4.5
      vertex 11.7445 1.51378 4.5
    endloop
  endfacet
  facet normal 0 0 -1
    outer loop
      vertex 4.96592 6.74088 4.5
      vertex 11.7445 1.51378 4.5
      vertex 11.6032 1.36384 4.5
    endloop
  endfacet
  facet normal 0 0 -1
    outer loop
      vertex 4.96592 6.74088 4.5
      vertex 11.6032 1.36384 4.5
      vertex 11.4772 1.20074 4.5
    endloop
  endfacet
  facet normal 0 0 -1
    outer loop
      vertex 4.46273 6.08953 4.5
      vertex 11.4772 1.20074 4.5
      vertex 11.3678 1.0261 4.5
    endloop
  endfacet
  facet normal 0 0 -1
    outer loop
      vertex 4.46273 6.08953 4.5
      vertex 11.3678 1.0261 4.5
      vertex 11.276 0.841559 4.5
    endloop
  endfacet
  facet normal 0 0 -1
    outer loop
      vertex 4.46273 6.08953 4.5
      vertex 11.276 0.841559 4.5
      vertex 11.2028 0.648933 4.5
    endloop
  endfacet
  facet normal 0 0 -1
    outer loop
      vertex 4.46273 6.08953 4.5
      vertex 11.2028 0.648933 4.5
      vertex 11.1488 0.450055 4.5
    endloop
  endfacet
  facet normal 0 0 -1
    outer loop
      vertex 4.46273 6.08953 4.5
      vertex 11.1488 0.450055 4.5
      vertex 11.1146 0.246834 4.5
    endloop
  endfacet
  facet normal 0 0 -1
    outer loop
      vertex 12.8308 2.06728 4.5
      vertex 9.43929 9.95804 4.5
      vertex 12.5864 10.6237 4.5
    endloop
  endfacet
  facet normal 0 0 -1
    outer loop
      vertex 4.46273 6.08953 4.5
      vertex 11.1146 0.246834 4.5
      vertex 11.1004 0.0412372 4.5
    endloop
  endfacet
  facet normal 0 0 -1
    outer loop
      vertex -4.96592 6.74088 4.5
      vertex -3.63434 12.0688 4.5
      vertex -2.19715 10.7748 4.5
    endloop
  endfacet
  facet normal 0 0 -1
    outer loop
      vertex -11.9993 -1.72284 4.5
      vertex -6.45912 -8.23408 4.5
      vertex -7.11047 -8.73727 4.5
    endloop
  endfacet
  facet normal 0 0 -1
    outer loop
      vertex -4.96592 6.74088 4.5
      vertex -7.35427 8.89567 4.5
      vertex -3.63434 12.0688 4.5
    endloop
  endfacet
  facet normal 0 0 -1
    outer loop
      vertex -4.30433 -5.84573 4.5
      vertex -11.1327 -0.369173 4.5
      vertex -11.1065 -0.164766 4.5
    endloop
  endfacet
  facet normal 0 0 -1
    outer loop
      vertex -11.2028 0.648933 4.5
      vertex -2.70252 1.7189 4.5
      vertex -11.1488 0.450055 4.5
    endloop
  endfacet
  facet normal 0 0 -1
    outer loop
      vertex -11.9993 -1.72284 4.5
      vertex -7.11047 -8.73727 4.5
      vertex -7.9962 -9.29208 4.5
    endloop
  endfacet
  facet normal -0 0 -1
    outer loop
      vertex -2.70252 1.7189 4.5
      vertex -11.2028 0.648933 4.5
      vertex -3.69702 4.77965 4.5
    endloop
  endfacet
  facet normal 0 0 -1
    outer loop
      vertex -12.1739 -1.83224 4.5
      vertex -7.9962 -9.29208 4.5
      vertex -8.42035 -9.50298 4.5
    endloop
  endfacet
  facet normal 0 0 -1
    outer loop
      vertex -11.276 0.841559 4.5
      vertex -3.69702 4.77965 4.5
      vertex -11.2028 0.648933 4.5
    endloop
  endfacet
  facet normal -0 0 -1
    outer loop
      vertex -15.2996 -0.0412372 4.5
      vertex -23.8479 -0.209105 4.5
      vertex -23.8237 0.613614 4.5
    endloop
  endfacet
  facet normal 0 0 -1
    outer loop
      vertex -15.2996 -0.0412372 4.5
      vertex -22.1696 5.74182 4.5
      vertex -22.0957 5.84573 4.5
    endloop
  endfacet
  facet normal -0 0 -1
    outer loop
      vertex -15.2512 -0.450055 4.5
      vertex -23.6975 -1.7189 4.5
      vertex -15.2854 -0.246834 4.5
    endloop
  endfacet
  facet normal 0 0 -1
    outer loop
      vertex -23.7762 -1.25179 4.5
      vertex -15.2854 -0.246834 4.5
      vertex -23.6975 -1.7189 4.5
    endloop
  endfacet
  facet normal 0 0 -1
    outer loop
      vertex -15.2996 -0.0412372 4.5
      vertex -22.6892 4.835 4.5
      vertex -22.1696 5.74182 4.5
    endloop
  endfacet
  facet normal 0 -0 -1
    outer loop
      vertex -23.1174 3.88161 4.5
      vertex -15.2996 -0.0412372 4.5
      vertex -23.158 3.76071 4.5
    endloop
  endfacet
  facet normal 0 0 -1
    outer loop
      vertex -15.2996 -0.0412372 4.5
      vertex -23.1174 3.88161 4.5
      vertex -22.6892 4.835 4.5
    endloop
  endfacet
  facet normal -0 0 -1
    outer loop
      vertex -15.2854 -0.246834 4.5
      vertex -23.7762 -1.25179 4.5
      vertex -15.2996 -0.0412372 4.5
    endloop
  endfacet
  facet normal 0 0 -1
    outer loop
      vertex -27.5185 -5.66911 4.5
      vertex -23.6975 -1.7189 4.5
      vertex -22.703 -4.77965 4.5
    endloop
  endfacet
  facet normal 0 0 -1
    outer loop
      vertex -23.6975 -1.7189 4.5
      vertex -27.5185 -5.66911 4.5
      vertex -28.1162 -3.82983 4.5
    endloop
  endfacet
  facet normal 0 0 -1
    outer loop
      vertex -22.703 -4.77965 4.5
      vertex -15.0322 -1.0261 4.5
      vertex -22.4921 -5.2038 4.5
    endloop
  endfacet
  facet normal -0 0 -1
    outer loop
      vertex -15.124 -0.841559 4.5
      vertex -22.703 -4.77965 4.5
      vertex -15.1972 -0.648933 4.5
    endloop
  endfacet
  facet normal -0 0 -1
    outer loop
      vertex -15.0322 -1.0261 4.5
      vertex -22.703 -4.77965 4.5
      vertex -15.124 -0.841559 4.5
    endloop
  endfacet
  facet normal 0 -0 -1
    outer loop
      vertex -19.2895 8.73727 4.5
      vertex -15.2996 -0.0412372 4.5
      vertex -19.9409 8.23408 4.5
    endloop
  endfacet
  facet normal 0 -0 -1
    outer loop
      vertex -18.4038 9.29208 4.5
      vertex -15.2996 -0.0412372 4.5
      vertex -19.2895 8.73727 4.5
    endloop
  endfacet
  facet normal 0 0 -1
    outer loop
      vertex -15.2996 -0.0412372 4.5
      vertex -18.4038 9.29208 4.5
      vertex -17.9796 9.50298 4.5
    endloop
  endfacet
  facet normal 0 0 -1
    outer loop
      vertex -23.6975 -1.7189 4.5
      vertex -15.1972 -0.648933 4.5
      vertex -22.703 -4.77965 4.5
    endloop
  endfacet
  facet normal 0 0 -1
    outer loop
      vertex -22.7657 -12.0688 4.5
      vertex -21.4341 -6.74088 4.5
      vertex -19.0457 -8.89567 4.5
    endloop
  endfacet
  facet normal 0 0 -1
    outer loop
      vertex -21.4341 -6.74088 4.5
      vertex -22.7657 -12.0688 4.5
      vertex -24.2029 -10.7748 4.5
    endloop
  endfacet
  facet normal 0 0 -1
    outer loop
      vertex -15.4497 -15.2348 4.5
      vertex -17.3413 -14.8327 4.5
      vertex -16.9607 -9.95804 4.5
    endloop
  endfacet
  facet normal -0 0 -1
    outer loop
      vertex -15.1972 -0.648933 4.5
      vertex -23.6975 -1.7189 4.5
      vertex -15.2512 -0.450055 4.5
    endloop
  endfacet
  facet normal 0 0 -1
    outer loop
      vertex -15.2996 -0.0412372 4.5
      vertex -22.0957 5.84573 4.5
      vertex -19.9409 8.23408 4.5
    endloop
  endfacet
  facet normal 0 0 -1
    outer loop
      vertex -22.0957 5.84573 4.5
      vertex -23.9748 11.0028 4.5
      vertex -19.9409 8.23408 4.5
    endloop
  endfacet
  facet normal 0 -0 -1
    outer loop
      vertex -23.9748 11.0028 4.5
      vertex -22.0957 5.84573 4.5
      vertex -25.2688 9.56566 4.5
    endloop
  endfacet
  facet normal 0 0 -1
    outer loop
      vertex -23.8479 -0.209105 4.5
      vertex -15.2996 -0.0412372 4.5
      vertex -23.7762 -1.25179 4.5
    endloop
  endfacet
  facet normal 0 0 -1
    outer loop
      vertex -15.2996 -0.0412372 4.5
      vertex -23.8237 0.613614 4.5
      vertex -23.158 3.76071 4.5
    endloop
  endfacet
  facet normal 0 0 -1
    outer loop
      vertex -23.8237 0.613614 4.5
      vertex -28.0327 4.14135 4.5
      vertex -23.158 3.76071 4.5
    endloop
  endfacet
  facet normal 0 -0 -1
    outer loop
      vertex -28.0327 4.14135 4.5
      vertex -23.8237 0.613614 4.5
      vertex -28.4348 2.24969 4.5
    endloop
  endfacet
  facet normal 0 0 -1
    outer loop
      vertex -9.37017 -14.9162 4.5
      vertex -8.42035 -9.50298 4.5
      vertex -7.53089 -14.3185 4.5
    endloop
  endfacet
  facet normal 0 0 -1
    outer loop
      vertex -11.4811 -10.4975 4.5
      vertex -8.42035 -9.50298 4.5
      vertex -9.37017 -14.9162 4.5
    endloop
  endfacet
  facet normal 0 0 -1
    outer loop
      vertex -11.1488 0.450055 4.5
      vertex -2.70252 1.7189 4.5
      vertex -11.1146 0.246834 4.5
    endloop
  endfacet
  facet normal 0 0 -1
    outer loop
      vertex -11.3678 1.0261 4.5
      vertex -3.69702 4.77965 4.5
      vertex -11.276 0.841559 4.5
    endloop
  endfacet
  facet normal -0 0 -1
    outer loop
      vertex -3.69702 4.77965 4.5
      vertex -11.4772 1.20074 4.5
      vertex -4.96592 6.74088 4.5
    endloop
  endfacet
  facet normal 0 0 -1
    outer loop
      vertex -11.4772 1.20074 4.5
      vertex -3.69702 4.77965 4.5
      vertex -11.3678 1.0261 4.5
    endloop
  endfacet
  facet normal -0 0 -1
    outer loop
      vertex -2.62383 1.25179 4.5
      vertex -11.1146 0.246834 4.5
      vertex -2.70252 1.7189 4.5
    endloop
  endfacet
  facet normal 0 0 -1
    outer loop
      vertex -4.30433 -5.84573 4.5
      vertex -11.1789 -0.570017 4.5
      vertex -11.1327 -0.369173 4.5
    endloop
  endfacet
  facet normal 0 0 -1
    outer loop
      vertex -4.30433 -5.84573 4.5
      vertex -11.2445 -0.765377 4.5
      vertex -11.1789 -0.570017 4.5
    endloop
  endfacet
  facet normal 0 0 -1
    outer loop
      vertex -12.5511 -1.99721 4.5
      vertex -8.42035 -9.50298 4.5
      vertex -11.4811 -10.4975 4.5
    endloop
  endfacet
  facet normal 0 0 -1
    outer loop
      vertex -4.30433 -5.84573 4.5
      vertex -11.3289 -0.95337 4.5
      vertex -11.2445 -0.765377 4.5
    endloop
  endfacet
  facet normal 0 0 -1
    outer loop
      vertex -4.30433 -5.84573 4.5
      vertex -11.4314 -1.13219 4.5
      vertex -11.3289 -0.95337 4.5
    endloop
  endfacet
  facet normal 0 0 -1
    outer loop
      vertex -4.30433 -5.84573 4.5
      vertex -11.5508 -1.30009 4.5
      vertex -11.4314 -1.13219 4.5
    endloop
  endfacet
  facet normal 0 0 -1
    outer loop
      vertex -4.30433 -5.84573 4.5
      vertex -11.6862 -1.45547 4.5
      vertex -11.5508 -1.30009 4.5
    endloop
  endfacet
  facet normal 0 0 -1
    outer loop
      vertex -6.45912 -8.23408 4.5
      vertex -11.8362 -1.59685 4.5
      vertex -11.6862 -1.45547 4.5
    endloop
  endfacet
  facet normal 0 0 -1
    outer loop
      vertex -12.9532 -2.08544 4.5
      vertex -11.4811 -10.4975 4.5
      vertex -11.9482 -10.5762 4.5
    endloop
  endfacet
  facet normal 0 0 -1
    outer loop
      vertex -6.45912 -8.23408 4.5
      vertex -11.9993 -1.72284 4.5
      vertex -11.8362 -1.59685 4.5
    endloop
  endfacet
  facet normal 0 0 -1
    outer loop
      vertex -7.9962 -9.29208 4.5
      vertex -12.1739 -1.83224 4.5
      vertex -11.9993 -1.72284 4.5
    endloop
  endfacet
  facet normal 0 0 -1
    outer loop
      vertex -8.42035 -9.50298 4.5
      vertex -12.3584 -1.92398 4.5
      vertex -12.1739 -1.83224 4.5
    endloop
  endfacet
  facet normal 0 0 -1
    outer loop
      vertex -8.42035 -9.50298 4.5
      vertex -12.5511 -1.99721 4.5
      vertex -12.3584 -1.92398 4.5
    endloop
  endfacet
  facet normal 0 0 -1
    outer loop
      vertex -11.4811 -10.4975 4.5
      vertex -12.7499 -2.05119 4.5
      vertex -12.5511 -1.99721 4.5
    endloop
  endfacet
  facet normal 0 0 -1
    outer loop
      vertex -11.4811 -10.4975 4.5
      vertex -12.9532 -2.08544 4.5
      vertex -12.7499 -2.05119 4.5
    endloop
  endfacet
  facet normal 0 0 -1
    outer loop
      vertex -12.9909 -10.6479 4.5
      vertex -12.9532 -2.08544 4.5
      vertex -11.9482 -10.5762 4.5
    endloop
  endfacet
  facet normal 0 0 -1
    outer loop
      vertex -12.9909 -10.6479 4.5
      vertex -13.1588 -2.09959 4.5
      vertex -12.9532 -2.08544 4.5
    endloop
  endfacet
  facet normal 0 0 -1
    outer loop
      vertex -13.8136 -10.6237 4.5
      vertex -13.1588 -2.09959 4.5
      vertex -12.9909 -10.6479 4.5
    endloop
  endfacet
  facet normal -0 0 -1
    outer loop
      vertex -13.1588 -2.09959 4.5
      vertex -13.8136 -10.6237 4.5
      vertex -13.3648 -2.09352 4.5
    endloop
  endfacet
  facet normal -0 0 -1
    outer loop
      vertex -13.3648 -2.09352 4.5
      vertex -13.8136 -10.6237 4.5
      vertex -13.5692 -2.06728 4.5
    endloop
  endfacet
  facet normal 0 0 -1
    outer loop
      vertex -16.9607 -9.95804 4.5
      vertex -13.5692 -2.06728 4.5
      vertex -13.8136 -10.6237 4.5
    endloop
  endfacet
  facet normal -0 0 -1
    outer loop
      vertex -13.5692 -2.06728 4.5
      vertex -16.9607 -9.95804 4.5
      vertex -13.77 -2.02115 4.5
    endloop
  endfacet
  facet normal -0 0 -1
    outer loop
      vertex -13.77 -2.02115 4.5
      vertex -16.9607 -9.95804 4.5
      vertex -13.9654 -1.95555 4.5
    endloop
  endfacet
  facet normal 0 0 -1
    outer loop
      vertex -17.0816 -9.91744 4.5
      vertex -13.9654 -1.95555 4.5
      vertex -16.9607 -9.95804 4.5
    endloop
  endfacet
  facet normal -0 0 -1
    outer loop
      vertex -13.9654 -1.95555 4.5
      vertex -17.0816 -9.91744 4.5
      vertex -14.1534 -1.87109 4.5
    endloop
  endfacet
  facet normal 0 0 -1
    outer loop
      vertex -18.035 -9.48922 4.5
      vertex -14.1534 -1.87109 4.5
      vertex -17.0816 -9.91744 4.5
    endloop
  endfacet
  facet normal -0 0 -1
    outer loop
      vertex -14.1534 -1.87109 4.5
      vertex -18.035 -9.48922 4.5
      vertex -14.3322 -1.76865 4.5
    endloop
  endfacet
  facet normal 0 0 -1
    outer loop
      vertex -18.9418 -8.96961 4.5
      vertex -14.3322 -1.76865 4.5
      vertex -18.035 -9.48922 4.5
    endloop
  endfacet
  facet normal 0 0 -1
    outer loop
      vertex -19.0457 -8.89567 4.5
      vertex -14.3322 -1.76865 4.5
      vertex -18.9418 -8.96961 4.5
    endloop
  endfacet
  facet normal -0 0 -1
    outer loop
      vertex -14.3322 -1.76865 4.5
      vertex -19.0457 -8.89567 4.5
      vertex -14.5001 -1.64915 4.5
    endloop
  endfacet
  facet normal -0 0 -1
    outer loop
      vertex -14.5001 -1.64915 4.5
      vertex -19.0457 -8.89567 4.5
      vertex -14.6555 -1.51378 4.5
    endloop
  endfacet
  facet normal 0 0 -1
    outer loop
      vertex -21.4341 -6.74088 4.5
      vertex -14.6555 -1.51378 4.5
      vertex -19.0457 -8.89567 4.5
    endloop
  endfacet
  facet normal -0 0 -1
    outer loop
      vertex -14.6555 -1.51378 4.5
      vertex -21.4341 -6.74088 4.5
      vertex -14.7968 -1.36384 4.5
    endloop
  endfacet
  facet normal -0 0 -1
    outer loop
      vertex -14.7968 -1.36384 4.5
      vertex -21.4341 -6.74088 4.5
      vertex -14.9228 -1.20074 4.5
    endloop
  endfacet
  facet normal 0 0 -1
    outer loop
      vertex -16.9607 -9.95804 4.5
      vertex -13.8136 -10.6237 4.5
      vertex -15.4497 -15.2348 4.5
    endloop
  endfacet
  facet normal -0 0 -1
    outer loop
      vertex -9.05865 14.8327 4.5
      vertex -9.43929 9.95804 4.5
      vertex -10.9503 15.2348 4.5
    endloop
  endfacet
  facet normal 0 0 -1
    outer loop
      vertex -11.6032 1.36384 4.5
      vertex -4.96592 6.74088 4.5
      vertex -11.4772 1.20074 4.5
    endloop
  endfacet
  facet normal 0 0 -1
    outer loop
      vertex -11.7445 1.51378 4.5
      vertex -4.96592 6.74088 4.5
      vertex -11.6032 1.36384 4.5
    endloop
  endfacet
  facet normal -0 0 -1
    outer loop
      vertex -4.96592 6.74088 4.5
      vertex -11.7445 1.51378 4.5
      vertex -7.35427 8.89567 4.5
    endloop
  endfacet
  facet normal 0 0 -1
    outer loop
      vertex -11.8999 1.64915 4.5
      vertex -7.35427 8.89567 4.5
      vertex -11.7445 1.51378 4.5
    endloop
  endfacet
  facet normal 0 0 -1
    outer loop
      vertex -12.0678 1.76865 4.5
      vertex -7.35427 8.89567 4.5
      vertex -11.8999 1.64915 4.5
    endloop
  endfacet
  facet normal -0 0 -1
    outer loop
      vertex -7.35427 8.89567 4.5
      vertex -12.0678 1.76865 4.5
      vertex -7.45818 8.96961 4.5
    endloop
  endfacet
  facet normal -0 0 -1
    outer loop
      vertex -7.45818 8.96961 4.5
      vertex -12.0678 1.76865 4.5
      vertex -8.365 9.48922 4.5
    endloop
  endfacet
  facet normal 0 0 -1
    outer loop
      vertex -12.2466 1.87109 4.5
      vertex -8.365 9.48922 4.5
      vertex -12.0678 1.76865 4.5
    endloop
  endfacet
  facet normal -0 0 -1
    outer loop
      vertex -8.365 9.48922 4.5
      vertex -12.2466 1.87109 4.5
      vertex -9.31839 9.91744 4.5
    endloop
  endfacet
  facet normal 0 0 -1
    outer loop
      vertex -12.4346 1.95555 4.5
      vertex -9.31839 9.91744 4.5
      vertex -12.2466 1.87109 4.5
    endloop
  endfacet
  facet normal -0 0 -1
    outer loop
      vertex -9.31839 9.91744 4.5
      vertex -12.4346 1.95555 4.5
      vertex -9.43929 9.95804 4.5
    endloop
  endfacet
  facet normal 0 0 -1
    outer loop
      vertex -12.63 2.02115 4.5
      vertex -9.43929 9.95804 4.5
      vertex -12.4346 1.95555 4.5
    endloop
  endfacet
  facet normal 0 0 -1
    outer loop
      vertex -9.43929 9.95804 4.5
      vertex -12.5864 10.6237 4.5
      vertex -10.9503 15.2348 4.5
    endloop
  endfacet
  facet normal 0 0 -1
    outer loop
      vertex -12.8308 2.06728 4.5
      vertex -9.43929 9.95804 4.5
      vertex -12.63 2.02115 4.5
    endloop
  endfacet
  facet normal -0 0 -1
    outer loop
      vertex -9.43929 9.95804 4.5
      vertex -12.8308 2.06728 4.5
      vertex -12.5864 10.6237 4.5
    endloop
  endfacet
  facet normal 0 0 -1
    outer loop
      vertex -13.0352 2.09352 4.5
      vertex -12.5864 10.6237 4.5
      vertex -12.8308 2.06728 4.5
    endloop
  endfacet
  facet normal 0 0 -1
    outer loop
      vertex -13.2412 2.09959 4.5
      vertex -12.5864 10.6237 4.5
      vertex -13.0352 2.09352 4.5
    endloop
  endfacet
  facet normal 0 0 -1
    outer loop
      vertex -13.2412 2.09959 4.5
      vertex -13.4091 10.6479 4.5
      vertex -12.5864 10.6237 4.5
    endloop
  endfacet
  facet normal 0 0 -1
    outer loop
      vertex -13.4468 2.08544 4.5
      vertex -13.4091 10.6479 4.5
      vertex -13.2412 2.09959 4.5
    endloop
  endfacet
  facet normal 0 0 -1
    outer loop
      vertex -14.9189 10.4975 4.5
      vertex -13.4468 2.08544 4.5
      vertex -13.6501 2.05119 4.5
    endloop
  endfacet
  facet normal 0 0 -1
    outer loop
      vertex -14.9189 10.4975 4.5
      vertex -13.6501 2.05119 4.5
      vertex -13.8489 1.99721 4.5
    endloop
  endfacet
  facet normal 0 0 -1
    outer loop
      vertex -17.9796 9.50298 4.5
      vertex -13.8489 1.99721 4.5
      vertex -14.0416 1.92398 4.5
    endloop
  endfacet
  facet normal 0 0 -1
    outer loop
      vertex -17.9796 9.50298 4.5
      vertex -14.0416 1.92398 4.5
      vertex -14.2261 1.83224 4.5
    endloop
  endfacet
  facet normal 0 0 -1
    outer loop
      vertex -17.9796 9.50298 4.5
      vertex -14.2261 1.83224 4.5
      vertex -14.4007 1.72284 4.5
    endloop
  endfacet
  facet normal 0 0 -1
    outer loop
      vertex -13.4468 2.08544 4.5
      vertex -14.4518 10.5762 4.5
      vertex -13.4091 10.6479 4.5
    endloop
  endfacet
  facet normal 0 0 -1
    outer loop
      vertex -17.9796 9.50298 4.5
      vertex -14.4007 1.72284 4.5
      vertex -14.5638 1.59685 4.5
    endloop
  endfacet
  facet normal 0 0 -1
    outer loop
      vertex -17.9796 9.50298 4.5
      vertex -14.5638 1.59685 4.5
      vertex -14.7138 1.45547 4.5
    endloop
  endfacet
  facet normal 0 0 -1
    outer loop
      vertex -17.9796 9.50298 4.5
      vertex -14.7138 1.45547 4.5
      vertex -14.8492 1.30009 4.5
    endloop
  endfacet
  facet normal 0 0 -1
    outer loop
      vertex -13.4468 2.08544 4.5
      vertex -14.9189 10.4975 4.5
      vertex -14.4518 10.5762 4.5
    endloop
  endfacet
  facet normal 0 0 -1
    outer loop
      vertex -17.9796 9.50298 4.5
      vertex -14.8492 1.30009 4.5
      vertex -14.9686 1.13219 4.5
    endloop
  endfacet
  facet normal 0 0 -1
    outer loop
      vertex -17.9796 9.50298 4.5
      vertex -14.9686 1.13219 4.5
      vertex -15.0711 0.95337 4.5
    endloop
  endfacet
  facet normal 0 0 -1
    outer loop
      vertex -17.9796 9.50298 4.5
      vertex -15.0711 0.95337 4.5
      vertex -15.1555 0.765377 4.5
    endloop
  endfacet
  facet normal 0 0 -1
    outer loop
      vertex -17.9796 9.50298 4.5
      vertex -15.1555 0.765377 4.5
      vertex -15.2211 0.570017 4.5
    endloop
  endfacet
  facet normal 0 0 -1
    outer loop
      vertex -17.9796 9.50298 4.5
      vertex -15.2211 0.570017 4.5
      vertex -15.2673 0.369173 4.5
    endloop
  endfacet
  facet normal 0 0 -1
    outer loop
      vertex -17.9796 9.50298 4.5
      vertex -15.2673 0.369173 4.5
      vertex -15.2935 0.164766 4.5
    endloop
  endfacet
  facet normal 0 0 -1
    outer loop
      vertex -21.9373 -6.08953 4.5
      vertex -14.9228 -1.20074 4.5
      vertex -21.4341 -6.74088 4.5
    endloop
  endfacet
  facet normal -0 0 -1
    outer loop
      vertex -14.9228 -1.20074 4.5
      vertex -21.9373 -6.08953 4.5
      vertex -15.0322 -1.0261 4.5
    endloop
  endfacet
  facet normal 0 0 -1
    outer loop
      vertex -22.4921 -5.2038 4.5
      vertex -15.0322 -1.0261 4.5
      vertex -21.9373 -6.08953 4.5
    endloop
  endfacet
  facet normal 0 0 -1
    outer loop
      vertex -13.8489 1.99721 4.5
      vertex -17.9796 9.50298 4.5
      vertex -14.9189 10.4975 4.5
    endloop
  endfacet
  facet normal 0 0 -1
    outer loop
      vertex -15.2996 -0.0412372 4.5
      vertex -17.9796 9.50298 4.5
      vertex -15.2935 0.164766 4.5
    endloop
  endfacet
  facet normal -0 0 -1
    outer loop
      vertex -14.9189 10.4975 4.5
      vertex -17.9796 9.50298 4.5
      vertex -17.0298 14.9162 4.5
    endloop
  endfacet
  facet normal 0 0 -1
    outer loop
      vertex -17.0298 14.9162 4.5
      vertex -17.9796 9.50298 4.5
      vertex -18.8691 14.3185 4.5
    endloop
  endfacet
  facet normal 0 0 -1
    outer loop
      vertex 11.1327 -0.369173 4.5
      vertex 2.62383 1.25179 4.5
      vertex 2.70252 1.7189 4.5
    endloop
  endfacet
  facet normal 0 0 -1
    outer loop
      vertex 2.55206 0.209105 4.5
      vertex 11.1327 -0.369173 4.5
      vertex 2.5763 -0.613614 4.5
    endloop
  endfacet
  facet normal 0 0 -1
    outer loop
      vertex 1.68779 -3.88207 4.5
      vertex 2.5763 -0.613614 4.5
      vertex 3.24196 -3.76071 4.5
    endloop
  endfacet
  facet normal 0 0 -1
    outer loop
      vertex 0 -4.01386 4.5
      vertex 1.68779 -3.88207 4.5
      vertex 1.63267 -4.14135 4.5
    endloop
  endfacet
  facet normal 0 0 -1
    outer loop
      vertex 0 -1.52772 4.5
      vertex 1.68779 -3.88207 4.5
      vertex 0 -4.01386 4.5
    endloop
  endfacet
  facet normal 0 0 -1
    outer loop
      vertex 1.68779 -3.88207 4.5
      vertex 0 -1.52772 4.5
      vertex 2.5763 -0.613614 4.5
    endloop
  endfacet
  facet normal 0 0 -1
    outer loop
      vertex -1.68779 -3.88207 4.5
      vertex 0 -4.01386 4.5
      vertex -1.63267 -4.14135 4.5
    endloop
  endfacet
  facet normal 0 0 -1
    outer loop
      vertex 0 -4.01386 4.5
      vertex -1.68779 -3.88207 4.5
      vertex 0 -1.52772 4.5
    endloop
  endfacet
  facet normal 0 0 -1
    outer loop
      vertex -1.68779 -3.88207 4.5
      vertex -2.5763 -0.613614 4.5
      vertex 0 -1.52772 4.5
    endloop
  endfacet
  facet normal 0 0 -1
    outer loop
      vertex -2.5763 -0.613614 4.5
      vertex -11.1004 0.0412372 4.5
      vertex -2.55206 0.209105 4.5
    endloop
  endfacet
  facet normal 0 0 -1
    outer loop
      vertex -11.1065 -0.164766 4.5
      vertex -2.5763 -0.613614 4.5
      vertex -3.24196 -3.76071 4.5
    endloop
  endfacet
  facet normal 0 0 -1
    outer loop
      vertex -3.24196 -3.76071 4.5
      vertex -2.5763 -0.613614 4.5
      vertex -1.68779 -3.88207 4.5
    endloop
  endfacet
  facet normal 0 0 -1
    outer loop
      vertex 11.4772 1.20074 4.5
      vertex 4.46273 6.08953 4.5
      vertex 4.96592 6.74088 4.5
    endloop
  endfacet
  facet normal 0 0 -1
    outer loop
      vertex 3.28256 -3.88161 4.5
      vertex 11.2445 -0.765377 4.5
      vertex 3.71078 -4.835 4.5
    endloop
  endfacet
  facet normal 0 0 -1
    outer loop
      vertex 2.42519 -11.0028 4.5
      vertex 4.30433 -5.84573 4.5
      vertex 6.45912 -8.23408 4.5
    endloop
  endfacet
  facet normal 0 0 -1
    outer loop
      vertex 4.30433 -5.84573 4.5
      vertex 2.42519 -11.0028 4.5
      vertex 1.13115 -9.56566 4.5
    endloop
  endfacet
  facet normal 0 0 -1
    outer loop
      vertex 21.4341 -6.74088 4.5
      vertex 15.2854 -0.246834 4.5
      vertex 15.2996 -0.0412372 4.5
    endloop
  endfacet
  facet normal 0 0 -1
    outer loop
      vertex 21.4341 -6.74088 4.5
      vertex 15.2512 -0.450055 4.5
      vertex 15.2854 -0.246834 4.5
    endloop
  endfacet
  facet normal 0 0 -1
    outer loop
      vertex 21.4341 -6.74088 4.5
      vertex 15.1972 -0.648933 4.5
      vertex 15.2512 -0.450055 4.5
    endloop
  endfacet
  facet normal 0 0 -1
    outer loop
      vertex 21.4341 -6.74088 4.5
      vertex 15.124 -0.841559 4.5
      vertex 15.1972 -0.648933 4.5
    endloop
  endfacet
  facet normal 0 0 -1
    outer loop
      vertex 13.5692 -2.06728 4.5
      vertex 16.9607 -9.95804 4.5
      vertex 13.8136 -10.6237 4.5
    endloop
  endfacet
  facet normal 0 0 -1
    outer loop
      vertex 21.4341 -6.74088 4.5
      vertex 15.0322 -1.0261 4.5
      vertex 15.124 -0.841559 4.5
    endloop
  endfacet
  facet normal 0 0 -1
    outer loop
      vertex 21.4341 -6.74088 4.5
      vertex 14.9228 -1.20074 4.5
      vertex 15.0322 -1.0261 4.5
    endloop
  endfacet
  facet normal 0 0 -1
    outer loop
      vertex 21.4341 -6.74088 4.5
      vertex 14.7968 -1.36384 4.5
      vertex 14.9228 -1.20074 4.5
    endloop
  endfacet
  facet normal 0 0 -1
    outer loop
      vertex 21.4341 -6.74088 4.5
      vertex 14.6555 -1.51378 4.5
      vertex 14.7968 -1.36384 4.5
    endloop
  endfacet
  facet normal 0 0 -1
    outer loop
      vertex 19.0457 -8.89567 4.5
      vertex 14.5001 -1.64915 4.5
      vertex 14.6555 -1.51378 4.5
    endloop
  endfacet
  facet normal 0 0 -1
    outer loop
      vertex 19.0457 -8.89567 4.5
      vertex 14.3322 -1.76865 4.5
      vertex 14.5001 -1.64915 4.5
    endloop
  endfacet
  facet normal 0 0 -1
    outer loop
      vertex 18.035 -9.48922 4.5
      vertex 14.1534 -1.87109 4.5
      vertex 14.3322 -1.76865 4.5
    endloop
  endfacet
  facet normal 0 0 -1
    outer loop
      vertex 17.0816 -9.91744 4.5
      vertex 13.9654 -1.95555 4.5
      vertex 14.1534 -1.87109 4.5
    endloop
  endfacet
  facet normal 0 0 -1
    outer loop
      vertex 16.9607 -9.95804 4.5
      vertex 13.77 -2.02115 4.5
      vertex 13.9654 -1.95555 4.5
    endloop
  endfacet
  facet normal 0 0 -1
    outer loop
      vertex 16.9607 -9.95804 4.5
      vertex 13.5692 -2.06728 4.5
      vertex 13.77 -2.02115 4.5
    endloop
  endfacet
  facet normal 0 0 -1
    outer loop
      vertex 13.8136 -10.6237 4.5
      vertex 13.3648 -2.09352 4.5
      vertex 13.5692 -2.06728 4.5
    endloop
  endfacet
  facet normal 0 0 -1
    outer loop
      vertex 13.8136 -10.6237 4.5
      vertex 13.1588 -2.09959 4.5
      vertex 13.3648 -2.09352 4.5
    endloop
  endfacet
  facet normal 0 0 -1
    outer loop
      vertex 12.9909 -10.6479 4.5
      vertex 13.1588 -2.09959 4.5
      vertex 13.8136 -10.6237 4.5
    endloop
  endfacet
  facet normal 0 0 -1
    outer loop
      vertex 12.9909 -10.6479 4.5
      vertex 12.9532 -2.08544 4.5
      vertex 13.1588 -2.09959 4.5
    endloop
  endfacet
  facet normal 0 0 -1
    outer loop
      vertex 11.9482 -10.5762 4.5
      vertex 12.9532 -2.08544 4.5
      vertex 12.9909 -10.6479 4.5
    endloop
  endfacet
  facet normal 0 0 -1
    outer loop
      vertex 11.4811 -10.4975 4.5
      vertex 12.9532 -2.08544 4.5
      vertex 11.9482 -10.5762 4.5
    endloop
  endfacet
  facet normal -0 0 -1
    outer loop
      vertex 12.9532 -2.08544 4.5
      vertex 11.4811 -10.4975 4.5
      vertex 12.7499 -2.05119 4.5
    endloop
  endfacet
  facet normal -0 0 -1
    outer loop
      vertex 12.7499 -2.05119 4.5
      vertex 11.4811 -10.4975 4.5
      vertex 12.5511 -1.99721 4.5
    endloop
  endfacet
  facet normal 0 0 -1
    outer loop
      vertex 8.42035 -9.50298 4.5
      vertex 12.5511 -1.99721 4.5
      vertex 11.4811 -10.4975 4.5
    endloop
  endfacet
  facet normal -0 0 -1
    outer loop
      vertex 12.5511 -1.99721 4.5
      vertex 8.42035 -9.50298 4.5
      vertex 12.3584 -1.92398 4.5
    endloop
  endfacet
  facet normal -0 0 -1
    outer loop
      vertex 12.3584 -1.92398 4.5
      vertex 8.42035 -9.50298 4.5
      vertex 12.1739 -1.83224 4.5
    endloop
  endfacet
  facet normal 0 0 -1
    outer loop
      vertex 7.9962 -9.29208 4.5
      vertex 12.1739 -1.83224 4.5
      vertex 8.42035 -9.50298 4.5
    endloop
  endfacet
  facet normal -0 0 -1
    outer loop
      vertex 12.1739 -1.83224 4.5
      vertex 7.9962 -9.29208 4.5
      vertex 11.9993 -1.72284 4.5
    endloop
  endfacet
  facet normal 0 0 -1
    outer loop
      vertex 7.11047 -8.73727 4.5
      vertex 11.9993 -1.72284 4.5
      vertex 7.9962 -9.29208 4.5
    endloop
  endfacet
  facet normal 0 0 -1
    outer loop
      vertex 6.45912 -8.23408 4.5
      vertex 11.9993 -1.72284 4.5
      vertex 7.11047 -8.73727 4.5
    endloop
  endfacet
  facet normal -0 0 -1
    outer loop
      vertex 11.9993 -1.72284 4.5
      vertex 6.45912 -8.23408 4.5
      vertex 11.8362 -1.59685 4.5
    endloop
  endfacet
  facet normal -0 0 -1
    outer loop
      vertex 11.8362 -1.59685 4.5
      vertex 6.45912 -8.23408 4.5
      vertex 11.6862 -1.45547 4.5
    endloop
  endfacet
  facet normal 0 0 -1
    outer loop
      vertex 4.30433 -5.84573 4.5
      vertex 11.6862 -1.45547 4.5
      vertex 6.45912 -8.23408 4.5
    endloop
  endfacet
  facet normal -0 0 -1
    outer loop
      vertex 11.6862 -1.45547 4.5
      vertex 4.30433 -5.84573 4.5
      vertex 11.5508 -1.30009 4.5
    endloop
  endfacet
  facet normal -0 0 -1
    outer loop
      vertex 11.5508 -1.30009 4.5
      vertex 4.30433 -5.84573 4.5
      vertex 11.4314 -1.13219 4.5
    endloop
  endfacet
  facet normal -0 0 -1
    outer loop
      vertex 12.5864 10.6237 4.5
      vertex 9.43929 9.95804 4.5
      vertex 10.9503 15.2348 4.5
    endloop
  endfacet
  facet normal 0 0 -1
    outer loop
      vertex 4.46273 6.08953 4.5
      vertex 11.1004 0.0412372 4.5
      vertex 11.1065 -0.164766 4.5
    endloop
  endfacet
  facet normal 0 0 -1
    outer loop
      vertex 4.23039 -5.74182 4.5
      vertex 11.4314 -1.13219 4.5
      vertex 4.30433 -5.84573 4.5
    endloop
  endfacet
  facet normal 0 0 -1
    outer loop
      vertex 8.42035 -9.50298 4.5
      vertex 11.4811 -10.4975 4.5
      vertex 9.37017 -14.9162 4.5
    endloop
  endfacet
  facet normal -0 0 -1
    outer loop
      vertex 11.4314 -1.13219 4.5
      vertex 4.23039 -5.74182 4.5
      vertex 11.3289 -0.95337 4.5
    endloop
  endfacet
  facet normal 0 0 -1
    outer loop
      vertex 12.2466 1.87109 4.5
      vertex 8.365 9.48922 4.5
      vertex 9.31839 9.91744 4.5
    endloop
  endfacet
  facet normal 0 -0 -1
    outer loop
      vertex 8.42035 -9.50298 4.5
      vertex 9.37017 -14.9162 4.5
      vertex 7.53089 -14.3185 4.5
    endloop
  endfacet
  facet normal 0 0 -1
    outer loop
      vertex 10.9503 15.2348 4.5
      vertex 9.43929 9.95804 4.5
      vertex 9.05865 14.8327 4.5
    endloop
  endfacet
  facet normal 0 0 -1
    outer loop
      vertex 12.4346 1.95555 4.5
      vertex 9.31839 9.91744 4.5
      vertex 9.43929 9.95804 4.5
    endloop
  endfacet
  facet normal 0 0 -1
    outer loop
      vertex 3.71078 -4.835 4.5
      vertex 11.3289 -0.95337 4.5
      vertex 4.23039 -5.74182 4.5
    endloop
  endfacet
  facet normal 0 0 -1
    outer loop
      vertex 12.0678 1.76865 4.5
      vertex 7.35427 8.89567 4.5
      vertex 7.45818 8.96961 4.5
    endloop
  endfacet
  facet normal 0 0 -1
    outer loop
      vertex 12.0678 1.76865 4.5
      vertex 7.45818 8.96961 4.5
      vertex 8.365 9.48922 4.5
    endloop
  endfacet
  facet normal -0 0 -1
    outer loop
      vertex 11.3289 -0.95337 4.5
      vertex 3.71078 -4.835 4.5
      vertex 11.2445 -0.765377 4.5
    endloop
  endfacet
  facet normal 0 0 -1
    outer loop
      vertex 11.1327 -0.369173 4.5
      vertex 4.46273 6.08953 4.5
      vertex 11.1065 -0.164766 4.5
    endloop
  endfacet
  facet normal 0 0 -1
    outer loop
      vertex 11.7445 1.51378 4.5
      vertex 4.96592 6.74088 4.5
      vertex 7.35427 8.89567 4.5
    endloop
  endfacet
  facet normal 0 0 -1
    outer loop
      vertex 4.96592 6.74088 4.5
      vertex 3.63434 12.0688 4.5
      vertex 7.35427 8.89567 4.5
    endloop
  endfacet
  facet normal 0 -0 -1
    outer loop
      vertex 3.63434 12.0688 4.5
      vertex 4.96592 6.74088 4.5
      vertex 2.19715 10.7748 4.5
    endloop
  endfacet
  facet normal 0 0 -1
    outer loop
      vertex 3.24196 -3.76071 4.5
      vertex 11.2445 -0.765377 4.5
      vertex 3.28256 -3.88161 4.5
    endloop
  endfacet
  facet normal 0 -0 -1
    outer loop
      vertex 3.90792 5.2038 4.5
      vertex 11.1327 -0.369173 4.5
      vertex 3.69702 4.77965 4.5
    endloop
  endfacet
  facet normal -0 0 -1
    outer loop
      vertex 11.2445 -0.765377 4.5
      vertex 3.24196 -3.76071 4.5
      vertex 11.1789 -0.570017 4.5
    endloop
  endfacet
  facet normal 0 0 -1
    outer loop
      vertex 11.1327 -0.369173 4.5
      vertex 3.90792 5.2038 4.5
      vertex 4.46273 6.08953 4.5
    endloop
  endfacet
  facet normal -0 0 -1
    outer loop
      vertex 11.1789 -0.570017 4.5
      vertex 3.24196 -3.76071 4.5
      vertex 11.1327 -0.369173 4.5
    endloop
  endfacet
  facet normal 0 0 -1
    outer loop
      vertex 2.5763 -0.613614 4.5
      vertex 11.1327 -0.369173 4.5
      vertex 3.24196 -3.76071 4.5
    endloop
  endfacet
  facet normal 0 0 -1
    outer loop
      vertex 11.1327 -0.369173 4.5
      vertex 2.70252 1.7189 4.5
      vertex 3.69702 4.77965 4.5
    endloop
  endfacet
  facet normal 0 0 -1
    outer loop
      vertex 2.70252 1.7189 4.5
      vertex 1.26138 5.22952 4.5
      vertex 3.69702 4.77965 4.5
    endloop
  endfacet
  facet normal 0 0 -1
    outer loop
      vertex 0 3.00997 4.5
      vertex 1.26138 5.22952 4.5
      vertex 2.70252 1.7189 4.5
    endloop
  endfacet
  facet normal 0 0 -1
    outer loop
      vertex 0 5.4625 4.5
      vertex 1.26138 5.22952 4.5
      vertex 0 3.00997 4.5
    endloop
  endfacet
  facet normal 0 0 -1
    outer loop
      vertex 1.26138 5.22952 4.5
      vertex 0 5.4625 4.5
      vertex 1.11855 5.66911 4.5
    endloop
  endfacet
  facet normal 0 0 -1
    outer loop
      vertex -1.26138 5.22952 4.5
      vertex 0 5.4625 4.5
      vertex 0 3.00997 4.5
    endloop
  endfacet
  facet normal -0 0 -1
    outer loop
      vertex 0 5.4625 4.5
      vertex -1.26138 5.22952 4.5
      vertex -1.11855 5.66911 4.5
    endloop
  endfacet
  facet normal 0 0 -1
    outer loop
      vertex -2.70252 1.7189 4.5
      vertex -1.26138 5.22952 4.5
      vertex 0 3.00997 4.5
    endloop
  endfacet
  facet normal 0 0 -1
    outer loop
      vertex -11.1065 -0.164766 4.5
      vertex -3.28256 -3.88161 4.5
      vertex -3.71078 -4.835 4.5
    endloop
  endfacet
  facet normal 0 0 -1
    outer loop
      vertex -2.70252 1.7189 4.5
      vertex -3.69702 4.77965 4.5
      vertex -1.26138 5.22952 4.5
    endloop
  endfacet
  facet normal -0 0 -1
    outer loop
      vertex -2.55206 0.209105 4.5
      vertex -11.1004 0.0412372 4.5
      vertex -2.62383 1.25179 4.5
    endloop
  endfacet
  facet normal 0 0 -1
    outer loop
      vertex -3.28256 -3.88161 4.5
      vertex -11.1065 -0.164766 4.5
      vertex -3.24196 -3.76071 4.5
    endloop
  endfacet
  facet normal 0 0 -1
    outer loop
      vertex -4.23039 -5.74182 4.5
      vertex -11.1065 -0.164766 4.5
      vertex -3.71078 -4.835 4.5
    endloop
  endfacet
  facet normal 0 0 -1
    outer loop
      vertex -11.1065 -0.164766 4.5
      vertex -4.23039 -5.74182 4.5
      vertex -4.30433 -5.84573 4.5
    endloop
  endfacet
  facet normal 0 0 -1
    outer loop
      vertex -11.1146 0.246834 4.5
      vertex -2.62383 1.25179 4.5
      vertex -11.1004 0.0412372 4.5
    endloop
  endfacet
  facet normal 0 0 -1
    outer loop
      vertex -3.69702 4.77965 4.5
      vertex -4.46273 6.08953 4.5
      vertex -3.90792 5.2038 4.5
    endloop
  endfacet
  facet normal 0 0 -1
    outer loop
      vertex 11.1327 -0.369173 4.5
      vertex 2.55206 0.209105 4.5
      vertex 2.62383 1.25179 4.5
    endloop
  endfacet
  facet normal 0 -0 -1
    outer loop
      vertex -11.1004 0.0412372 4.5
      vertex -2.5763 -0.613614 4.5
      vertex -11.1065 -0.164766 4.5
    endloop
  endfacet
  facet normal 0 0 1
    outer loop
      vertex -11.9861 12.3154 9.5
      vertex -9.05865 14.8327 9.5
      vertex -10.9503 15.2348 9.5
    endloop
  endfacet
  facet normal 0 0 1
    outer loop
      vertex -4.96592 6.74088 9.5
      vertex -7.73813 0.646469 9.5
      vertex -7.70107 0.107992 9.5
    endloop
  endfacet
  facet normal 0 0 1
    outer loop
      vertex -7.35427 8.89567 9.5
      vertex -7.82779 1.1787 9.5
      vertex -7.73813 0.646469 9.5
    endloop
  endfacet
  facet normal 0 0 1
    outer loop
      vertex -7.35427 8.89567 9.5
      vertex -7.96919 1.69959 9.5
      vertex -7.82779 1.1787 9.5
    endloop
  endfacet
  facet normal 0 0 1
    outer loop
      vertex -8.365 9.48922 9.5
      vertex -7.96919 1.69959 9.5
      vertex -7.45818 8.96961 9.5
    endloop
  endfacet
  facet normal 0 0 1
    outer loop
      vertex -9.31839 9.91744 9.5
      vertex -7.96919 1.69959 9.5
      vertex -8.365 9.48922 9.5
    endloop
  endfacet
  facet normal 0 0 1
    outer loop
      vertex -9.43929 9.95804 9.5
      vertex -7.96919 1.69959 9.5
      vertex -9.31839 9.91744 9.5
    endloop
  endfacet
  facet normal 0 0 1
    outer loop
      vertex -9.05865 14.8327 9.5
      vertex -11.9861 12.3154 9.5
      vertex -9.43929 9.95804 9.5
    endloop
  endfacet
  facet normal 0 0 1
    outer loop
      vertex -9.43929 9.95804 9.5
      vertex -11.9861 12.3154 9.5
      vertex -7.96919 1.69959 9.5
    endloop
  endfacet
  facet normal 0 0 1
    outer loop
      vertex -3.63434 12.0688 9.5
      vertex -4.96592 6.74088 9.5
      vertex -2.19715 10.7748 9.5
    endloop
  endfacet
  facet normal 0 0 1
    outer loop
      vertex -3.28256 -3.88161 9.5
      vertex -8.07832 -2.00458 9.5
      vertex -3.71078 -4.835 9.5
    endloop
  endfacet
  facet normal -0 0 1
    outer loop
      vertex -7.35427 8.89567 9.5
      vertex -4.96592 6.74088 9.5
      vertex -3.63434 12.0688 9.5
    endloop
  endfacet
  facet normal 0 0 1
    outer loop
      vertex -7.73813 0.646469 9.5
      vertex -4.96592 6.74088 9.5
      vertex -7.35427 8.89567 9.5
    endloop
  endfacet
  facet normal 0 0 1
    outer loop
      vertex -7.96919 1.69959 9.5
      vertex -7.35427 8.89567 9.5
      vertex -7.45818 8.96961 9.5
    endloop
  endfacet
  facet normal 0 0 1
    outer loop
      vertex -7.71696 -0.431521 9.5
      vertex -4.96592 6.74088 9.5
      vertex -7.70107 0.107992 9.5
    endloop
  endfacet
  facet normal -0 0 1
    outer loop
      vertex -8.29947 -2.49695 9.5
      vertex -3.71078 -4.835 9.5
      vertex -8.07832 -2.00458 9.5
    endloop
  endfacet
  facet normal 0 0 1
    outer loop
      vertex -3.71078 -4.835 9.5
      vertex -8.29947 -2.49695 9.5
      vertex -4.23039 -5.74182 9.5
    endloop
  endfacet
  facet normal -0 0 1
    outer loop
      vertex -8.56782 -2.96526 9.5
      vertex -4.23039 -5.74182 9.5
      vertex -8.29947 -2.49695 9.5
    endloop
  endfacet
  facet normal 0 0 1
    outer loop
      vertex -4.23039 -5.74182 9.5
      vertex -8.56782 -2.96526 9.5
      vertex -4.30433 -5.84573 9.5
    endloop
  endfacet
  facet normal -0 0 1
    outer loop
      vertex -8.88076 -3.40501 9.5
      vertex -4.30433 -5.84573 9.5
      vertex -8.56782 -2.96526 9.5
    endloop
  endfacet
  facet normal -0 0 1
    outer loop
      vertex -9.23531 -3.81197 9.5
      vertex -4.30433 -5.84573 9.5
      vertex -8.88076 -3.40501 9.5
    endloop
  endfacet
  facet normal 0 0 1
    outer loop
      vertex -4.30433 -5.84573 9.5
      vertex -9.23531 -3.81197 9.5
      vertex -6.45912 -8.23408 9.5
    endloop
  endfacet
  facet normal -0 0 1
    outer loop
      vertex -9.62805 -4.18223 9.5
      vertex -6.45912 -8.23408 9.5
      vertex -9.23531 -3.81197 9.5
    endloop
  endfacet
  facet normal 0 0 1
    outer loop
      vertex -7.71696 -0.431521 9.5
      vertex -2.62383 1.25179 9.5
      vertex -2.70252 1.7189 9.5
    endloop
  endfacet
  facet normal 0 0 1
    outer loop
      vertex 7.70107 0.107992 9.5
      vertex 2.55206 0.209105 9.5
      vertex 2.5763 -0.613614 9.5
    endloop
  endfacet
  facet normal 0 0 1
    outer loop
      vertex 7.78567 -0.966883 9.5
      vertex 4.23039 -5.74182 9.5
      vertex 4.30433 -5.84573 9.5
    endloop
  endfacet
  facet normal 0 0 1
    outer loop
      vertex 7.82779 1.1787 9.5
      vertex 2.70252 1.7189 9.5
      vertex 7.73813 0.646469 9.5
    endloop
  endfacet
  facet normal -0 0 1
    outer loop
      vertex 2.62383 1.25179 9.5
      vertex 7.73813 0.646469 9.5
      vertex 2.70252 1.7189 9.5
    endloop
  endfacet
  facet normal 0 0 1
    outer loop
      vertex 7.70107 0.107992 9.5
      vertex 3.71078 -4.835 9.5
      vertex 4.23039 -5.74182 9.5
    endloop
  endfacet
  facet normal 0 -0 1
    outer loop
      vertex 3.28256 -3.88161 9.5
      vertex 7.70107 0.107992 9.5
      vertex 3.24196 -3.76071 9.5
    endloop
  endfacet
  facet normal 0 0 1
    outer loop
      vertex 7.70107 0.107992 9.5
      vertex 3.28256 -3.88161 9.5
      vertex 3.71078 -4.835 9.5
    endloop
  endfacet
  facet normal 0 0 1
    outer loop
      vertex 7.73813 0.646469 9.5
      vertex 2.62383 1.25179 9.5
      vertex 7.70107 0.107992 9.5
    endloop
  endfacet
  facet normal 0 0 1
    outer loop
      vertex 1.26138 5.22952 9.5
      vertex 2.70252 1.7189 9.5
      vertex 3.69702 4.77965 9.5
    endloop
  endfacet
  facet normal -0 0 1
    outer loop
      vertex 0 5.4625 9.5
      vertex 1.26138 5.22952 9.5
      vertex 1.11855 5.66911 9.5
    endloop
  endfacet
  facet normal 0 0 1
    outer loop
      vertex 0 3.00997 9.5
      vertex 1.26138 5.22952 9.5
      vertex 0 5.4625 9.5
    endloop
  endfacet
  facet normal 0 0 1
    outer loop
      vertex 1.26138 5.22952 9.5
      vertex 0 3.00997 9.5
      vertex 2.70252 1.7189 9.5
    endloop
  endfacet
  facet normal 0 0 1
    outer loop
      vertex -1.26138 5.22952 9.5
      vertex 0 5.4625 9.5
      vertex -1.11855 5.66911 9.5
    endloop
  endfacet
  facet normal 0 0 1
    outer loop
      vertex 0 5.4625 9.5
      vertex -1.26138 5.22952 9.5
      vertex 0 3.00997 9.5
    endloop
  endfacet
  facet normal 0 0 1
    outer loop
      vertex -1.26138 5.22952 9.5
      vertex -2.70252 1.7189 9.5
      vertex 0 3.00997 9.5
    endloop
  endfacet
  facet normal 0 0 1
    outer loop
      vertex -7.71696 -0.431521 9.5
      vertex -2.70252 1.7189 9.5
      vertex -3.69702 4.77965 9.5
    endloop
  endfacet
  facet normal -0 0 1
    outer loop
      vertex -3.69702 4.77965 9.5
      vertex -2.70252 1.7189 9.5
      vertex -1.26138 5.22952 9.5
    endloop
  endfacet
  facet normal 0 0 1
    outer loop
      vertex -7.78567 -0.966883 9.5
      vertex -2.5763 -0.613614 9.5
      vertex -7.71696 -0.431521 9.5
    endloop
  endfacet
  facet normal 0 0 1
    outer loop
      vertex -2.5763 -0.613614 9.5
      vertex -7.78567 -0.966883 9.5
      vertex -3.24196 -3.76071 9.5
    endloop
  endfacet
  facet normal 0 0 1
    outer loop
      vertex -7.71696 -0.431521 9.5
      vertex -3.90792 5.2038 9.5
      vertex -4.46273 6.08953 9.5
    endloop
  endfacet
  facet normal -0 0 1
    outer loop
      vertex -7.90651 -1.49292 9.5
      vertex -3.24196 -3.76071 9.5
      vertex -7.78567 -0.966883 9.5
    endloop
  endfacet
  facet normal -0 0 1
    outer loop
      vertex -8.07832 -2.00458 9.5
      vertex -3.24196 -3.76071 9.5
      vertex -7.90651 -1.49292 9.5
    endloop
  endfacet
  facet normal 0 0 1
    outer loop
      vertex -7.71696 -0.431521 9.5
      vertex -4.46273 6.08953 9.5
      vertex -4.96592 6.74088 9.5
    endloop
  endfacet
  facet normal 0 0 1
    outer loop
      vertex 4.23039 -5.74182 9.5
      vertex 7.78567 -0.966883 9.5
      vertex 7.71696 -0.431521 9.5
    endloop
  endfacet
  facet normal 0 0 1
    outer loop
      vertex 7.78567 -0.966883 9.5
      vertex 4.30433 -5.84573 9.5
      vertex 6.45912 -8.23408 9.5
    endloop
  endfacet
  facet normal 0 0 1
    outer loop
      vertex 4.30433 -5.84573 9.5
      vertex 2.42519 -11.0028 9.5
      vertex 6.45912 -8.23408 9.5
    endloop
  endfacet
  facet normal 0 -0 1
    outer loop
      vertex 2.42519 -11.0028 9.5
      vertex 4.30433 -5.84573 9.5
      vertex 1.13115 -9.56566 9.5
    endloop
  endfacet
  facet normal -0 0 1
    outer loop
      vertex 2.55206 0.209105 9.5
      vertex 7.70107 0.107992 9.5
      vertex 2.62383 1.25179 9.5
    endloop
  endfacet
  facet normal 0 0 1
    outer loop
      vertex 7.70107 0.107992 9.5
      vertex 2.5763 -0.613614 9.5
      vertex 3.24196 -3.76071 9.5
    endloop
  endfacet
  facet normal 0 0 1
    outer loop
      vertex 2.5763 -0.613614 9.5
      vertex 1.68779 -3.88207 9.5
      vertex 3.24196 -3.76071 9.5
    endloop
  endfacet
  facet normal -0 0 1
    outer loop
      vertex 0 -1.52772 9.5
      vertex 1.68779 -3.88207 9.5
      vertex 2.5763 -0.613614 9.5
    endloop
  endfacet
  facet normal 0 0 1
    outer loop
      vertex 0 -4.01386 9.5
      vertex 1.68779 -3.88207 9.5
      vertex 0 -1.52772 9.5
    endloop
  endfacet
  facet normal 0 0 1
    outer loop
      vertex 1.68779 -3.88207 9.5
      vertex 0 -4.01386 9.5
      vertex 1.63267 -4.14135 9.5
    endloop
  endfacet
  facet normal -0 0 1
    outer loop
      vertex -1.68779 -3.88207 9.5
      vertex 0 -4.01386 9.5
      vertex 0 -1.52772 9.5
    endloop
  endfacet
  facet normal 0 0 1
    outer loop
      vertex 0 -4.01386 9.5
      vertex -1.68779 -3.88207 9.5
      vertex -1.63267 -4.14135 9.5
    endloop
  endfacet
  facet normal 0 0 1
    outer loop
      vertex -2.5763 -0.613614 9.5
      vertex -1.68779 -3.88207 9.5
      vertex 0 -1.52772 9.5
    endloop
  endfacet
  facet normal 0 0 1
    outer loop
      vertex -2.62383 1.25179 9.5
      vertex -7.71696 -0.431521 9.5
      vertex -2.55206 0.209105 9.5
    endloop
  endfacet
  facet normal 0 0 1
    outer loop
      vertex -2.5763 -0.613614 9.5
      vertex -3.24196 -3.76071 9.5
      vertex -1.68779 -3.88207 9.5
    endloop
  endfacet
  facet normal 0 0 1
    outer loop
      vertex -2.55206 0.209105 9.5
      vertex -7.71696 -0.431521 9.5
      vertex -2.5763 -0.613614 9.5
    endloop
  endfacet
  facet normal 0 0 1
    outer loop
      vertex 11.9861 12.3154 9.5
      vertex 9.05865 14.8327 9.5
      vertex 9.43929 9.95804 9.5
    endloop
  endfacet
  facet normal -0 0 1
    outer loop
      vertex 9.05865 14.8327 9.5
      vertex 11.9861 12.3154 9.5
      vertex 10.9503 15.2348 9.5
    endloop
  endfacet
  facet normal 0 0 1
    outer loop
      vertex 7.96919 1.69959 9.5
      vertex 9.31839 9.91744 9.5
      vertex 8.365 9.48922 9.5
    endloop
  endfacet
  facet normal -0 0 1
    outer loop
      vertex 9.43929 9.95804 9.5
      vertex 7.96919 1.69959 9.5
      vertex 11.9861 12.3154 9.5
    endloop
  endfacet
  facet normal -0 0 1
    outer loop
      vertex 9.31839 9.91744 9.5
      vertex 7.96919 1.69959 9.5
      vertex 9.43929 9.95804 9.5
    endloop
  endfacet
  facet normal -0 0 1
    outer loop
      vertex 7.45818 8.96961 9.5
      vertex 7.96919 1.69959 9.5
      vertex 8.365 9.48922 9.5
    endloop
  endfacet
  facet normal -0 0 1
    outer loop
      vertex 7.35427 8.89567 9.5
      vertex 7.96919 1.69959 9.5
      vertex 7.45818 8.96961 9.5
    endloop
  endfacet
  facet normal -0 0 1
    outer loop
      vertex 4.46273 6.08953 9.5
      vertex 7.96919 1.69959 9.5
      vertex 4.96592 6.74088 9.5
    endloop
  endfacet
  facet normal -0 0 1
    outer loop
      vertex 4.96592 6.74088 9.5
      vertex 7.96919 1.69959 9.5
      vertex 7.35427 8.89567 9.5
    endloop
  endfacet
  facet normal 0 0 1
    outer loop
      vertex 21.4208 9.24989 9.5
      vertex 25.2688 9.56566 9.5
      vertex 23.9748 11.0028 9.5
    endloop
  endfacet
  facet normal 0 0 1
    outer loop
      vertex 22.703 -4.77965 9.5
      vertex 21.4341 -6.74088 9.5
      vertex 21.9373 -6.08953 9.5
    endloop
  endfacet
  facet normal 0 0 1
    outer loop
      vertex 18.4308 -1.69959 9.5
      vertex 22.0957 5.84573 9.5
      vertex 21.4208 9.24989 9.5
    endloop
  endfacet
  facet normal 0 0 1
    outer loop
      vertex 25.2688 9.56566 9.5
      vertex 21.4208 9.24989 9.5
      vertex 22.0957 5.84573 9.5
    endloop
  endfacet
  facet normal 0 0 1
    outer loop
      vertex 28.0327 4.14135 9.5
      vertex 23.8237 0.613614 9.5
      vertex 28.4348 2.24969 9.5
    endloop
  endfacet
  facet normal 0 0 1
    outer loop
      vertex 18.4308 -1.69959 9.5
      vertex 23.7762 -1.25179 9.5
      vertex 23.8479 -0.209105 9.5
    endloop
  endfacet
  facet normal 0 0 1
    outer loop
      vertex 18.4308 -1.69959 9.5
      vertex 23.8237 0.613614 9.5
      vertex 23.158 3.76071 9.5
    endloop
  endfacet
  facet normal -0 0 1
    outer loop
      vertex 23.158 3.76071 9.5
      vertex 23.8237 0.613614 9.5
      vertex 28.0327 4.14135 9.5
    endloop
  endfacet
  facet normal 0 0 1
    outer loop
      vertex 18.4308 -1.69959 9.5
      vertex 23.8479 -0.209105 9.5
      vertex 23.8237 0.613614 9.5
    endloop
  endfacet
  facet normal 0 0 1
    outer loop
      vertex 23.6975 -1.7189 9.5
      vertex 27.5185 -5.66911 9.5
      vertex 28.1162 -3.82983 9.5
    endloop
  endfacet
  facet normal 0 0 1
    outer loop
      vertex 18.4308 -1.69959 9.5
      vertex 23.1174 3.88161 9.5
      vertex 22.6892 4.835 9.5
    endloop
  endfacet
  facet normal 0 0 1
    outer loop
      vertex 23.6975 -1.7189 9.5
      vertex 22.703 -4.77965 9.5
      vertex 27.5185 -5.66911 9.5
    endloop
  endfacet
  facet normal 0 0 1
    outer loop
      vertex 23.7762 -1.25179 9.5
      vertex 18.4308 -1.69959 9.5
      vertex 23.6975 -1.7189 9.5
    endloop
  endfacet
  facet normal 0 0 1
    outer loop
      vertex 23.1174 3.88161 9.5
      vertex 18.4308 -1.69959 9.5
      vertex 23.158 3.76071 9.5
    endloop
  endfacet
  facet normal 0 0 1
    outer loop
      vertex 22.1696 5.74182 9.5
      vertex 18.4308 -1.69959 9.5
      vertex 22.6892 4.835 9.5
    endloop
  endfacet
  facet normal 0 0 1
    outer loop
      vertex 18.4308 -1.69959 9.5
      vertex 22.1696 5.74182 9.5
      vertex 22.0957 5.84573 9.5
    endloop
  endfacet
  facet normal 0 0 1
    outer loop
      vertex 23.6975 -1.7189 9.5
      vertex 18.4308 -1.69959 9.5
      vertex 22.703 -4.77965 9.5
    endloop
  endfacet
  facet normal 0 0 1
    outer loop
      vertex 22.703 -4.77965 9.5
      vertex 21.9373 -6.08953 9.5
      vertex 22.4921 -5.2038 9.5
    endloop
  endfacet
  facet normal 0 0 1
    outer loop
      vertex 21.4341 -6.74088 9.5
      vertex 22.7657 -12.0688 9.5
      vertex 24.2029 -10.7748 9.5
    endloop
  endfacet
  facet normal 0 0 1
    outer loop
      vertex 21.4341 -6.74088 9.5
      vertex 19.0457 -8.89567 9.5
      vertex 22.7657 -12.0688 9.5
    endloop
  endfacet
  facet normal -0 0 1
    outer loop
      vertex 18.239 -2.20412 9.5
      vertex 22.703 -4.77965 9.5
      vertex 18.4308 -1.69959 9.5
    endloop
  endfacet
  facet normal -0 0 1
    outer loop
      vertex 17.9987 -2.6874 9.5
      vertex 22.703 -4.77965 9.5
      vertex 18.239 -2.20412 9.5
    endloop
  endfacet
  facet normal -0 0 1
    outer loop
      vertex 17.7122 -3.14482 9.5
      vertex 22.703 -4.77965 9.5
      vertex 17.9987 -2.6874 9.5
    endloop
  endfacet
  facet normal 0 0 1
    outer loop
      vertex 22.703 -4.77965 9.5
      vertex 17.7122 -3.14482 9.5
      vertex 21.4341 -6.74088 9.5
    endloop
  endfacet
  facet normal -0 0 1
    outer loop
      vertex 17.3822 -3.57195 9.5
      vertex 21.4341 -6.74088 9.5
      vertex 17.7122 -3.14482 9.5
    endloop
  endfacet
  facet normal -0 0 1
    outer loop
      vertex 17.012 -3.96469 9.5
      vertex 21.4341 -6.74088 9.5
      vertex 17.3822 -3.57195 9.5
    endloop
  endfacet
  facet normal 0 0 1
    outer loop
      vertex 21.4341 -6.74088 9.5
      vertex 17.012 -3.96469 9.5
      vertex 19.0457 -8.89567 9.5
    endloop
  endfacet
  facet normal -0 0 1
    outer loop
      vertex 16.605 -4.31924 9.5
      vertex 19.0457 -8.89567 9.5
      vertex 17.012 -3.96469 9.5
    endloop
  endfacet
  facet normal -0 0 1
    outer loop
      vertex 16.1653 -4.63218 9.5
      vertex 19.0457 -8.89567 9.5
      vertex 16.605 -4.31924 9.5
    endloop
  endfacet
  facet normal 0 0 1
    outer loop
      vertex 19.0457 -8.89567 9.5
      vertex 16.1653 -4.63218 9.5
      vertex 18.9418 -8.96961 9.5
    endloop
  endfacet
  facet normal 0 0 1
    outer loop
      vertex 18.9418 -8.96961 9.5
      vertex 16.1653 -4.63218 9.5
      vertex 18.035 -9.48922 9.5
    endloop
  endfacet
  facet normal -0 0 1
    outer loop
      vertex 15.6969 -4.90053 9.5
      vertex 18.035 -9.48922 9.5
      vertex 16.1653 -4.63218 9.5
    endloop
  endfacet
  facet normal 0 0 1
    outer loop
      vertex 18.035 -9.48922 9.5
      vertex 15.6969 -4.90053 9.5
      vertex 17.0816 -9.91744 9.5
    endloop
  endfacet
  facet normal -0 0 1
    outer loop
      vertex 15.2046 -5.12168 9.5
      vertex 17.0816 -9.91744 9.5
      vertex 15.6969 -4.90053 9.5
    endloop
  endfacet
  facet normal 0 0 1
    outer loop
      vertex 17.0816 -9.91744 9.5
      vertex 15.2046 -5.12168 9.5
      vertex 16.9607 -9.95804 9.5
    endloop
  endfacet
  facet normal 0 0 1
    outer loop
      vertex 16.9607 -9.95804 9.5
      vertex 13.8136 -10.6237 9.5
      vertex 17.3413 -14.8327 9.5
    endloop
  endfacet
  facet normal -0 0 1
    outer loop
      vertex 14.6929 -5.29349 9.5
      vertex 16.9607 -9.95804 9.5
      vertex 15.2046 -5.12168 9.5
    endloop
  endfacet
  facet normal -0 0 1
    outer loop
      vertex 14.1669 -5.41434 9.5
      vertex 16.9607 -9.95804 9.5
      vertex 14.6929 -5.29349 9.5
    endloop
  endfacet
  facet normal 0 0 1
    outer loop
      vertex 16.9607 -9.95804 9.5
      vertex 14.1669 -5.41434 9.5
      vertex 13.8136 -10.6237 9.5
    endloop
  endfacet
  facet normal 0 0 1
    outer loop
      vertex 17.3413 -14.8327 9.5
      vertex 13.8136 -10.6237 9.5
      vertex 15.4497 -15.2348 9.5
    endloop
  endfacet
  facet normal -0 0 1
    outer loop
      vertex 13.6315 -5.48304 9.5
      vertex 13.8136 -10.6237 9.5
      vertex 14.1669 -5.41434 9.5
    endloop
  endfacet
  facet normal -0 0 1
    outer loop
      vertex 13.092 -5.49893 9.5
      vertex 13.8136 -10.6237 9.5
      vertex 13.6315 -5.48304 9.5
    endloop
  endfacet
  facet normal 0 0 1
    outer loop
      vertex 13.092 -5.49893 9.5
      vertex 12.9909 -10.6479 9.5
      vertex 13.8136 -10.6237 9.5
    endloop
  endfacet
  facet normal 0 0 1
    outer loop
      vertex 12.5535 -5.46187 9.5
      vertex 12.9909 -10.6479 9.5
      vertex 13.092 -5.49893 9.5
    endloop
  endfacet
  facet normal 0 0 1
    outer loop
      vertex 11.4811 -10.4975 9.5
      vertex 12.5535 -5.46187 9.5
      vertex 12.0213 -5.37221 9.5
    endloop
  endfacet
  facet normal 0 0 1
    outer loop
      vertex 12.5535 -5.46187 9.5
      vertex 11.9482 -10.5762 9.5
      vertex 12.9909 -10.6479 9.5
    endloop
  endfacet
  facet normal 0 0 1
    outer loop
      vertex 11.4811 -10.4975 9.5
      vertex 12.0213 -5.37221 9.5
      vertex 11.5004 -5.23081 9.5
    endloop
  endfacet
  facet normal 0 0 1
    outer loop
      vertex 12.5535 -5.46187 9.5
      vertex 11.4811 -10.4975 9.5
      vertex 11.9482 -10.5762 9.5
    endloop
  endfacet
  facet normal 0 0 1
    outer loop
      vertex 8.42035 -9.50298 9.5
      vertex 11.5004 -5.23081 9.5
      vertex 10.9959 -5.03903 9.5
    endloop
  endfacet
  facet normal 0 0 1
    outer loop
      vertex 8.42035 -9.50298 9.5
      vertex 10.9959 -5.03903 9.5
      vertex 10.5126 -4.79873 9.5
    endloop
  endfacet
  facet normal 0 0 1
    outer loop
      vertex 7.9962 -9.29208 9.5
      vertex 10.5126 -4.79873 9.5
      vertex 10.0552 -4.51221 9.5
    endloop
  endfacet
  facet normal 0 0 1
    outer loop
      vertex 6.45912 -8.23408 9.5
      vertex 10.0552 -4.51221 9.5
      vertex 9.62805 -4.18223 9.5
    endloop
  endfacet
  facet normal 0 0 1
    outer loop
      vertex 11.5004 -5.23081 9.5
      vertex 8.42035 -9.50298 9.5
      vertex 11.4811 -10.4975 9.5
    endloop
  endfacet
  facet normal 0 0 1
    outer loop
      vertex 6.45912 -8.23408 9.5
      vertex 9.62805 -4.18223 9.5
      vertex 9.23531 -3.81197 9.5
    endloop
  endfacet
  facet normal 0 0 1
    outer loop
      vertex 6.45912 -8.23408 9.5
      vertex 9.23531 -3.81197 9.5
      vertex 8.88076 -3.40501 9.5
    endloop
  endfacet
  facet normal 0 0 1
    outer loop
      vertex 6.45912 -8.23408 9.5
      vertex 8.88076 -3.40501 9.5
      vertex 8.56782 -2.96526 9.5
    endloop
  endfacet
  facet normal 0 0 1
    outer loop
      vertex 11.4811 -10.4975 9.5
      vertex 8.42035 -9.50298 9.5
      vertex 9.37017 -14.9162 9.5
    endloop
  endfacet
  facet normal 0 0 1
    outer loop
      vertex 9.37017 -14.9162 9.5
      vertex 8.42035 -9.50298 9.5
      vertex 7.53089 -14.3185 9.5
    endloop
  endfacet
  facet normal 0 0 1
    outer loop
      vertex 6.45912 -8.23408 9.5
      vertex 8.56782 -2.96526 9.5
      vertex 8.29947 -2.49695 9.5
    endloop
  endfacet
  facet normal 0 0 1
    outer loop
      vertex 6.45912 -8.23408 9.5
      vertex 8.29947 -2.49695 9.5
      vertex 8.07832 -2.00458 9.5
    endloop
  endfacet
  facet normal 0 0 1
    outer loop
      vertex 10.5126 -4.79873 9.5
      vertex 7.9962 -9.29208 9.5
      vertex 8.42035 -9.50298 9.5
    endloop
  endfacet
  facet normal 0 0 1
    outer loop
      vertex 6.45912 -8.23408 9.5
      vertex 8.07832 -2.00458 9.5
      vertex 7.90651 -1.49292 9.5
    endloop
  endfacet
  facet normal 0 0 1
    outer loop
      vertex 6.45912 -8.23408 9.5
      vertex 7.90651 -1.49292 9.5
      vertex 7.78567 -0.966883 9.5
    endloop
  endfacet
  facet normal 0 0 1
    outer loop
      vertex 4.23039 -5.74182 9.5
      vertex 7.71696 -0.431521 9.5
      vertex 7.70107 0.107992 9.5
    endloop
  endfacet
  facet normal -0 0 1
    outer loop
      vertex 3.90792 5.2038 9.5
      vertex 7.96919 1.69959 9.5
      vertex 4.46273 6.08953 9.5
    endloop
  endfacet
  facet normal -0 0 1
    outer loop
      vertex 3.69702 4.77965 9.5
      vertex 7.96919 1.69959 9.5
      vertex 3.90792 5.2038 9.5
    endloop
  endfacet
  facet normal -0 0 1
    outer loop
      vertex 2.70252 1.7189 9.5
      vertex 7.96919 1.69959 9.5
      vertex 3.69702 4.77965 9.5
    endloop
  endfacet
  facet normal 0 0 1
    outer loop
      vertex 10.0552 -4.51221 9.5
      vertex 6.45912 -8.23408 9.5
      vertex 7.11047 -8.73727 9.5
    endloop
  endfacet
  facet normal 0 0 1
    outer loop
      vertex 10.0552 -4.51221 9.5
      vertex 7.11047 -8.73727 9.5
      vertex 7.9962 -9.29208 9.5
    endloop
  endfacet
  facet normal 0 0 1
    outer loop
      vertex 7.96919 1.69959 9.5
      vertex 2.70252 1.7189 9.5
      vertex 7.82779 1.1787 9.5
    endloop
  endfacet
  facet normal 0 0 1
    outer loop
      vertex 3.63434 12.0688 9.5
      vertex 4.96592 6.74088 9.5
      vertex 7.35427 8.89567 9.5
    endloop
  endfacet
  facet normal 0 0 1
    outer loop
      vertex 4.96592 6.74088 9.5
      vertex 3.63434 12.0688 9.5
      vertex 2.19715 10.7748 9.5
    endloop
  endfacet
  facet normal 0 0 1
    outer loop
      vertex -4.30433 -5.84573 9.5
      vertex -2.42519 -11.0028 9.5
      vertex -1.13115 -9.56566 9.5
    endloop
  endfacet
  facet normal 0 0 1
    outer loop
      vertex -3.90792 5.2038 9.5
      vertex -7.71696 -0.431521 9.5
      vertex -3.69702 4.77965 9.5
    endloop
  endfacet
  facet normal 0 0 1
    outer loop
      vertex -4.30433 -5.84573 9.5
      vertex -6.45912 -8.23408 9.5
      vertex -2.42519 -11.0028 9.5
    endloop
  endfacet
  facet normal 0 0 1
    outer loop
      vertex -3.24196 -3.76071 9.5
      vertex -8.07832 -2.00458 9.5
      vertex -3.28256 -3.88161 9.5
    endloop
  endfacet
  facet normal -0 0 1
    outer loop
      vertex -10.0552 -4.51221 9.5
      vertex -6.45912 -8.23408 9.5
      vertex -9.62805 -4.18223 9.5
    endloop
  endfacet
  facet normal 0 0 1
    outer loop
      vertex -6.45912 -8.23408 9.5
      vertex -10.0552 -4.51221 9.5
      vertex -7.11047 -8.73727 9.5
    endloop
  endfacet
  facet normal 0 0 1
    outer loop
      vertex -8.42035 -9.50298 9.5
      vertex -9.37017 -14.9162 9.5
      vertex -7.53089 -14.3185 9.5
    endloop
  endfacet
  facet normal 0 0 1
    outer loop
      vertex -7.11047 -8.73727 9.5
      vertex -10.0552 -4.51221 9.5
      vertex -7.9962 -9.29208 9.5
    endloop
  endfacet
  facet normal -0 0 1
    outer loop
      vertex -10.5126 -4.79873 9.5
      vertex -7.9962 -9.29208 9.5
      vertex -10.0552 -4.51221 9.5
    endloop
  endfacet
  facet normal 0 0 1
    outer loop
      vertex -7.9962 -9.29208 9.5
      vertex -10.5126 -4.79873 9.5
      vertex -8.42035 -9.50298 9.5
    endloop
  endfacet
  facet normal -0 0 1
    outer loop
      vertex -10.9959 -5.03903 9.5
      vertex -8.42035 -9.50298 9.5
      vertex -10.5126 -4.79873 9.5
    endloop
  endfacet
  facet normal -0 0 1
    outer loop
      vertex -11.5004 -5.23081 9.5
      vertex -8.42035 -9.50298 9.5
      vertex -10.9959 -5.03903 9.5
    endloop
  endfacet
  facet normal 0 0 1
    outer loop
      vertex -8.42035 -9.50298 9.5
      vertex -11.4811 -10.4975 9.5
      vertex -9.37017 -14.9162 9.5
    endloop
  endfacet
  facet normal 0 0 1
    outer loop
      vertex -8.42035 -9.50298 9.5
      vertex -11.5004 -5.23081 9.5
      vertex -11.4811 -10.4975 9.5
    endloop
  endfacet
  facet normal -0 0 1
    outer loop
      vertex -12.0213 -5.37221 9.5
      vertex -11.4811 -10.4975 9.5
      vertex -11.5004 -5.23081 9.5
    endloop
  endfacet
  facet normal -0 0 1
    outer loop
      vertex -12.5535 -5.46187 9.5
      vertex -11.4811 -10.4975 9.5
      vertex -12.0213 -5.37221 9.5
    endloop
  endfacet
  facet normal 0 0 1
    outer loop
      vertex -11.4811 -10.4975 9.5
      vertex -12.5535 -5.46187 9.5
      vertex -11.9482 -10.5762 9.5
    endloop
  endfacet
  facet normal 0 0 1
    outer loop
      vertex -12.5535 -5.46187 9.5
      vertex -12.9909 -10.6479 9.5
      vertex -11.9482 -10.5762 9.5
    endloop
  endfacet
  facet normal -0 0 1
    outer loop
      vertex -13.092 -5.49893 9.5
      vertex -12.9909 -10.6479 9.5
      vertex -12.5535 -5.46187 9.5
    endloop
  endfacet
  facet normal 0 0 1
    outer loop
      vertex -13.8136 -10.6237 9.5
      vertex -13.092 -5.49893 9.5
      vertex -13.6315 -5.48304 9.5
    endloop
  endfacet
  facet normal 0 0 1
    outer loop
      vertex -13.092 -5.49893 9.5
      vertex -13.8136 -10.6237 9.5
      vertex -12.9909 -10.6479 9.5
    endloop
  endfacet
  facet normal 0 0 1
    outer loop
      vertex -14.1669 -5.41434 9.5
      vertex -13.8136 -10.6237 9.5
      vertex -13.6315 -5.48304 9.5
    endloop
  endfacet
  facet normal 0 0 1
    outer loop
      vertex -16.9607 -9.95804 9.5
      vertex -14.1669 -5.41434 9.5
      vertex -14.6929 -5.29349 9.5
    endloop
  endfacet
  facet normal 0 0 1
    outer loop
      vertex -16.9607 -9.95804 9.5
      vertex -14.6929 -5.29349 9.5
      vertex -15.2046 -5.12168 9.5
    endloop
  endfacet
  facet normal 0 0 1
    outer loop
      vertex -14.1669 -5.41434 9.5
      vertex -16.9607 -9.95804 9.5
      vertex -13.8136 -10.6237 9.5
    endloop
  endfacet
  facet normal 0 0 1
    outer loop
      vertex -17.0816 -9.91744 9.5
      vertex -15.2046 -5.12168 9.5
      vertex -15.6969 -4.90053 9.5
    endloop
  endfacet
  facet normal 0 0 1
    outer loop
      vertex -18.035 -9.48922 9.5
      vertex -15.6969 -4.90053 9.5
      vertex -16.1653 -4.63218 9.5
    endloop
  endfacet
  facet normal 0 0 1
    outer loop
      vertex -19.0457 -8.89567 9.5
      vertex -16.1653 -4.63218 9.5
      vertex -16.605 -4.31924 9.5
    endloop
  endfacet
  facet normal 0 0 1
    outer loop
      vertex -13.8136 -10.6237 9.5
      vertex -16.9607 -9.95804 9.5
      vertex -15.4497 -15.2348 9.5
    endloop
  endfacet
  facet normal 0 0 1
    outer loop
      vertex -15.4497 -15.2348 9.5
      vertex -16.9607 -9.95804 9.5
      vertex -17.3413 -14.8327 9.5
    endloop
  endfacet
  facet normal 0 0 1
    outer loop
      vertex -18.4308 -1.69959 9.5
      vertex -23.7762 -1.25179 9.5
      vertex -23.6975 -1.7189 9.5
    endloop
  endfacet
  facet normal -0 0 1
    outer loop
      vertex -23.8479 -0.209105 9.5
      vertex -18.4308 -1.69959 9.5
      vertex -23.8237 0.613614 9.5
    endloop
  endfacet
  facet normal 0 0 1
    outer loop
      vertex -28.0327 4.14135 9.5
      vertex -23.8237 0.613614 9.5
      vertex -23.158 3.76071 9.5
    endloop
  endfacet
  facet normal 0 0 1
    outer loop
      vertex -23.8237 0.613614 9.5
      vertex -28.0327 4.14135 9.5
      vertex -28.4348 2.24969 9.5
    endloop
  endfacet
  facet normal 0 0 1
    outer loop
      vertex -17.7122 -3.14482 9.5
      vertex -21.9373 -6.08953 9.5
      vertex -21.4341 -6.74088 9.5
    endloop
  endfacet
  facet normal -0 0 1
    outer loop
      vertex -22.1696 5.74182 9.5
      vertex -18.4308 -1.69959 9.5
      vertex -22.0957 5.84573 9.5
    endloop
  endfacet
  facet normal -0 0 1
    outer loop
      vertex -25.2688 9.56566 9.5
      vertex -21.4208 9.24989 9.5
      vertex -23.9748 11.0028 9.5
    endloop
  endfacet
  facet normal 0 0 1
    outer loop
      vertex -21.4208 9.24989 9.5
      vertex -25.2688 9.56566 9.5
      vertex -22.0957 5.84573 9.5
    endloop
  endfacet
  facet normal 0 0 1
    outer loop
      vertex -19.0457 -8.89567 9.5
      vertex -16.605 -4.31924 9.5
      vertex -17.012 -3.96469 9.5
    endloop
  endfacet
  facet normal 0 0 1
    outer loop
      vertex -15.2046 -5.12168 9.5
      vertex -17.0816 -9.91744 9.5
      vertex -16.9607 -9.95804 9.5
    endloop
  endfacet
  facet normal 0 0 1
    outer loop
      vertex -21.4341 -6.74088 9.5
      vertex -17.012 -3.96469 9.5
      vertex -17.3822 -3.57195 9.5
    endloop
  endfacet
  facet normal 0 0 1
    outer loop
      vertex -21.4341 -6.74088 9.5
      vertex -17.3822 -3.57195 9.5
      vertex -17.7122 -3.14482 9.5
    endloop
  endfacet
  facet normal 0 0 1
    outer loop
      vertex -21.9373 -6.08953 9.5
      vertex -17.7122 -3.14482 9.5
      vertex -17.9987 -2.6874 9.5
    endloop
  endfacet
  facet normal 0 0 1
    outer loop
      vertex -15.6969 -4.90053 9.5
      vertex -18.035 -9.48922 9.5
      vertex -17.0816 -9.91744 9.5
    endloop
  endfacet
  facet normal 0 0 1
    outer loop
      vertex -21.9373 -6.08953 9.5
      vertex -17.9987 -2.6874 9.5
      vertex -18.239 -2.20412 9.5
    endloop
  endfacet
  facet normal 0 0 1
    outer loop
      vertex -21.9373 -6.08953 9.5
      vertex -18.239 -2.20412 9.5
      vertex -18.4308 -1.69959 9.5
    endloop
  endfacet
  facet normal 0 0 1
    outer loop
      vertex -16.1653 -4.63218 9.5
      vertex -18.9418 -8.96961 9.5
      vertex -18.035 -9.48922 9.5
    endloop
  endfacet
  facet normal 0 0 1
    outer loop
      vertex -16.1653 -4.63218 9.5
      vertex -19.0457 -8.89567 9.5
      vertex -18.9418 -8.96961 9.5
    endloop
  endfacet
  facet normal -0 0 1
    outer loop
      vertex -22.0957 5.84573 9.5
      vertex -18.4308 -1.69959 9.5
      vertex -21.4208 9.24989 9.5
    endloop
  endfacet
  facet normal 0 0 1
    outer loop
      vertex -17.012 -3.96469 9.5
      vertex -21.4341 -6.74088 9.5
      vertex -19.0457 -8.89567 9.5
    endloop
  endfacet
  facet normal 0 0 1
    outer loop
      vertex -21.4341 -6.74088 9.5
      vertex -22.7657 -12.0688 9.5
      vertex -19.0457 -8.89567 9.5
    endloop
  endfacet
  facet normal 0 -0 1
    outer loop
      vertex -22.7657 -12.0688 9.5
      vertex -21.4341 -6.74088 9.5
      vertex -24.2029 -10.7748 9.5
    endloop
  endfacet
  facet normal 0 0 1
    outer loop
      vertex -18.4308 -1.69959 9.5
      vertex -22.1696 5.74182 9.5
      vertex -22.6892 4.835 9.5
    endloop
  endfacet
  facet normal 0 -0 1
    outer loop
      vertex -22.4921 -5.2038 9.5
      vertex -18.4308 -1.69959 9.5
      vertex -22.703 -4.77965 9.5
    endloop
  endfacet
  facet normal -0 0 1
    outer loop
      vertex -23.1174 3.88161 9.5
      vertex -18.4308 -1.69959 9.5
      vertex -22.6892 4.835 9.5
    endloop
  endfacet
  facet normal 0 0 1
    outer loop
      vertex -18.4308 -1.69959 9.5
      vertex -22.4921 -5.2038 9.5
      vertex -21.9373 -6.08953 9.5
    endloop
  endfacet
  facet normal 0 0 1
    outer loop
      vertex -18.4308 -1.69959 9.5
      vertex -23.1174 3.88161 9.5
      vertex -23.158 3.76071 9.5
    endloop
  endfacet
  facet normal -0 0 1
    outer loop
      vertex -23.8237 0.613614 9.5
      vertex -18.4308 -1.69959 9.5
      vertex -23.158 3.76071 9.5
    endloop
  endfacet
  facet normal 0 0 1
    outer loop
      vertex -18.4308 -1.69959 9.5
      vertex -23.6975 -1.7189 9.5
      vertex -22.703 -4.77965 9.5
    endloop
  endfacet
  facet normal 0 0 1
    outer loop
      vertex -23.6975 -1.7189 9.5
      vertex -27.5185 -5.66911 9.5
      vertex -22.703 -4.77965 9.5
    endloop
  endfacet
  facet normal 0 -0 1
    outer loop
      vertex -27.5185 -5.66911 9.5
      vertex -23.6975 -1.7189 9.5
      vertex -28.1162 -3.82983 9.5
    endloop
  endfacet
  facet normal 0 0 1
    outer loop
      vertex -18.4308 -1.69959 9.5
      vertex -23.8479 -0.209105 9.5
      vertex -23.7762 -1.25179 9.5
    endloop
  endfacet
  facet normal 0 0 -1
    outer loop
      vertex -18.4038 9.29208 9.5
      vertex -18.8691 14.3185 9.5
      vertex -17.9796 9.50298 9.5
    endloop
  endfacet
  facet normal 0 0 -1
    outer loop
      vertex -21.4208 9.24989 9.5
      vertex -18.4038 9.29208 9.5
      vertex -19.2895 8.73727 9.5
    endloop
  endfacet
  facet normal 0 0 -1
    outer loop
      vertex -13.4091 10.6479 9.5
      vertex -11.9861 12.3154 9.5
      vertex -12.5864 10.6237 9.5
    endloop
  endfacet
  facet normal 0 0 -1
    outer loop
      vertex -14.4518 10.5762 9.5
      vertex -11.9861 12.3154 9.5
      vertex -13.4091 10.6479 9.5
    endloop
  endfacet
  facet normal 0 0 -1
    outer loop
      vertex -17.0298 14.9162 9.5
      vertex -14.4518 10.5762 9.5
      vertex -14.9189 10.4975 9.5
    endloop
  endfacet
  facet normal 0 0 -1
    outer loop
      vertex -14.4518 10.5762 9.5
      vertex -17.0298 14.9162 9.5
      vertex -11.9861 12.3154 9.5
    endloop
  endfacet
  facet normal 0 0 -1
    outer loop
      vertex -21.4208 9.24989 9.5
      vertex -19.2895 8.73727 9.5
      vertex -19.9409 8.23408 9.5
    endloop
  endfacet
  facet normal -0 0 -1
    outer loop
      vertex -18.4038 9.29208 9.5
      vertex -21.4208 9.24989 9.5
      vertex -18.8691 14.3185 9.5
    endloop
  endfacet
  facet normal 0 0 -1
    outer loop
      vertex -17.0298 14.9162 9.5
      vertex -21.6505 37.8559 9.5
      vertex -11.9861 12.3154 9.5
    endloop
  endfacet
  facet normal 0 0 -1
    outer loop
      vertex -18.8691 14.3185 9.5
      vertex -21.6505 37.8559 9.5
      vertex -17.0298 14.9162 9.5
    endloop
  endfacet
  facet normal 0 0 -1
    outer loop
      vertex -29.5074 38.8628 9.5
      vertex -18.8691 14.3185 9.5
      vertex -21.4208 9.24989 9.5
    endloop
  endfacet
  facet normal 0 0 -1
    outer loop
      vertex -18.8691 14.3185 9.5
      vertex -29.5074 38.8628 9.5
      vertex -21.6505 37.8559 9.5
    endloop
  endfacet
  facet normal 0 0 -1
    outer loop
      vertex -21.6505 37.8559 9.5
      vertex -29.5074 38.8628 9.5
      vertex -27.2603 43.2731 9.5
    endloop
  endfacet
  facet normal 0 0 -1
    outer loop
      vertex -27.2603 43.2731 9.5
      vertex -29.5074 38.8628 9.5
      vertex -27.5813 43.151 9.5
    endloop
  endfacet
  facet normal 0 0 -1
    outer loop
      vertex -27.5813 43.151 9.5
      vertex -29.5074 38.8628 9.5
      vertex -27.8889 42.9981 9.5
    endloop
  endfacet
  facet normal 0 0 -1
    outer loop
      vertex -27.8889 42.9981 9.5
      vertex -29.5074 38.8628 9.5
      vertex -28.18 42.8158 9.5
    endloop
  endfacet
  facet normal 0 0 -1
    outer loop
      vertex -28.18 42.8158 9.5
      vertex -29.5074 38.8628 9.5
      vertex -28.4518 42.6058 9.5
    endloop
  endfacet
  facet normal 0 0 -1
    outer loop
      vertex -28.4518 42.6058 9.5
      vertex -29.5074 38.8628 9.5
      vertex -28.7017 42.3702 9.5
    endloop
  endfacet
  facet normal 0 0 -1
    outer loop
      vertex -28.7017 42.3702 9.5
      vertex -29.5074 38.8628 9.5
      vertex -28.9273 42.1112 9.5
    endloop
  endfacet
  facet normal 0 0 -1
    outer loop
      vertex -28.9273 42.1112 9.5
      vertex -29.5074 38.8628 9.5
      vertex -29.1265 41.8314 9.5
    endloop
  endfacet
  facet normal 0 0 -1
    outer loop
      vertex -29.1265 41.8314 9.5
      vertex -29.5074 38.8628 9.5
      vertex -29.2972 41.5333 9.5
    endloop
  endfacet
  facet normal 0 0 -1
    outer loop
      vertex -29.2972 41.5333 9.5
      vertex -29.5074 38.8628 9.5
      vertex -29.438 41.22 9.5
    endloop
  endfacet
  facet normal 0 0 -1
    outer loop
      vertex -29.5074 38.8628 9.5
      vertex -29.5473 40.8944 9.5
      vertex -29.438 41.22 9.5
    endloop
  endfacet
  facet normal 0 0 -1
    outer loop
      vertex -29.5974 39.1943 9.5
      vertex -29.5473 40.8944 9.5
      vertex -29.5074 38.8628 9.5
    endloop
  endfacet
  facet normal 0 0 -1
    outer loop
      vertex -29.5974 39.1943 9.5
      vertex -29.6242 40.5597 9.5
      vertex -29.5473 40.8944 9.5
    endloop
  endfacet
  facet normal 0 0 -1
    outer loop
      vertex -29.6544 39.533 9.5
      vertex -29.6242 40.5597 9.5
      vertex -29.5974 39.1943 9.5
    endloop
  endfacet
  facet normal 0 0 -1
    outer loop
      vertex -29.6544 39.533 9.5
      vertex -29.6679 40.219 9.5
      vertex -29.6242 40.5597 9.5
    endloop
  endfacet
  facet normal 0 -0 -1
    outer loop
      vertex -29.6679 40.219 9.5
      vertex -29.6544 39.533 9.5
      vertex -29.678 39.8757 9.5
    endloop
  endfacet
  facet normal 0 0 -1
    outer loop
      vertex -7.97106 44.6533 9.5
      vertex -7.9826 45.2412 9.5
      vertex -7.96239 44.9475 9.5
    endloop
  endfacet
  facet normal 0 0 -1
    outer loop
      vertex -8.00854 44.3612 9.5
      vertex -7.9826 45.2412 9.5
      vertex -7.97106 44.6533 9.5
    endloop
  endfacet
  facet normal 0 0 -1
    outer loop
      vertex -8.00854 44.3612 9.5
      vertex -8.03152 45.5316 9.5
      vertex -7.9826 45.2412 9.5
    endloop
  endfacet
  facet normal 0 0 -1
    outer loop
      vertex -8.07445 44.0743 9.5
      vertex -8.03152 45.5316 9.5
      vertex -8.00854 44.3612 9.5
    endloop
  endfacet
  facet normal 0 0 -1
    outer loop
      vertex -8.07445 44.0743 9.5
      vertex -8.10864 45.8157 9.5
      vertex -8.03152 45.5316 9.5
    endloop
  endfacet
  facet normal 0 0 -1
    outer loop
      vertex -8.16816 43.7952 9.5
      vertex -8.10864 45.8157 9.5
      vertex -8.07445 44.0743 9.5
    endloop
  endfacet
  facet normal 0 0 -1
    outer loop
      vertex -8.2888 43.5267 9.5
      vertex -8.10864 45.8157 9.5
      vertex -8.16816 43.7952 9.5
    endloop
  endfacet
  facet normal 0 0 -1
    outer loop
      vertex -8.43516 43.2712 9.5
      vertex -8.10864 45.8157 9.5
      vertex -8.2888 43.5267 9.5
    endloop
  endfacet
  facet normal 0 0 -1
    outer loop
      vertex -8.60586 43.0314 9.5
      vertex -8.10864 45.8157 9.5
      vertex -8.43516 43.2712 9.5
    endloop
  endfacet
  facet normal 0 0 -1
    outer loop
      vertex -8.79925 42.8094 9.5
      vertex -8.10864 45.8157 9.5
      vertex -8.60586 43.0314 9.5
    endloop
  endfacet
  facet normal 0 0 -1
    outer loop
      vertex -9.01347 42.6074 9.5
      vertex -8.10864 45.8157 9.5
      vertex -8.79925 42.8094 9.5
    endloop
  endfacet
  facet normal 0 0 -1
    outer loop
      vertex -9.24645 42.4274 9.5
      vertex -8.10864 45.8157 9.5
      vertex -9.01347 42.6074 9.5
    endloop
  endfacet
  facet normal 0 0 -1
    outer loop
      vertex -9.49595 42.2711 9.5
      vertex -8.10864 45.8157 9.5
      vertex -9.24645 42.4274 9.5
    endloop
  endfacet
  facet normal 0 0 -1
    outer loop
      vertex -9.75957 42.1401 9.5
      vertex -8.10864 45.8157 9.5
      vertex -9.49595 42.2711 9.5
    endloop
  endfacet
  facet normal 0 0 -1
    outer loop
      vertex -10.0348 42.0355 9.5
      vertex -8.10864 45.8157 9.5
      vertex -9.75957 42.1401 9.5
    endloop
  endfacet
  facet normal 0 0 -1
    outer loop
      vertex -14.6473 46.9399 9.5
      vertex -8.10864 45.8157 9.5
      vertex -10.0348 42.0355 9.5
    endloop
  endfacet
  facet normal 0 0 -1
    outer loop
      vertex -8.10864 45.8157 9.5
      vertex -14.6473 46.9399 9.5
      vertex -12.2924 57.0739 9.5
    endloop
  endfacet
  facet normal 0 0 -1
    outer loop
      vertex -17.0477 55.5288 9.5
      vertex -12.2924 57.0739 9.5
      vertex -14.6473 46.9399 9.5
    endloop
  endfacet
  facet normal -0 0 -1
    outer loop
      vertex -12.2924 57.0739 9.5
      vertex -17.0477 55.5288 9.5
      vertex -12.3795 57.3032 9.5
    endloop
  endfacet
  facet normal -0 0 -1
    outer loop
      vertex -12.3795 57.3032 9.5
      vertex -17.0477 55.5288 9.5
      vertex -12.4888 57.5229 9.5
    endloop
  endfacet
  facet normal -0 0 -1
    outer loop
      vertex -12.4888 57.5229 9.5
      vertex -17.0477 55.5288 9.5
      vertex -12.619 57.7308 9.5
    endloop
  endfacet
  facet normal -0 0 -1
    outer loop
      vertex -12.619 57.7308 9.5
      vertex -17.0477 55.5288 9.5
      vertex -12.769 57.9249 9.5
    endloop
  endfacet
  facet normal -0 0 -1
    outer loop
      vertex -12.769 57.9249 9.5
      vertex -17.0477 55.5288 9.5
      vertex -12.9373 58.1034 9.5
    endloop
  endfacet
  facet normal -0 0 -1
    outer loop
      vertex -12.9373 58.1034 9.5
      vertex -17.0477 55.5288 9.5
      vertex -13.1223 58.2646 9.5
    endloop
  endfacet
  facet normal -0 0 -1
    outer loop
      vertex -13.1223 58.2646 9.5
      vertex -17.0477 55.5288 9.5
      vertex -13.3222 58.4069 9.5
    endloop
  endfacet
  facet normal -0 0 -1
    outer loop
      vertex -13.3222 58.4069 9.5
      vertex -17.0477 55.5288 9.5
      vertex -13.535 58.5288 9.5
    endloop
  endfacet
  facet normal -0 0 -1
    outer loop
      vertex -13.535 58.5288 9.5
      vertex -17.0477 55.5288 9.5
      vertex -13.7589 58.6294 9.5
    endloop
  endfacet
  facet normal -0 0 -1
    outer loop
      vertex -13.7589 58.6294 9.5
      vertex -17.0477 55.5288 9.5
      vertex -13.9914 58.7074 9.5
    endloop
  endfacet
  facet normal -0 0 -1
    outer loop
      vertex -13.9914 58.7074 9.5
      vertex -17.0477 55.5288 9.5
      vertex -14.2305 58.7624 9.5
    endloop
  endfacet
  facet normal 0 0 -1
    outer loop
      vertex -21.6505 37.8559 9.5
      vertex -14.6473 46.9399 9.5
      vertex -10.0348 42.0355 9.5
    endloop
  endfacet
  facet normal 0 0 -1
    outer loop
      vertex -14.6473 46.9399 9.5
      vertex -21.6505 37.8559 9.5
      vertex -27.2603 43.2731 9.5
    endloop
  endfacet
  facet normal -0 0 -1
    outer loop
      vertex -14.2305 58.7624 9.5
      vertex -17.0477 55.5288 9.5
      vertex -14.4739 58.7936 9.5
    endloop
  endfacet
  facet normal -0 0 -1
    outer loop
      vertex -14.4739 58.7936 9.5
      vertex -17.0477 55.5288 9.5
      vertex -14.7191 58.8008 9.5
    endloop
  endfacet
  facet normal 0 0 -1
    outer loop
      vertex -14.7191 58.8008 9.5
      vertex -17.0477 55.5288 9.5
      vertex -14.9639 58.784 9.5
    endloop
  endfacet
  facet normal 0 0 -1
    outer loop
      vertex -14.9639 58.784 9.5
      vertex -17.0477 55.5288 9.5
      vertex -15.2058 58.7432 9.5
    endloop
  endfacet
  facet normal 0 0 -1
    outer loop
      vertex -15.2058 58.7432 9.5
      vertex -17.0477 55.5288 9.5
      vertex -15.4426 58.679 9.5
    endloop
  endfacet
  facet normal 0 0 -1
    outer loop
      vertex -15.4426 58.679 9.5
      vertex -17.0477 55.5288 9.5
      vertex -15.6719 58.5918 9.5
    endloop
  endfacet
  facet normal 0 0 -1
    outer loop
      vertex -15.6719 58.5918 9.5
      vertex -17.0477 55.5288 9.5
      vertex -15.8916 58.4825 9.5
    endloop
  endfacet
  facet normal 0 0 -1
    outer loop
      vertex -15.8916 58.4825 9.5
      vertex -17.0477 55.5288 9.5
      vertex -16.0995 58.3523 9.5
    endloop
  endfacet
  facet normal 0 0 -1
    outer loop
      vertex -16.0995 58.3523 9.5
      vertex -17.0477 55.5288 9.5
      vertex -16.2936 58.2023 9.5
    endloop
  endfacet
  facet normal 0 0 -1
    outer loop
      vertex -16.2936 58.2023 9.5
      vertex -17.0477 55.5288 9.5
      vertex -16.4721 58.034 9.5
    endloop
  endfacet
  facet normal 0 0 -1
    outer loop
      vertex -16.4721 58.034 9.5
      vertex -17.0477 55.5288 9.5
      vertex -16.6333 57.849 9.5
    endloop
  endfacet
  facet normal 0 0 -1
    outer loop
      vertex -16.6333 57.849 9.5
      vertex -17.0477 55.5288 9.5
      vertex -16.7756 57.6492 9.5
    endloop
  endfacet
  facet normal 0 0 -1
    outer loop
      vertex -16.7756 57.6492 9.5
      vertex -17.0477 55.5288 9.5
      vertex -16.8975 57.4363 9.5
    endloop
  endfacet
  facet normal 0 0 -1
    outer loop
      vertex -16.8975 57.4363 9.5
      vertex -17.0477 55.5288 9.5
      vertex -16.9981 57.2125 9.5
    endloop
  endfacet
  facet normal 0 0 -1
    outer loop
      vertex -17.0477 55.5288 9.5
      vertex -17.0761 56.9799 9.5
      vertex -16.9981 57.2125 9.5
    endloop
  endfacet
  facet normal 0 0 -1
    outer loop
      vertex -17.1119 55.7655 9.5
      vertex -17.0761 56.9799 9.5
      vertex -17.0477 55.5288 9.5
    endloop
  endfacet
  facet normal 0 0 -1
    outer loop
      vertex -17.1119 55.7655 9.5
      vertex -17.1311 56.7408 9.5
      vertex -17.0761 56.9799 9.5
    endloop
  endfacet
  facet normal 0 0 -1
    outer loop
      vertex -17.1527 56.0075 9.5
      vertex -17.1311 56.7408 9.5
      vertex -17.1119 55.7655 9.5
    endloop
  endfacet
  facet normal 0 0 -1
    outer loop
      vertex -17.1527 56.0075 9.5
      vertex -17.1623 56.4975 9.5
      vertex -17.1311 56.7408 9.5
    endloop
  endfacet
  facet normal 0 -0 -1
    outer loop
      vertex -17.1623 56.4975 9.5
      vertex -17.1527 56.0075 9.5
      vertex -17.1695 56.2522 9.5
    endloop
  endfacet
  facet normal 0.445228 -0.895417 0
    outer loop
      vertex -8.42035 -9.50298 4.5
      vertex -7.9962 -9.29208 9.5
      vertex -8.42035 -9.50298 9.5
    endloop
  endfacet
  facet normal 0.445228 -0.895417 0
    outer loop
      vertex -7.9962 -9.29208 9.5
      vertex -8.42035 -9.50298 4.5
      vertex -7.9962 -9.29208 4.5
    endloop
  endfacet
  facet normal 0.530844 -0.847469 0
    outer loop
      vertex -7.9962 -9.29208 4.5
      vertex -7.11047 -8.73727 9.5
      vertex -7.9962 -9.29208 9.5
    endloop
  endfacet
  facet normal 0.530844 -0.847469 0
    outer loop
      vertex -7.11047 -8.73727 9.5
      vertex -7.9962 -9.29208 4.5
      vertex -7.11047 -8.73727 4.5
    endloop
  endfacet
  facet normal 0.611352 -0.791359 0
    outer loop
      vertex -7.11047 -8.73727 4.5
      vertex -6.45912 -8.23408 9.5
      vertex -7.11047 -8.73727 9.5
    endloop
  endfacet
  facet normal 0.611352 -0.791359 0
    outer loop
      vertex -6.45912 -8.23408 9.5
      vertex -7.11047 -8.73727 4.5
      vertex -6.45912 -8.23408 4.5
    endloop
  endfacet
  facet normal -0.565889 -0.824481 0
    outer loop
      vertex -6.45912 -8.23408 4.5
      vertex -2.42519 -11.0028 9.5
      vertex -6.45912 -8.23408 9.5
    endloop
  endfacet
  facet normal -0.565889 -0.824481 -0
    outer loop
      vertex -2.42519 -11.0028 9.5
      vertex -6.45912 -8.23408 4.5
      vertex -2.42519 -11.0028 4.5
    endloop
  endfacet
  facet normal 0.743136 -0.66914 0
    outer loop
      vertex -2.42519 -11.0028 9.5
      vertex -1.13115 -9.56566 4.5
      vertex -1.13115 -9.56566 9.5
    endloop
  endfacet
  facet normal 0.743136 -0.66914 0
    outer loop
      vertex -1.13115 -9.56566 4.5
      vertex -2.42519 -11.0028 9.5
      vertex -2.42519 -11.0028 4.5
    endloop
  endfacet
  facet normal 0.760804 0.648982 0
    outer loop
      vertex -1.13115 -9.56566 9.5
      vertex -4.30433 -5.84573 4.5
      vertex -4.30433 -5.84573 9.5
    endloop
  endfacet
  facet normal 0.760804 0.648982 0
    outer loop
      vertex -4.30433 -5.84573 4.5
      vertex -1.13115 -9.56566 9.5
      vertex -1.13115 -9.56566 4.5
    endloop
  endfacet
  facet normal 0.814776 -0.579776 0
    outer loop
      vertex -4.30433 -5.84573 9.5
      vertex -4.23039 -5.74182 4.5
      vertex -4.23039 -5.74182 9.5
    endloop
  endfacet
  facet normal 0.814776 -0.579776 0
    outer loop
      vertex -4.23039 -5.74182 4.5
      vertex -4.30433 -5.84573 9.5
      vertex -4.30433 -5.84573 4.5
    endloop
  endfacet
  facet normal 0.867654 -0.497168 0
    outer loop
      vertex -4.23039 -5.74182 9.5
      vertex -3.71078 -4.835 4.5
      vertex -3.71078 -4.835 9.5
    endloop
  endfacet
  facet normal 0.867654 -0.497168 0
    outer loop
      vertex -3.71078 -4.835 4.5
      vertex -4.23039 -5.74182 9.5
      vertex -4.23039 -5.74182 4.5
    endloop
  endfacet
  facet normal 0.91221 -0.409724 0
    outer loop
      vertex -3.71078 -4.835 9.5
      vertex -3.28256 -3.88161 4.5
      vertex -3.28256 -3.88161 9.5
    endloop
  endfacet
  facet normal 0.91221 -0.409724 0
    outer loop
      vertex -3.28256 -3.88161 4.5
      vertex -3.71078 -4.835 9.5
      vertex -3.71078 -4.835 4.5
    endloop
  endfacet
  facet normal 0.947975 -0.318344 0
    outer loop
      vertex -3.28256 -3.88161 9.5
      vertex -3.24196 -3.76071 4.5
      vertex -3.24196 -3.76071 9.5
    endloop
  endfacet
  facet normal 0.947975 -0.318344 0
    outer loop
      vertex -3.24196 -3.76071 4.5
      vertex -3.28256 -3.88161 9.5
      vertex -3.28256 -3.88161 4.5
    endloop
  endfacet
  facet normal -0.0778497 -0.996965 0
    outer loop
      vertex -3.24196 -3.76071 4.5
      vertex -1.68779 -3.88207 9.5
      vertex -3.24196 -3.76071 9.5
    endloop
  endfacet
  facet normal -0.0778497 -0.996965 -0
    outer loop
      vertex -1.68779 -3.88207 9.5
      vertex -3.24196 -3.76071 4.5
      vertex -1.68779 -3.88207 4.5
    endloop
  endfacet
  facet normal -0.0778498 -0.996965 0
    outer loop
      vertex 0 -4.01386 4.5
      vertex 1.63267 -4.14135 9.5
      vertex 0 -4.01386 9.5
    endloop
  endfacet
  facet normal -0.0778498 -0.996965 -0
    outer loop
      vertex 1.63267 -4.14135 9.5
      vertex 0 -4.01386 4.5
      vertex 1.63267 -4.14135 4.5
    endloop
  endfacet
  facet normal 0.978141 -0.207942 0
    outer loop
      vertex 1.63267 -4.14135 9.5
      vertex 1.68779 -3.88207 4.5
      vertex 1.68779 -3.88207 9.5
    endloop
  endfacet
  facet normal 0.978141 -0.207942 0
    outer loop
      vertex 1.68779 -3.88207 4.5
      vertex 1.63267 -4.14135 9.5
      vertex 1.63267 -4.14135 4.5
    endloop
  endfacet
  facet normal 0.334389 0.942435 -0
    outer loop
      vertex 0 -1.52772 4.5
      vertex -2.5763 -0.613614 9.5
      vertex 0 -1.52772 9.5
    endloop
  endfacet
  facet normal 0.334389 0.942435 0
    outer loop
      vertex -2.5763 -0.613614 9.5
      vertex 0 -1.52772 4.5
      vertex -2.5763 -0.613614 4.5
    endloop
  endfacet
  facet normal 0.999566 -0.0294505 0
    outer loop
      vertex -2.5763 -0.613614 9.5
      vertex -2.55206 0.209105 4.5
      vertex -2.55206 0.209105 9.5
    endloop
  endfacet
  facet normal 0.999566 -0.0294505 0
    outer loop
      vertex -2.55206 0.209105 4.5
      vertex -2.5763 -0.613614 9.5
      vertex -2.5763 -0.613614 4.5
    endloop
  endfacet
  facet normal 0.997639 0.0686694 0
    outer loop
      vertex -2.55206 0.209105 9.5
      vertex -2.62383 1.25179 4.5
      vertex -2.62383 1.25179 9.5
    endloop
  endfacet
  facet normal 0.997639 0.0686694 0
    outer loop
      vertex -2.62383 1.25179 4.5
      vertex -2.55206 0.209105 9.5
      vertex -2.55206 0.209105 4.5
    endloop
  endfacet
  facet normal 0.986105 0.166121 0
    outer loop
      vertex -2.62383 1.25179 9.5
      vertex -2.70252 1.7189 4.5
      vertex -2.70252 1.7189 9.5
    endloop
  endfacet
  facet normal 0.986105 0.166121 0
    outer loop
      vertex -2.70252 1.7189 4.5
      vertex -2.62383 1.25179 9.5
      vertex -2.62383 1.25179 4.5
    endloop
  endfacet
  facet normal 0.431064 -0.902321 0
    outer loop
      vertex -2.70252 1.7189 4.5
      vertex 0 3.00997 9.5
      vertex -2.70252 1.7189 9.5
    endloop
  endfacet
  facet normal 0.431064 -0.902321 0
    outer loop
      vertex 0 3.00997 9.5
      vertex -2.70252 1.7189 4.5
      vertex 0 3.00997 4.5
    endloop
  endfacet
  facet normal 0.951057 0.309014 0
    outer loop
      vertex 1.26138 5.22952 9.5
      vertex 1.11855 5.66911 4.5
      vertex 1.11855 5.66911 9.5
    endloop
  endfacet
  facet normal 0.951057 0.309014 0
    outer loop
      vertex 1.11855 5.66911 4.5
      vertex 1.26138 5.22952 9.5
      vertex 1.26138 5.22952 4.5
    endloop
  endfacet
  facet normal -0.181631 0.983367 0
    outer loop
      vertex -1.26138 5.22952 4.5
      vertex -3.69702 4.77965 9.5
      vertex -1.26138 5.22952 9.5
    endloop
  endfacet
  facet normal -0.181631 0.983367 0
    outer loop
      vertex -3.69702 4.77965 9.5
      vertex -1.26138 5.22952 4.5
      vertex -3.69702 4.77965 4.5
    endloop
  endfacet
  facet normal -0.18164 0.983365 0
    outer loop
      vertex 1.11855 5.66911 4.5
      vertex 0 5.4625 9.5
      vertex 1.11855 5.66911 9.5
    endloop
  endfacet
  facet normal -0.18164 0.983365 0
    outer loop
      vertex 0 5.4625 9.5
      vertex 1.11855 5.66911 4.5
      vertex 0 5.4625 4.5
    endloop
  endfacet
  facet normal 0.895417 0.445228 0
    outer loop
      vertex -3.69702 4.77965 9.5
      vertex -3.90792 5.2038 4.5
      vertex -3.90792 5.2038 9.5
    endloop
  endfacet
  facet normal 0.895417 0.445228 0
    outer loop
      vertex -3.90792 5.2038 4.5
      vertex -3.69702 4.77965 9.5
      vertex -3.69702 4.77965 4.5
    endloop
  endfacet
  facet normal 0.847469 0.530844 0
    outer loop
      vertex -3.90792 5.2038 9.5
      vertex -4.46273 6.08953 4.5
      vertex -4.46273 6.08953 9.5
    endloop
  endfacet
  facet normal 0.847469 0.530844 0
    outer loop
      vertex -4.46273 6.08953 4.5
      vertex -3.90792 5.2038 9.5
      vertex -3.90792 5.2038 4.5
    endloop
  endfacet
  facet normal 0.791359 0.611352 0
    outer loop
      vertex -4.46273 6.08953 9.5
      vertex -4.96592 6.74088 4.5
      vertex -4.96592 6.74088 9.5
    endloop
  endfacet
  facet normal 0.791359 0.611352 0
    outer loop
      vertex -4.96592 6.74088 4.5
      vertex -4.46273 6.08953 9.5
      vertex -4.46273 6.08953 4.5
    endloop
  endfacet
  facet normal 0.824476 -0.565897 0
    outer loop
      vertex -4.96592 6.74088 9.5
      vertex -2.19715 10.7748 4.5
      vertex -2.19715 10.7748 9.5
    endloop
  endfacet
  facet normal 0.824476 -0.565897 0
    outer loop
      vertex -2.19715 10.7748 4.5
      vertex -4.96592 6.74088 9.5
      vertex -4.96592 6.74088 4.5
    endloop
  endfacet
  facet normal 0.669116 0.743158 -0
    outer loop
      vertex -2.19715 10.7748 4.5
      vertex -3.63434 12.0688 9.5
      vertex -2.19715 10.7748 9.5
    endloop
  endfacet
  facet normal 0.669116 0.743158 0
    outer loop
      vertex -3.63434 12.0688 9.5
      vertex -2.19715 10.7748 4.5
      vertex -3.63434 12.0688 4.5
    endloop
  endfacet
  facet normal -0.648976 0.760809 0
    outer loop
      vertex -3.63434 12.0688 4.5
      vertex -7.35427 8.89567 9.5
      vertex -3.63434 12.0688 9.5
    endloop
  endfacet
  facet normal -0.648976 0.760809 0
    outer loop
      vertex -7.35427 8.89567 9.5
      vertex -3.63434 12.0688 4.5
      vertex -7.35427 8.89567 4.5
    endloop
  endfacet
  facet normal 0.579776 0.814776 -0
    outer loop
      vertex -7.35427 8.89567 4.5
      vertex -7.45818 8.96961 9.5
      vertex -7.35427 8.89567 9.5
    endloop
  endfacet
  facet normal 0.579776 0.814776 0
    outer loop
      vertex -7.45818 8.96961 9.5
      vertex -7.35427 8.89567 4.5
      vertex -7.45818 8.96961 4.5
    endloop
  endfacet
  facet normal 0.497168 0.867654 -0
    outer loop
      vertex -7.45818 8.96961 4.5
      vertex -8.365 9.48922 9.5
      vertex -7.45818 8.96961 9.5
    endloop
  endfacet
  facet normal 0.497168 0.867654 0
    outer loop
      vertex -8.365 9.48922 9.5
      vertex -7.45818 8.96961 4.5
      vertex -8.365 9.48922 4.5
    endloop
  endfacet
  facet normal 0.409724 0.91221 -0
    outer loop
      vertex -8.365 9.48922 4.5
      vertex -9.31839 9.91744 9.5
      vertex -8.365 9.48922 9.5
    endloop
  endfacet
  facet normal 0.409724 0.91221 0
    outer loop
      vertex -9.31839 9.91744 9.5
      vertex -8.365 9.48922 4.5
      vertex -9.31839 9.91744 4.5
    endloop
  endfacet
  facet normal 0.318344 0.947975 -0
    outer loop
      vertex -9.31839 9.91744 4.5
      vertex -9.43929 9.95804 9.5
      vertex -9.31839 9.91744 9.5
    endloop
  endfacet
  facet normal 0.318344 0.947975 0
    outer loop
      vertex -9.43929 9.95804 9.5
      vertex -9.31839 9.91744 4.5
      vertex -9.43929 9.95804 4.5
    endloop
  endfacet
  facet normal 0.996965 -0.0778485 0
    outer loop
      vertex -9.43929 9.95804 9.5
      vertex -9.05865 14.8327 4.5
      vertex -9.05865 14.8327 9.5
    endloop
  endfacet
  facet normal 0.996965 -0.0778485 0
    outer loop
      vertex -9.05865 14.8327 4.5
      vertex -9.43929 9.95804 9.5
      vertex -9.43929 9.95804 4.5
    endloop
  endfacet
  facet normal 0.20792 0.978146 -0
    outer loop
      vertex -9.05865 14.8327 4.5
      vertex -10.9503 15.2348 9.5
      vertex -9.05865 14.8327 9.5
    endloop
  endfacet
  facet normal 0.20792 0.978146 0
    outer loop
      vertex -10.9503 15.2348 9.5
      vertex -9.05865 14.8327 4.5
      vertex -10.9503 15.2348 4.5
    endloop
  endfacet
  facet normal -0.94244 0.334377 0
    outer loop
      vertex -10.9503 15.2348 4.5
      vertex -11.9861 12.3154 9.5
      vertex -10.9503 15.2348 9.5
    endloop
  endfacet
  facet normal -0.942434 0.334392 1.03402e-05
    outer loop
      vertex -12.5864 10.6237 4.5
      vertex -11.9861 12.3154 9.5
      vertex -10.9503 15.2348 4.5
    endloop
  endfacet
  facet normal -0.942424 0.334419 0
    outer loop
      vertex -11.9861 12.3154 9.5
      vertex -12.5864 10.6237 4.5
      vertex -12.5864 10.6237 9.5
    endloop
  endfacet
  facet normal 0.0294026 0.999568 -0
    outer loop
      vertex -12.5864 10.6237 4.5
      vertex -13.4091 10.6479 9.5
      vertex -12.5864 10.6237 9.5
    endloop
  endfacet
  facet normal 0.0294026 0.999568 0
    outer loop
      vertex -13.4091 10.6479 9.5
      vertex -12.5864 10.6237 4.5
      vertex -13.4091 10.6479 4.5
    endloop
  endfacet
  facet normal -0.0686018 0.997644 0
    outer loop
      vertex -13.4091 10.6479 4.5
      vertex -14.4518 10.5762 9.5
      vertex -13.4091 10.6479 9.5
    endloop
  endfacet
  facet normal -0.0686018 0.997644 0
    outer loop
      vertex -14.4518 10.5762 9.5
      vertex -13.4091 10.6479 4.5
      vertex -14.4518 10.5762 4.5
    endloop
  endfacet
  facet normal -0.166145 0.986101 0
    outer loop
      vertex -14.4518 10.5762 4.5
      vertex -14.9189 10.4975 9.5
      vertex -14.4518 10.5762 9.5
    endloop
  endfacet
  facet normal -0.166145 0.986101 0
    outer loop
      vertex -14.9189 10.4975 9.5
      vertex -14.4518 10.5762 4.5
      vertex -14.9189 10.4975 4.5
    endloop
  endfacet
  facet normal 0.902324 0.431058 0
    outer loop
      vertex -14.9189 10.4975 9.5
      vertex -17.0298 14.9162 4.5
      vertex -17.0298 14.9162 9.5
    endloop
  endfacet
  facet normal 0.902324 0.431058 0
    outer loop
      vertex -17.0298 14.9162 4.5
      vertex -14.9189 10.4975 9.5
      vertex -14.9189 10.4975 4.5
    endloop
  endfacet
  facet normal -0.309052 0.951045 0
    outer loop
      vertex -17.0298 14.9162 4.5
      vertex -18.8691 14.3185 9.5
      vertex -17.0298 14.9162 9.5
    endloop
  endfacet
  facet normal -0.309052 0.951045 0
    outer loop
      vertex -18.8691 14.3185 9.5
      vertex -17.0298 14.9162 4.5
      vertex -18.8691 14.3185 4.5
    endloop
  endfacet
  facet normal -0.983365 -0.181642 0
    outer loop
      vertex -17.9796 9.50298 4.5
      vertex -18.8691 14.3185 9.5
      vertex -18.8691 14.3185 4.5
    endloop
  endfacet
  facet normal -0.983365 -0.181642 0
    outer loop
      vertex -18.8691 14.3185 9.5
      vertex -17.9796 9.50298 4.5
      vertex -17.9796 9.50298 9.5
    endloop
  endfacet
  facet normal -0.445186 0.895438 0
    outer loop
      vertex -17.9796 9.50298 4.5
      vertex -18.4038 9.29208 9.5
      vertex -17.9796 9.50298 9.5
    endloop
  endfacet
  facet normal -0.445186 0.895438 0
    outer loop
      vertex -18.4038 9.29208 9.5
      vertex -17.9796 9.50298 4.5
      vertex -18.4038 9.29208 4.5
    endloop
  endfacet
  facet normal -0.530857 0.847461 0
    outer loop
      vertex -18.4038 9.29208 4.5
      vertex -19.2895 8.73727 9.5
      vertex -18.4038 9.29208 9.5
    endloop
  endfacet
  facet normal -0.530857 0.847461 0
    outer loop
      vertex -19.2895 8.73727 9.5
      vertex -18.4038 9.29208 4.5
      vertex -19.2895 8.73727 4.5
    endloop
  endfacet
  facet normal -0.611322 0.791382 0
    outer loop
      vertex -19.2895 8.73727 4.5
      vertex -19.9409 8.23408 9.5
      vertex -19.2895 8.73727 9.5
    endloop
  endfacet
  facet normal -0.611322 0.791382 0
    outer loop
      vertex -19.9409 8.23408 9.5
      vertex -19.2895 8.73727 4.5
      vertex -19.9409 8.23408 4.5
    endloop
  endfacet
  facet normal 0.565915 0.824463 -0
    outer loop
      vertex -19.9409 8.23408 4.5
      vertex -21.4208 9.24989 9.5
      vertex -19.9409 8.23408 9.5
    endloop
  endfacet
  facet normal 0.565892 0.824479 -1.01062e-05
    outer loop
      vertex -23.9748 11.0028 4.5
      vertex -21.4208 9.24989 9.5
      vertex -19.9409 8.23408 4.5
    endloop
  endfacet
  facet normal 0.565879 0.824489 0
    outer loop
      vertex -21.4208 9.24989 9.5
      vertex -23.9748 11.0028 4.5
      vertex -23.9748 11.0028 9.5
    endloop
  endfacet
  facet normal -0.743147 0.669129 0
    outer loop
      vertex -25.2688 9.56566 4.5
      vertex -23.9748 11.0028 9.5
      vertex -23.9748 11.0028 4.5
    endloop
  endfacet
  facet normal -0.743147 0.669129 0
    outer loop
      vertex -23.9748 11.0028 9.5
      vertex -25.2688 9.56566 4.5
      vertex -25.2688 9.56566 9.5
    endloop
  endfacet
  facet normal -0.760812 -0.648972 0
    outer loop
      vertex -22.0957 5.84573 4.5
      vertex -25.2688 9.56566 9.5
      vertex -25.2688 9.56566 4.5
    endloop
  endfacet
  facet normal -0.760812 -0.648972 0
    outer loop
      vertex -25.2688 9.56566 9.5
      vertex -22.0957 5.84573 4.5
      vertex -22.0957 5.84573 9.5
    endloop
  endfacet
  facet normal -0.814924 0.579568 0
    outer loop
      vertex -22.1696 5.74182 4.5
      vertex -22.0957 5.84573 9.5
      vertex -22.0957 5.84573 4.5
    endloop
  endfacet
  facet normal -0.814924 0.579568 0
    outer loop
      vertex -22.0957 5.84573 9.5
      vertex -22.1696 5.74182 4.5
      vertex -22.1696 5.74182 9.5
    endloop
  endfacet
  facet normal -0.867658 0.497161 0
    outer loop
      vertex -22.6892 4.835 4.5
      vertex -22.1696 5.74182 9.5
      vertex -22.1696 5.74182 4.5
    endloop
  endfacet
  facet normal -0.867658 0.497161 0
    outer loop
      vertex -22.1696 5.74182 9.5
      vertex -22.6892 4.835 4.5
      vertex -22.6892 4.835 9.5
    endloop
  endfacet
  facet normal -0.912217 0.409708 0
    outer loop
      vertex -23.1174 3.88161 4.5
      vertex -22.6892 4.835 9.5
      vertex -22.6892 4.835 4.5
    endloop
  endfacet
  facet normal -0.912217 0.409708 0
    outer loop
      vertex -22.6892 4.835 9.5
      vertex -23.1174 3.88161 4.5
      vertex -23.1174 3.88161 9.5
    endloop
  endfacet
  facet normal -0.947975 0.318344 0
    outer loop
      vertex -23.158 3.76071 4.5
      vertex -23.1174 3.88161 9.5
      vertex -23.1174 3.88161 4.5
    endloop
  endfacet
  facet normal -0.947975 0.318344 0
    outer loop
      vertex -23.1174 3.88161 9.5
      vertex -23.158 3.76071 4.5
      vertex -23.158 3.76071 9.5
    endloop
  endfacet
  facet normal 0.0778478 0.996965 -0
    outer loop
      vertex -23.158 3.76071 4.5
      vertex -28.0327 4.14135 9.5
      vertex -23.158 3.76071 9.5
    endloop
  endfacet
  facet normal 0.0778478 0.996965 0
    outer loop
      vertex -28.0327 4.14135 9.5
      vertex -23.158 3.76071 4.5
      vertex -28.0327 4.14135 4.5
    endloop
  endfacet
  facet normal -0.978146 0.207919 0
    outer loop
      vertex -28.4348 2.24969 4.5
      vertex -28.0327 4.14135 9.5
      vertex -28.0327 4.14135 4.5
    endloop
  endfacet
  facet normal -0.978146 0.207919 0
    outer loop
      vertex -28.0327 4.14135 9.5
      vertex -28.4348 2.24969 4.5
      vertex -28.4348 2.24969 9.5
    endloop
  endfacet
  facet normal -0.334388 -0.942436 0
    outer loop
      vertex -28.4348 2.24969 4.5
      vertex -23.8237 0.613614 9.5
      vertex -28.4348 2.24969 9.5
    endloop
  endfacet
  facet normal -0.334388 -0.942436 -0
    outer loop
      vertex -23.8237 0.613614 9.5
      vertex -28.4348 2.24969 4.5
      vertex -23.8237 0.613614 4.5
    endloop
  endfacet
  facet normal -0.999568 0.0294019 0
    outer loop
      vertex -23.8479 -0.209105 4.5
      vertex -23.8237 0.613614 9.5
      vertex -23.8237 0.613614 4.5
    endloop
  endfacet
  facet normal -0.999568 0.0294019 0
    outer loop
      vertex -23.8237 0.613614 9.5
      vertex -23.8479 -0.209105 4.5
      vertex -23.8479 -0.209105 9.5
    endloop
  endfacet
  facet normal -0.997644 -0.0686028 0
    outer loop
      vertex -23.7762 -1.25179 4.5
      vertex -23.8479 -0.209105 9.5
      vertex -23.8479 -0.209105 4.5
    endloop
  endfacet
  facet normal -0.997644 -0.0686028 0
    outer loop
      vertex -23.8479 -0.209105 9.5
      vertex -23.7762 -1.25179 4.5
      vertex -23.7762 -1.25179 9.5
    endloop
  endfacet
  facet normal -0.986102 -0.166141 0
    outer loop
      vertex -23.6975 -1.7189 4.5
      vertex -23.7762 -1.25179 9.5
      vertex -23.7762 -1.25179 4.5
    endloop
  endfacet
  facet normal -0.986102 -0.166141 0
    outer loop
      vertex -23.7762 -1.25179 9.5
      vertex -23.6975 -1.7189 4.5
      vertex -23.6975 -1.7189 9.5
    endloop
  endfacet
  facet normal -0.431063 0.902322 0
    outer loop
      vertex -23.6975 -1.7189 4.5
      vertex -28.1162 -3.82983 9.5
      vertex -23.6975 -1.7189 9.5
    endloop
  endfacet
  facet normal -0.431063 0.902322 0
    outer loop
      vertex -28.1162 -3.82983 9.5
      vertex -23.6975 -1.7189 4.5
      vertex -28.1162 -3.82983 4.5
    endloop
  endfacet
  facet normal -0.951044 -0.309055 0
    outer loop
      vertex -27.5185 -5.66911 4.5
      vertex -28.1162 -3.82983 9.5
      vertex -28.1162 -3.82983 4.5
    endloop
  endfacet
  facet normal -0.951044 -0.309055 0
    outer loop
      vertex -28.1162 -3.82983 9.5
      vertex -27.5185 -5.66911 4.5
      vertex -27.5185 -5.66911 9.5
    endloop
  endfacet
  facet normal 0.181635 -0.983366 0
    outer loop
      vertex -27.5185 -5.66911 4.5
      vertex -22.703 -4.77965 9.5
      vertex -27.5185 -5.66911 9.5
    endloop
  endfacet
  facet normal 0.181635 -0.983366 0
    outer loop
      vertex -22.703 -4.77965 9.5
      vertex -27.5185 -5.66911 4.5
      vertex -22.703 -4.77965 4.5
    endloop
  endfacet
  facet normal -0.895417 -0.445228 0
    outer loop
      vertex -22.4921 -5.2038 4.5
      vertex -22.703 -4.77965 9.5
      vertex -22.703 -4.77965 4.5
    endloop
  endfacet
  facet normal -0.895417 -0.445228 0
    outer loop
      vertex -22.703 -4.77965 9.5
      vertex -22.4921 -5.2038 4.5
      vertex -22.4921 -5.2038 9.5
    endloop
  endfacet
  facet normal -0.847474 -0.530837 0
    outer loop
      vertex -21.9373 -6.08953 4.5
      vertex -22.4921 -5.2038 9.5
      vertex -22.4921 -5.2038 4.5
    endloop
  endfacet
  facet normal -0.847474 -0.530837 0
    outer loop
      vertex -22.4921 -5.2038 9.5
      vertex -21.9373 -6.08953 4.5
      vertex -21.9373 -6.08953 9.5
    endloop
  endfacet
  facet normal -0.791353 -0.611359 0
    outer loop
      vertex -21.4341 -6.74088 4.5
      vertex -21.9373 -6.08953 9.5
      vertex -21.9373 -6.08953 4.5
    endloop
  endfacet
  facet normal -0.791353 -0.611359 0
    outer loop
      vertex -21.9373 -6.08953 9.5
      vertex -21.4341 -6.74088 4.5
      vertex -21.4341 -6.74088 9.5
    endloop
  endfacet
  facet normal -0.824473 0.565901 0
    outer loop
      vertex -24.2029 -10.7748 4.5
      vertex -21.4341 -6.74088 9.5
      vertex -21.4341 -6.74088 4.5
    endloop
  endfacet
  facet normal -0.824473 0.565901 0
    outer loop
      vertex -21.4341 -6.74088 9.5
      vertex -24.2029 -10.7748 4.5
      vertex -24.2029 -10.7748 9.5
    endloop
  endfacet
  facet normal -0.669113 -0.74316 0
    outer loop
      vertex -24.2029 -10.7748 4.5
      vertex -22.7657 -12.0688 9.5
      vertex -24.2029 -10.7748 9.5
    endloop
  endfacet
  facet normal -0.669113 -0.74316 -0
    outer loop
      vertex -22.7657 -12.0688 9.5
      vertex -24.2029 -10.7748 4.5
      vertex -22.7657 -12.0688 4.5
    endloop
  endfacet
  facet normal 0.648969 -0.760815 0
    outer loop
      vertex -22.7657 -12.0688 4.5
      vertex -19.0457 -8.89567 9.5
      vertex -22.7657 -12.0688 9.5
    endloop
  endfacet
  facet normal 0.648969 -0.760815 0
    outer loop
      vertex -19.0457 -8.89567 9.5
      vertex -22.7657 -12.0688 4.5
      vertex -19.0457 -8.89567 4.5
    endloop
  endfacet
  facet normal -0.579813 -0.81475 0
    outer loop
      vertex -19.0457 -8.89567 4.5
      vertex -18.9418 -8.96961 9.5
      vertex -19.0457 -8.89567 9.5
    endloop
  endfacet
  facet normal -0.579813 -0.81475 -0
    outer loop
      vertex -18.9418 -8.96961 9.5
      vertex -19.0457 -8.89567 4.5
      vertex -18.9418 -8.96961 4.5
    endloop
  endfacet
  facet normal -0.497176 -0.86765 0
    outer loop
      vertex -18.9418 -8.96961 4.5
      vertex -18.035 -9.48922 9.5
      vertex -18.9418 -8.96961 9.5
    endloop
  endfacet
  facet normal -0.497176 -0.86765 -0
    outer loop
      vertex -18.035 -9.48922 9.5
      vertex -18.9418 -8.96961 4.5
      vertex -18.035 -9.48922 4.5
    endloop
  endfacet
  facet normal -0.40972 -0.912211 0
    outer loop
      vertex -18.035 -9.48922 4.5
      vertex -17.0816 -9.91744 9.5
      vertex -18.035 -9.48922 9.5
    endloop
  endfacet
  facet normal -0.40972 -0.912211 -0
    outer loop
      vertex -17.0816 -9.91744 9.5
      vertex -18.035 -9.48922 4.5
      vertex -17.0816 -9.91744 4.5
    endloop
  endfacet
  facet normal -0.318344 -0.947975 0
    outer loop
      vertex -17.0816 -9.91744 4.5
      vertex -16.9607 -9.95804 9.5
      vertex -17.0816 -9.91744 9.5
    endloop
  endfacet
  facet normal -0.318344 -0.947975 -0
    outer loop
      vertex -16.9607 -9.95804 9.5
      vertex -17.0816 -9.91744 4.5
      vertex -16.9607 -9.95804 4.5
    endloop
  endfacet
  facet normal -0.996966 0.0778403 0
    outer loop
      vertex -17.3413 -14.8327 4.5
      vertex -16.9607 -9.95804 9.5
      vertex -16.9607 -9.95804 4.5
    endloop
  endfacet
  facet normal -0.996966 0.0778403 0
    outer loop
      vertex -16.9607 -9.95804 9.5
      vertex -17.3413 -14.8327 4.5
      vertex -17.3413 -14.8327 9.5
    endloop
  endfacet
  facet normal -0.207926 -0.978145 0
    outer loop
      vertex -17.3413 -14.8327 4.5
      vertex -15.4497 -15.2348 9.5
      vertex -17.3413 -14.8327 9.5
    endloop
  endfacet
  facet normal -0.207926 -0.978145 -0
    outer loop
      vertex -15.4497 -15.2348 9.5
      vertex -17.3413 -14.8327 4.5
      vertex -15.4497 -15.2348 4.5
    endloop
  endfacet
  facet normal 0.942434 -0.334392 0
    outer loop
      vertex -15.4497 -15.2348 9.5
      vertex -13.8136 -10.6237 4.5
      vertex -13.8136 -10.6237 9.5
    endloop
  endfacet
  facet normal 0.942434 -0.334392 0
    outer loop
      vertex -13.8136 -10.6237 4.5
      vertex -15.4497 -15.2348 9.5
      vertex -15.4497 -15.2348 4.5
    endloop
  endfacet
  facet normal -0.0294026 -0.999568 0
    outer loop
      vertex -13.8136 -10.6237 4.5
      vertex -12.9909 -10.6479 9.5
      vertex -13.8136 -10.6237 9.5
    endloop
  endfacet
  facet normal -0.0294026 -0.999568 -0
    outer loop
      vertex -12.9909 -10.6479 9.5
      vertex -13.8136 -10.6237 4.5
      vertex -12.9909 -10.6479 4.5
    endloop
  endfacet
  facet normal 0.0686018 -0.997644 0
    outer loop
      vertex -12.9909 -10.6479 4.5
      vertex -11.9482 -10.5762 9.5
      vertex -12.9909 -10.6479 9.5
    endloop
  endfacet
  facet normal 0.0686018 -0.997644 0
    outer loop
      vertex -11.9482 -10.5762 9.5
      vertex -12.9909 -10.6479 4.5
      vertex -11.9482 -10.5762 4.5
    endloop
  endfacet
  facet normal 0.166145 -0.986101 0
    outer loop
      vertex -11.9482 -10.5762 4.5
      vertex -11.4811 -10.4975 9.5
      vertex -11.9482 -10.5762 9.5
    endloop
  endfacet
  facet normal 0.166145 -0.986101 0
    outer loop
      vertex -11.4811 -10.4975 9.5
      vertex -11.9482 -10.5762 4.5
      vertex -11.4811 -10.4975 4.5
    endloop
  endfacet
  facet normal -0.902322 -0.431063 0
    outer loop
      vertex -9.37017 -14.9162 4.5
      vertex -11.4811 -10.4975 9.5
      vertex -11.4811 -10.4975 4.5
    endloop
  endfacet
  facet normal -0.902322 -0.431063 0
    outer loop
      vertex -11.4811 -10.4975 9.5
      vertex -9.37017 -14.9162 4.5
      vertex -9.37017 -14.9162 9.5
    endloop
  endfacet
  facet normal 0.309055 -0.951044 0
    outer loop
      vertex -9.37017 -14.9162 4.5
      vertex -7.53089 -14.3185 9.5
      vertex -9.37017 -14.9162 9.5
    endloop
  endfacet
  facet normal 0.309055 -0.951044 0
    outer loop
      vertex -7.53089 -14.3185 9.5
      vertex -9.37017 -14.9162 4.5
      vertex -7.53089 -14.3185 4.5
    endloop
  endfacet
  facet normal 0.983366 0.181635 0
    outer loop
      vertex -7.53089 -14.3185 9.5
      vertex -8.42035 -9.50298 4.5
      vertex -8.42035 -9.50298 9.5
    endloop
  endfacet
  facet normal 0.983366 0.181635 0
    outer loop
      vertex -8.42035 -9.50298 4.5
      vertex -7.53089 -14.3185 9.5
      vertex -7.53089 -14.3185 4.5
    endloop
  endfacet
  facet normal -0.166129 0.986104 0
    outer loop
      vertex -12.7499 -2.05119 4.5
      vertex -12.9532 -2.08544 15.5
      vertex -12.7499 -2.05119 15.5
    endloop
  endfacet
  facet normal -0.166129 0.986104 0
    outer loop
      vertex -12.9532 -2.08544 15.5
      vertex -12.7499 -2.05119 4.5
      vertex -12.9532 -2.08544 4.5
    endloop
  endfacet
  facet normal -0.0686605 0.99764 0
    outer loop
      vertex -12.9532 -2.08544 4.5
      vertex -13.1588 -2.09959 15.5
      vertex -12.9532 -2.08544 15.5
    endloop
  endfacet
  facet normal -0.0686605 0.99764 0
    outer loop
      vertex -13.1588 -2.09959 15.5
      vertex -12.9532 -2.08544 4.5
      vertex -13.1588 -2.09959 4.5
    endloop
  endfacet
  facet normal 0.0294532 0.999566 -0
    outer loop
      vertex -13.1588 -2.09959 4.5
      vertex -13.3648 -2.09352 15.5
      vertex -13.1588 -2.09959 15.5
    endloop
  endfacet
  facet normal 0.0294532 0.999566 0
    outer loop
      vertex -13.3648 -2.09352 15.5
      vertex -13.1588 -2.09959 4.5
      vertex -13.3648 -2.09352 4.5
    endloop
  endfacet
  facet normal 0.127331 0.99186 -0
    outer loop
      vertex -13.3648 -2.09352 4.5
      vertex -13.5692 -2.06728 15.5
      vertex -13.3648 -2.09352 15.5
    endloop
  endfacet
  facet normal 0.127331 0.99186 0
    outer loop
      vertex -13.5692 -2.06728 15.5
      vertex -13.3648 -2.09352 4.5
      vertex -13.5692 -2.06728 4.5
    endloop
  endfacet
  facet normal 0.223899 0.974612 -0
    outer loop
      vertex -13.5692 -2.06728 4.5
      vertex -13.77 -2.02115 15.5
      vertex -13.5692 -2.06728 15.5
    endloop
  endfacet
  facet normal 0.223899 0.974612 0
    outer loop
      vertex -13.77 -2.02115 15.5
      vertex -13.5692 -2.06728 4.5
      vertex -13.77 -2.02115 4.5
    endloop
  endfacet
  facet normal 0.318265 0.948002 -0
    outer loop
      vertex -13.77 -2.02115 4.5
      vertex -13.9654 -1.95555 15.5
      vertex -13.77 -2.02115 15.5
    endloop
  endfacet
  facet normal 0.318265 0.948002 0
    outer loop
      vertex -13.9654 -1.95555 15.5
      vertex -13.77 -2.02115 4.5
      vertex -13.9654 -1.95555 4.5
    endloop
  endfacet
  facet normal 0.4098 0.912176 -0
    outer loop
      vertex -13.9654 -1.95555 4.5
      vertex -14.1534 -1.87109 15.5
      vertex -13.9654 -1.95555 15.5
    endloop
  endfacet
  facet normal 0.4098 0.912176 0
    outer loop
      vertex -14.1534 -1.87109 15.5
      vertex -13.9654 -1.95555 4.5
      vertex -14.1534 -1.87109 4.5
    endloop
  endfacet
  facet normal 0.497121 0.867681 -0
    outer loop
      vertex -14.1534 -1.87109 4.5
      vertex -14.3322 -1.76865 15.5
      vertex -14.1534 -1.87109 15.5
    endloop
  endfacet
  facet normal 0.497121 0.867681 0
    outer loop
      vertex -14.3322 -1.76865 15.5
      vertex -14.1534 -1.87109 4.5
      vertex -14.3322 -1.76865 4.5
    endloop
  endfacet
  facet normal 0.57986 0.814716 -0
    outer loop
      vertex -14.3322 -1.76865 4.5
      vertex -14.5001 -1.64915 15.5
      vertex -14.3322 -1.76865 15.5
    endloop
  endfacet
  facet normal 0.57986 0.814716 0
    outer loop
      vertex -14.5001 -1.64915 15.5
      vertex -14.3322 -1.76865 4.5
      vertex -14.5001 -1.64915 4.5
    endloop
  endfacet
  facet normal 0.65684 0.75403 -0
    outer loop
      vertex -14.5001 -1.64915 4.5
      vertex -14.6555 -1.51378 15.5
      vertex -14.5001 -1.64915 15.5
    endloop
  endfacet
  facet normal 0.65684 0.75403 0
    outer loop
      vertex -14.6555 -1.51378 15.5
      vertex -14.5001 -1.64915 4.5
      vertex -14.6555 -1.51378 4.5
    endloop
  endfacet
  facet normal 0.727764 0.685828 0
    outer loop
      vertex -14.6555 -1.51378 15.5
      vertex -14.7968 -1.36384 4.5
      vertex -14.7968 -1.36384 15.5
    endloop
  endfacet
  facet normal 0.727764 0.685828 0
    outer loop
      vertex -14.7968 -1.36384 4.5
      vertex -14.6555 -1.51378 15.5
      vertex -14.6555 -1.51378 4.5
    endloop
  endfacet
  facet normal 0.79136 0.611351 0
    outer loop
      vertex -14.7968 -1.36384 15.5
      vertex -14.9228 -1.20074 4.5
      vertex -14.9228 -1.20074 15.5
    endloop
  endfacet
  facet normal 0.79136 0.611351 0
    outer loop
      vertex -14.9228 -1.20074 4.5
      vertex -14.7968 -1.36384 15.5
      vertex -14.7968 -1.36384 4.5
    endloop
  endfacet
  facet normal 0.847453 0.530871 0
    outer loop
      vertex -14.9228 -1.20074 15.5
      vertex -15.0322 -1.0261 4.5
      vertex -15.0322 -1.0261 15.5
    endloop
  endfacet
  facet normal 0.847453 0.530871 0
    outer loop
      vertex -15.0322 -1.0261 4.5
      vertex -14.9228 -1.20074 15.5
      vertex -14.9228 -1.20074 4.5
    endloop
  endfacet
  facet normal 0.895338 0.445386 0
    outer loop
      vertex -15.0322 -1.0261 15.5
      vertex -15.124 -0.841559 4.5
      vertex -15.124 -0.841559 15.5
    endloop
  endfacet
  facet normal 0.895338 0.445386 0
    outer loop
      vertex -15.124 -0.841559 4.5
      vertex -15.0322 -1.0261 15.5
      vertex -15.0322 -1.0261 4.5
    endloop
  endfacet
  facet normal 0.93478 0.355227 0
    outer loop
      vertex -15.124 -0.841559 15.5
      vertex -15.1972 -0.648933 4.5
      vertex -15.1972 -0.648933 15.5
    endloop
  endfacet
  facet normal 0.93478 0.355227 0
    outer loop
      vertex -15.1972 -0.648933 4.5
      vertex -15.124 -0.841559 15.5
      vertex -15.124 -0.841559 4.5
    endloop
  endfacet
  facet normal 0.965058 0.262036 0
    outer loop
      vertex -15.1972 -0.648933 15.5
      vertex -15.2512 -0.450055 4.5
      vertex -15.2512 -0.450055 15.5
    endloop
  endfacet
  facet normal 0.965058 0.262036 0
    outer loop
      vertex -15.2512 -0.450055 4.5
      vertex -15.1972 -0.648933 15.5
      vertex -15.1972 -0.648933 4.5
    endloop
  endfacet
  facet normal 0.986133 0.165956 0
    outer loop
      vertex -15.2512 -0.450055 15.5
      vertex -15.2854 -0.246834 4.5
      vertex -15.2854 -0.246834 15.5
    endloop
  endfacet
  facet normal 0.986133 0.165956 0
    outer loop
      vertex -15.2854 -0.246834 4.5
      vertex -15.2512 -0.450055 15.5
      vertex -15.2512 -0.450055 4.5
    endloop
  endfacet
  facet normal 0.997623 0.0689031 0
    outer loop
      vertex -15.2854 -0.246834 15.5
      vertex -15.2996 -0.0412372 4.5
      vertex -15.2996 -0.0412372 15.5
    endloop
  endfacet
  facet normal 0.997623 0.0689031 0
    outer loop
      vertex -15.2996 -0.0412372 4.5
      vertex -15.2854 -0.246834 15.5
      vertex -15.2854 -0.246834 4.5
    endloop
  endfacet
  facet normal 0.999562 -0.0295982 0
    outer loop
      vertex -15.2996 -0.0412372 15.5
      vertex -15.2935 0.164766 4.5
      vertex -15.2935 0.164766 15.5
    endloop
  endfacet
  facet normal 0.999562 -0.0295982 0
    outer loop
      vertex -15.2935 0.164766 4.5
      vertex -15.2996 -0.0412372 15.5
      vertex -15.2996 -0.0412372 4.5
    endloop
  endfacet
  facet normal 0.991885 -0.127136 0
    outer loop
      vertex -15.2935 0.164766 15.5
      vertex -15.2673 0.369173 4.5
      vertex -15.2673 0.369173 15.5
    endloop
  endfacet
  facet normal 0.991885 -0.127136 0
    outer loop
      vertex -15.2673 0.369173 4.5
      vertex -15.2935 0.164766 15.5
      vertex -15.2935 0.164766 4.5
    endloop
  endfacet
  facet normal 0.974549 -0.224175 0
    outer loop
      vertex -15.2673 0.369173 15.5
      vertex -15.2211 0.570017 4.5
      vertex -15.2211 0.570017 15.5
    endloop
  endfacet
  facet normal 0.974549 -0.224175 0
    outer loop
      vertex -15.2211 0.570017 4.5
      vertex -15.2673 0.369173 15.5
      vertex -15.2673 0.369173 4.5
    endloop
  endfacet
  facet normal 0.947982 -0.318323 0
    outer loop
      vertex -15.2211 0.570017 15.5
      vertex -15.1555 0.765377 4.5
      vertex -15.1555 0.765377 15.5
    endloop
  endfacet
  facet normal 0.947982 -0.318323 0
    outer loop
      vertex -15.1555 0.765377 4.5
      vertex -15.2211 0.570017 15.5
      vertex -15.2211 0.570017 4.5
    endloop
  endfacet
  facet normal 0.912279 -0.40957 0
    outer loop
      vertex -15.1555 0.765377 15.5
      vertex -15.0711 0.95337 4.5
      vertex -15.0711 0.95337 15.5
    endloop
  endfacet
  facet normal 0.912279 -0.40957 0
    outer loop
      vertex -15.0711 0.95337 4.5
      vertex -15.1555 0.765377 15.5
      vertex -15.1555 0.765377 4.5
    endloop
  endfacet
  facet normal 0.86758 -0.497298 0
    outer loop
      vertex -15.0711 0.95337 15.5
      vertex -14.9686 1.13219 4.5
      vertex -14.9686 1.13219 15.5
    endloop
  endfacet
  facet normal 0.86758 -0.497298 0
    outer loop
      vertex -14.9686 1.13219 4.5
      vertex -15.0711 0.95337 15.5
      vertex -15.0711 0.95337 4.5
    endloop
  endfacet
  facet normal 0.814945 -0.579538 0
    outer loop
      vertex -14.9686 1.13219 15.5
      vertex -14.8492 1.30009 4.5
      vertex -14.8492 1.30009 15.5
    endloop
  endfacet
  facet normal 0.814945 -0.579538 0
    outer loop
      vertex -14.8492 1.30009 4.5
      vertex -14.9686 1.13219 15.5
      vertex -14.9686 1.13219 4.5
    endloop
  endfacet
  facet normal 0.753916 -0.656971 0
    outer loop
      vertex -14.8492 1.30009 15.5
      vertex -14.7138 1.45547 4.5
      vertex -14.7138 1.45547 15.5
    endloop
  endfacet
  facet normal 0.753916 -0.656971 0
    outer loop
      vertex -14.7138 1.45547 4.5
      vertex -14.8492 1.30009 15.5
      vertex -14.8492 1.30009 4.5
    endloop
  endfacet
  facet normal 0.685888 -0.727707 0
    outer loop
      vertex -14.7138 1.45547 4.5
      vertex -14.5638 1.59685 15.5
      vertex -14.7138 1.45547 15.5
    endloop
  endfacet
  facet normal 0.685888 -0.727707 0
    outer loop
      vertex -14.5638 1.59685 15.5
      vertex -14.7138 1.45547 4.5
      vertex -14.5638 1.59685 4.5
    endloop
  endfacet
  facet normal 0.61132 -0.791383 0
    outer loop
      vertex -14.5638 1.59685 4.5
      vertex -14.4007 1.72284 15.5
      vertex -14.5638 1.59685 15.5
    endloop
  endfacet
  facet normal 0.61132 -0.791383 0
    outer loop
      vertex -14.4007 1.72284 15.5
      vertex -14.5638 1.59685 4.5
      vertex -14.4007 1.72284 4.5
    endloop
  endfacet
  facet normal 0.530958 -0.847398 0
    outer loop
      vertex -14.4007 1.72284 4.5
      vertex -14.2261 1.83224 15.5
      vertex -14.4007 1.72284 15.5
    endloop
  endfacet
  facet normal 0.530958 -0.847398 0
    outer loop
      vertex -14.2261 1.83224 15.5
      vertex -14.4007 1.72284 4.5
      vertex -14.2261 1.83224 4.5
    endloop
  endfacet
  facet normal 0.445232 -0.895415 0
    outer loop
      vertex -14.2261 1.83224 4.5
      vertex -14.0416 1.92398 15.5
      vertex -14.2261 1.83224 15.5
    endloop
  endfacet
  facet normal 0.445232 -0.895415 0
    outer loop
      vertex -14.0416 1.92398 15.5
      vertex -14.2261 1.83224 4.5
      vertex -14.0416 1.92398 4.5
    endloop
  endfacet
  facet normal 0.355235 -0.934777 0
    outer loop
      vertex -14.0416 1.92398 4.5
      vertex -13.8489 1.99721 15.5
      vertex -14.0416 1.92398 15.5
    endloop
  endfacet
  facet normal 0.355235 -0.934777 0
    outer loop
      vertex -13.8489 1.99721 15.5
      vertex -14.0416 1.92398 4.5
      vertex -13.8489 1.99721 4.5
    endloop
  endfacet
  facet normal 0.262041 -0.965057 0
    outer loop
      vertex -13.8489 1.99721 4.5
      vertex -13.6501 2.05119 15.5
      vertex -13.8489 1.99721 15.5
    endloop
  endfacet
  facet normal 0.262041 -0.965057 0
    outer loop
      vertex -13.6501 2.05119 15.5
      vertex -13.8489 1.99721 4.5
      vertex -13.6501 2.05119 4.5
    endloop
  endfacet
  facet normal 0.166129 -0.986104 0
    outer loop
      vertex -13.6501 2.05119 4.5
      vertex -13.4468 2.08544 15.5
      vertex -13.6501 2.05119 15.5
    endloop
  endfacet
  facet normal 0.166129 -0.986104 0
    outer loop
      vertex -13.4468 2.08544 15.5
      vertex -13.6501 2.05119 4.5
      vertex -13.4468 2.08544 4.5
    endloop
  endfacet
  facet normal 0.0686605 -0.99764 0
    outer loop
      vertex -13.4468 2.08544 4.5
      vertex -13.2412 2.09959 15.5
      vertex -13.4468 2.08544 15.5
    endloop
  endfacet
  facet normal 0.0686605 -0.99764 0
    outer loop
      vertex -13.2412 2.09959 15.5
      vertex -13.4468 2.08544 4.5
      vertex -13.2412 2.09959 4.5
    endloop
  endfacet
  facet normal -0.0294532 -0.999566 0
    outer loop
      vertex -13.2412 2.09959 4.5
      vertex -13.0352 2.09352 15.5
      vertex -13.2412 2.09959 15.5
    endloop
  endfacet
  facet normal -0.0294532 -0.999566 -0
    outer loop
      vertex -13.0352 2.09352 15.5
      vertex -13.2412 2.09959 4.5
      vertex -13.0352 2.09352 4.5
    endloop
  endfacet
  facet normal -0.127331 -0.99186 0
    outer loop
      vertex -13.0352 2.09352 4.5
      vertex -12.8308 2.06728 15.5
      vertex -13.0352 2.09352 15.5
    endloop
  endfacet
  facet normal -0.127331 -0.99186 -0
    outer loop
      vertex -12.8308 2.06728 15.5
      vertex -13.0352 2.09352 4.5
      vertex -12.8308 2.06728 4.5
    endloop
  endfacet
  facet normal -0.223899 -0.974612 0
    outer loop
      vertex -12.8308 2.06728 4.5
      vertex -12.63 2.02115 15.5
      vertex -12.8308 2.06728 15.5
    endloop
  endfacet
  facet normal -0.223899 -0.974612 -0
    outer loop
      vertex -12.63 2.02115 15.5
      vertex -12.8308 2.06728 4.5
      vertex -12.63 2.02115 4.5
    endloop
  endfacet
  facet normal -0.318265 -0.948002 0
    outer loop
      vertex -12.63 2.02115 4.5
      vertex -12.4346 1.95555 15.5
      vertex -12.63 2.02115 15.5
    endloop
  endfacet
  facet normal -0.318265 -0.948002 -0
    outer loop
      vertex -12.4346 1.95555 15.5
      vertex -12.63 2.02115 4.5
      vertex -12.4346 1.95555 4.5
    endloop
  endfacet
  facet normal -0.4098 -0.912176 0
    outer loop
      vertex -12.4346 1.95555 4.5
      vertex -12.2466 1.87109 15.5
      vertex -12.4346 1.95555 15.5
    endloop
  endfacet
  facet normal -0.4098 -0.912176 -0
    outer loop
      vertex -12.2466 1.87109 15.5
      vertex -12.4346 1.95555 4.5
      vertex -12.2466 1.87109 4.5
    endloop
  endfacet
  facet normal -0.497121 -0.867681 0
    outer loop
      vertex -12.2466 1.87109 4.5
      vertex -12.0678 1.76865 15.5
      vertex -12.2466 1.87109 15.5
    endloop
  endfacet
  facet normal -0.497121 -0.867681 -0
    outer loop
      vertex -12.0678 1.76865 15.5
      vertex -12.2466 1.87109 4.5
      vertex -12.0678 1.76865 4.5
    endloop
  endfacet
  facet normal -0.57986 -0.814716 0
    outer loop
      vertex -12.0678 1.76865 4.5
      vertex -11.8999 1.64915 15.5
      vertex -12.0678 1.76865 15.5
    endloop
  endfacet
  facet normal -0.57986 -0.814716 -0
    outer loop
      vertex -11.8999 1.64915 15.5
      vertex -12.0678 1.76865 4.5
      vertex -11.8999 1.64915 4.5
    endloop
  endfacet
  facet normal -0.65684 -0.75403 0
    outer loop
      vertex -11.8999 1.64915 4.5
      vertex -11.7445 1.51378 15.5
      vertex -11.8999 1.64915 15.5
    endloop
  endfacet
  facet normal -0.65684 -0.75403 -0
    outer loop
      vertex -11.7445 1.51378 15.5
      vertex -11.8999 1.64915 4.5
      vertex -11.7445 1.51378 4.5
    endloop
  endfacet
  facet normal -0.727764 -0.685828 0
    outer loop
      vertex -11.6032 1.36384 4.5
      vertex -11.7445 1.51378 15.5
      vertex -11.7445 1.51378 4.5
    endloop
  endfacet
  facet normal -0.727764 -0.685828 0
    outer loop
      vertex -11.7445 1.51378 15.5
      vertex -11.6032 1.36384 4.5
      vertex -11.6032 1.36384 15.5
    endloop
  endfacet
  facet normal -0.79136 -0.611351 0
    outer loop
      vertex -11.4772 1.20074 4.5
      vertex -11.6032 1.36384 15.5
      vertex -11.6032 1.36384 4.5
    endloop
  endfacet
  facet normal -0.79136 -0.611351 0
    outer loop
      vertex -11.6032 1.36384 15.5
      vertex -11.4772 1.20074 4.5
      vertex -11.4772 1.20074 15.5
    endloop
  endfacet
  facet normal -0.847453 -0.530871 0
    outer loop
      vertex -11.3678 1.0261 4.5
      vertex -11.4772 1.20074 15.5
      vertex -11.4772 1.20074 4.5
    endloop
  endfacet
  facet normal -0.847453 -0.530871 0
    outer loop
      vertex -11.4772 1.20074 15.5
      vertex -11.3678 1.0261 4.5
      vertex -11.3678 1.0261 15.5
    endloop
  endfacet
  facet normal -0.895338 -0.445386 0
    outer loop
      vertex -11.276 0.841559 4.5
      vertex -11.3678 1.0261 15.5
      vertex -11.3678 1.0261 4.5
    endloop
  endfacet
  facet normal -0.895338 -0.445386 0
    outer loop
      vertex -11.3678 1.0261 15.5
      vertex -11.276 0.841559 4.5
      vertex -11.276 0.841559 15.5
    endloop
  endfacet
  facet normal -0.93478 -0.355227 0
    outer loop
      vertex -11.2028 0.648933 4.5
      vertex -11.276 0.841559 15.5
      vertex -11.276 0.841559 4.5
    endloop
  endfacet
  facet normal -0.93478 -0.355227 0
    outer loop
      vertex -11.276 0.841559 15.5
      vertex -11.2028 0.648933 4.5
      vertex -11.2028 0.648933 15.5
    endloop
  endfacet
  facet normal -0.965058 -0.262036 0
    outer loop
      vertex -11.1488 0.450055 4.5
      vertex -11.2028 0.648933 15.5
      vertex -11.2028 0.648933 4.5
    endloop
  endfacet
  facet normal -0.965058 -0.262036 0
    outer loop
      vertex -11.2028 0.648933 15.5
      vertex -11.1488 0.450055 4.5
      vertex -11.1488 0.450055 15.5
    endloop
  endfacet
  facet normal -0.986133 -0.165956 0
    outer loop
      vertex -11.1146 0.246834 4.5
      vertex -11.1488 0.450055 15.5
      vertex -11.1488 0.450055 4.5
    endloop
  endfacet
  facet normal -0.986133 -0.165956 0
    outer loop
      vertex -11.1488 0.450055 15.5
      vertex -11.1146 0.246834 4.5
      vertex -11.1146 0.246834 15.5
    endloop
  endfacet
  facet normal -0.997623 -0.0689031 0
    outer loop
      vertex -11.1004 0.0412372 4.5
      vertex -11.1146 0.246834 15.5
      vertex -11.1146 0.246834 4.5
    endloop
  endfacet
  facet normal -0.997623 -0.0689031 0
    outer loop
      vertex -11.1146 0.246834 15.5
      vertex -11.1004 0.0412372 4.5
      vertex -11.1004 0.0412372 15.5
    endloop
  endfacet
  facet normal -0.999562 0.0295982 0
    outer loop
      vertex -11.1065 -0.164766 4.5
      vertex -11.1004 0.0412372 15.5
      vertex -11.1004 0.0412372 4.5
    endloop
  endfacet
  facet normal -0.999562 0.0295982 0
    outer loop
      vertex -11.1004 0.0412372 15.5
      vertex -11.1065 -0.164766 4.5
      vertex -11.1065 -0.164766 15.5
    endloop
  endfacet
  facet normal -0.991885 0.127136 0
    outer loop
      vertex -11.1327 -0.369173 4.5
      vertex -11.1065 -0.164766 15.5
      vertex -11.1065 -0.164766 4.5
    endloop
  endfacet
  facet normal -0.991885 0.127136 0
    outer loop
      vertex -11.1065 -0.164766 15.5
      vertex -11.1327 -0.369173 4.5
      vertex -11.1327 -0.369173 15.5
    endloop
  endfacet
  facet normal -0.974549 0.224175 0
    outer loop
      vertex -11.1789 -0.570017 4.5
      vertex -11.1327 -0.369173 15.5
      vertex -11.1327 -0.369173 4.5
    endloop
  endfacet
  facet normal -0.974549 0.224175 0
    outer loop
      vertex -11.1327 -0.369173 15.5
      vertex -11.1789 -0.570017 4.5
      vertex -11.1789 -0.570017 15.5
    endloop
  endfacet
  facet normal -0.947982 0.318323 0
    outer loop
      vertex -11.2445 -0.765377 4.5
      vertex -11.1789 -0.570017 15.5
      vertex -11.1789 -0.570017 4.5
    endloop
  endfacet
  facet normal -0.947982 0.318323 0
    outer loop
      vertex -11.1789 -0.570017 15.5
      vertex -11.2445 -0.765377 4.5
      vertex -11.2445 -0.765377 15.5
    endloop
  endfacet
  facet normal -0.912279 0.40957 0
    outer loop
      vertex -11.3289 -0.95337 4.5
      vertex -11.2445 -0.765377 15.5
      vertex -11.2445 -0.765377 4.5
    endloop
  endfacet
  facet normal -0.912279 0.40957 0
    outer loop
      vertex -11.2445 -0.765377 15.5
      vertex -11.3289 -0.95337 4.5
      vertex -11.3289 -0.95337 15.5
    endloop
  endfacet
  facet normal -0.86758 0.497298 0
    outer loop
      vertex -11.4314 -1.13219 4.5
      vertex -11.3289 -0.95337 15.5
      vertex -11.3289 -0.95337 4.5
    endloop
  endfacet
  facet normal -0.86758 0.497298 0
    outer loop
      vertex -11.3289 -0.95337 15.5
      vertex -11.4314 -1.13219 4.5
      vertex -11.4314 -1.13219 15.5
    endloop
  endfacet
  facet normal -0.814945 0.579538 0
    outer loop
      vertex -11.5508 -1.30009 4.5
      vertex -11.4314 -1.13219 15.5
      vertex -11.4314 -1.13219 4.5
    endloop
  endfacet
  facet normal -0.814945 0.579538 0
    outer loop
      vertex -11.4314 -1.13219 15.5
      vertex -11.5508 -1.30009 4.5
      vertex -11.5508 -1.30009 15.5
    endloop
  endfacet
  facet normal -0.753916 0.656971 0
    outer loop
      vertex -11.6862 -1.45547 4.5
      vertex -11.5508 -1.30009 15.5
      vertex -11.5508 -1.30009 4.5
    endloop
  endfacet
  facet normal -0.753916 0.656971 0
    outer loop
      vertex -11.5508 -1.30009 15.5
      vertex -11.6862 -1.45547 4.5
      vertex -11.6862 -1.45547 15.5
    endloop
  endfacet
  facet normal -0.685888 0.727707 0
    outer loop
      vertex -11.6862 -1.45547 4.5
      vertex -11.8362 -1.59685 15.5
      vertex -11.6862 -1.45547 15.5
    endloop
  endfacet
  facet normal -0.685888 0.727707 0
    outer loop
      vertex -11.8362 -1.59685 15.5
      vertex -11.6862 -1.45547 4.5
      vertex -11.8362 -1.59685 4.5
    endloop
  endfacet
  facet normal -0.61132 0.791383 0
    outer loop
      vertex -11.8362 -1.59685 4.5
      vertex -11.9993 -1.72284 15.5
      vertex -11.8362 -1.59685 15.5
    endloop
  endfacet
  facet normal -0.61132 0.791383 0
    outer loop
      vertex -11.9993 -1.72284 15.5
      vertex -11.8362 -1.59685 4.5
      vertex -11.9993 -1.72284 4.5
    endloop
  endfacet
  facet normal -0.530958 0.847398 0
    outer loop
      vertex -11.9993 -1.72284 4.5
      vertex -12.1739 -1.83224 15.5
      vertex -11.9993 -1.72284 15.5
    endloop
  endfacet
  facet normal -0.530958 0.847398 0
    outer loop
      vertex -12.1739 -1.83224 15.5
      vertex -11.9993 -1.72284 4.5
      vertex -12.1739 -1.83224 4.5
    endloop
  endfacet
  facet normal -0.445232 0.895415 0
    outer loop
      vertex -12.1739 -1.83224 4.5
      vertex -12.3584 -1.92398 15.5
      vertex -12.1739 -1.83224 15.5
    endloop
  endfacet
  facet normal -0.445232 0.895415 0
    outer loop
      vertex -12.3584 -1.92398 15.5
      vertex -12.1739 -1.83224 4.5
      vertex -12.3584 -1.92398 4.5
    endloop
  endfacet
  facet normal -0.355235 0.934777 0
    outer loop
      vertex -12.3584 -1.92398 4.5
      vertex -12.5511 -1.99721 15.5
      vertex -12.3584 -1.92398 15.5
    endloop
  endfacet
  facet normal -0.355235 0.934777 0
    outer loop
      vertex -12.5511 -1.99721 15.5
      vertex -12.3584 -1.92398 4.5
      vertex -12.5511 -1.99721 4.5
    endloop
  endfacet
  facet normal -0.262041 0.965057 0
    outer loop
      vertex -12.5511 -1.99721 4.5
      vertex -12.7499 -2.05119 15.5
      vertex -12.5511 -1.99721 15.5
    endloop
  endfacet
  facet normal -0.262041 0.965057 0
    outer loop
      vertex -12.7499 -2.05119 15.5
      vertex -12.5511 -1.99721 4.5
      vertex -12.7499 -2.05119 4.5
    endloop
  endfacet
  facet normal 0.445212 -0.895425 0
    outer loop
      vertex -10.9959 -5.03903 9.5
      vertex -10.5126 -4.79873 15.5
      vertex -10.9959 -5.03903 15.5
    endloop
  endfacet
  facet normal 0.445212 -0.895425 0
    outer loop
      vertex -10.5126 -4.79873 15.5
      vertex -10.9959 -5.03903 9.5
      vertex -10.5126 -4.79873 9.5
    endloop
  endfacet
  facet normal 0.530858 -0.847461 0
    outer loop
      vertex -10.5126 -4.79873 9.5
      vertex -10.0552 -4.51221 15.5
      vertex -10.5126 -4.79873 15.5
    endloop
  endfacet
  facet normal 0.530858 -0.847461 0
    outer loop
      vertex -10.0552 -4.51221 15.5
      vertex -10.5126 -4.79873 9.5
      vertex -10.0552 -4.51221 9.5
    endloop
  endfacet
  facet normal 0.611343 -0.791366 0
    outer loop
      vertex -10.0552 -4.51221 9.5
      vertex -9.62805 -4.18223 15.5
      vertex -10.0552 -4.51221 15.5
    endloop
  endfacet
  facet normal 0.611343 -0.791366 0
    outer loop
      vertex -9.62805 -4.18223 15.5
      vertex -10.0552 -4.51221 9.5
      vertex -9.62805 -4.18223 9.5
    endloop
  endfacet
  facet normal 0.685976 -0.727624 0
    outer loop
      vertex -9.62805 -4.18223 9.5
      vertex -9.23531 -3.81197 15.5
      vertex -9.62805 -4.18223 15.5
    endloop
  endfacet
  facet normal 0.685976 -0.727624 0
    outer loop
      vertex -9.23531 -3.81197 15.5
      vertex -9.62805 -4.18223 9.5
      vertex -9.23531 -3.81197 9.5
    endloop
  endfacet
  facet normal 0.753989 -0.656887 0
    outer loop
      vertex -9.23531 -3.81197 15.5
      vertex -8.88076 -3.40501 9.5
      vertex -8.88076 -3.40501 15.5
    endloop
  endfacet
  facet normal 0.753989 -0.656887 0
    outer loop
      vertex -8.88076 -3.40501 9.5
      vertex -9.23531 -3.81197 15.5
      vertex -9.23531 -3.81197 9.5
    endloop
  endfacet
  facet normal 0.814755 -0.579805 0
    outer loop
      vertex -8.88076 -3.40501 15.5
      vertex -8.56782 -2.96526 9.5
      vertex -8.56782 -2.96526 15.5
    endloop
  endfacet
  facet normal 0.814755 -0.579805 0
    outer loop
      vertex -8.56782 -2.96526 9.5
      vertex -8.88076 -3.40501 15.5
      vertex -8.88076 -3.40501 9.5
    endloop
  endfacet
  facet normal 0.867649 -0.497178 0
    outer loop
      vertex -8.56782 -2.96526 15.5
      vertex -8.29947 -2.49695 9.5
      vertex -8.29947 -2.49695 15.5
    endloop
  endfacet
  facet normal 0.867649 -0.497178 0
    outer loop
      vertex -8.29947 -2.49695 9.5
      vertex -8.56782 -2.96526 15.5
      vertex -8.56782 -2.96526 9.5
    endloop
  endfacet
  facet normal 0.91221 -0.409723 0
    outer loop
      vertex -8.29947 -2.49695 15.5
      vertex -8.07832 -2.00458 9.5
      vertex -8.07832 -2.00458 15.5
    endloop
  endfacet
  facet normal 0.91221 -0.409723 0
    outer loop
      vertex -8.07832 -2.00458 9.5
      vertex -8.29947 -2.49695 15.5
      vertex -8.29947 -2.49695 9.5
    endloop
  endfacet
  facet normal 0.947982 -0.318322 0
    outer loop
      vertex -8.07832 -2.00458 15.5
      vertex -7.90651 -1.49292 9.5
      vertex -7.90651 -1.49292 15.5
    endloop
  endfacet
  facet normal 0.947982 -0.318322 0
    outer loop
      vertex -7.90651 -1.49292 9.5
      vertex -8.07832 -2.00458 15.5
      vertex -8.07832 -2.00458 9.5
    endloop
  endfacet
  facet normal 0.974615 -0.223886 0
    outer loop
      vertex -7.90651 -1.49292 15.5
      vertex -7.78567 -0.966883 9.5
      vertex -7.78567 -0.966883 15.5
    endloop
  endfacet
  facet normal 0.974615 -0.223886 0
    outer loop
      vertex -7.78567 -0.966883 9.5
      vertex -7.90651 -1.49292 15.5
      vertex -7.90651 -1.49292 9.5
    endloop
  endfacet
  facet normal 0.991864 -0.127299 0
    outer loop
      vertex -7.78567 -0.966883 15.5
      vertex -7.71696 -0.431521 9.5
      vertex -7.71696 -0.431521 15.5
    endloop
  endfacet
  facet normal 0.991864 -0.127299 0
    outer loop
      vertex -7.71696 -0.431521 9.5
      vertex -7.78567 -0.966883 15.5
      vertex -7.78567 -0.966883 9.5
    endloop
  endfacet
  facet normal 0.999567 -0.0294397 0
    outer loop
      vertex -7.71696 -0.431521 15.5
      vertex -7.70107 0.107992 9.5
      vertex -7.70107 0.107992 15.5
    endloop
  endfacet
  facet normal 0.999567 -0.0294397 0
    outer loop
      vertex -7.70107 0.107992 9.5
      vertex -7.71696 -0.431521 15.5
      vertex -7.71696 -0.431521 9.5
    endloop
  endfacet
  facet normal 0.99764 0.0686613 0
    outer loop
      vertex -7.70107 0.107992 15.5
      vertex -7.73813 0.646469 9.5
      vertex -7.73813 0.646469 15.5
    endloop
  endfacet
  facet normal 0.99764 0.0686613 0
    outer loop
      vertex -7.73813 0.646469 9.5
      vertex -7.70107 0.107992 15.5
      vertex -7.70107 0.107992 9.5
    endloop
  endfacet
  facet normal 0.986106 0.16612 0
    outer loop
      vertex -7.73813 0.646469 15.5
      vertex -7.82779 1.1787 9.5
      vertex -7.82779 1.1787 15.5
    endloop
  endfacet
  facet normal 0.986106 0.16612 0
    outer loop
      vertex -7.82779 1.1787 9.5
      vertex -7.73813 0.646469 15.5
      vertex -7.73813 0.646469 9.5
    endloop
  endfacet
  facet normal 0.965074 0.261978 0
    outer loop
      vertex -7.82779 1.1787 15.5
      vertex -7.96919 1.69959 9.5
      vertex -7.96919 1.69959 15.5
    endloop
  endfacet
  facet normal 0.965074 0.261978 0
    outer loop
      vertex -7.96919 1.69959 9.5
      vertex -7.82779 1.1787 15.5
      vertex -7.82779 1.1787 9.5
    endloop
  endfacet
  facet normal -0.934735 -0.355345 0
    outer loop
      vertex -18.239 -2.20412 9.5
      vertex -18.4308 -1.69959 15.5
      vertex -18.4308 -1.69959 9.5
    endloop
  endfacet
  facet normal -0.934735 -0.355345 0
    outer loop
      vertex -18.4308 -1.69959 15.5
      vertex -18.239 -2.20412 9.5
      vertex -18.239 -2.20412 15.5
    endloop
  endfacet
  facet normal -0.895418 -0.445226 0
    outer loop
      vertex -17.9987 -2.6874 9.5
      vertex -18.239 -2.20412 15.5
      vertex -18.239 -2.20412 9.5
    endloop
  endfacet
  facet normal -0.895418 -0.445226 0
    outer loop
      vertex -18.239 -2.20412 15.5
      vertex -17.9987 -2.6874 9.5
      vertex -17.9987 -2.6874 15.5
    endloop
  endfacet
  facet normal -0.847488 -0.530815 0
    outer loop
      vertex -17.7122 -3.14482 9.5
      vertex -17.9987 -2.6874 15.5
      vertex -17.9987 -2.6874 9.5
    endloop
  endfacet
  facet normal -0.847488 -0.530815 0
    outer loop
      vertex -17.9987 -2.6874 15.5
      vertex -17.7122 -3.14482 9.5
      vertex -17.7122 -3.14482 15.5
    endloop
  endfacet
  facet normal -0.791334 -0.611384 0
    outer loop
      vertex -17.3822 -3.57195 9.5
      vertex -17.7122 -3.14482 15.5
      vertex -17.7122 -3.14482 9.5
    endloop
  endfacet
  facet normal -0.791334 -0.611384 0
    outer loop
      vertex -17.7122 -3.14482 15.5
      vertex -17.3822 -3.57195 9.5
      vertex -17.3822 -3.57195 15.5
    endloop
  endfacet
  facet normal -0.72768 -0.685917 0
    outer loop
      vertex -17.012 -3.96469 9.5
      vertex -17.3822 -3.57195 15.5
      vertex -17.3822 -3.57195 9.5
    endloop
  endfacet
  facet normal -0.72768 -0.685917 0
    outer loop
      vertex -17.3822 -3.57195 15.5
      vertex -17.012 -3.96469 9.5
      vertex -17.012 -3.96469 15.5
    endloop
  endfacet
  facet normal -0.65685 -0.754021 0
    outer loop
      vertex -17.012 -3.96469 9.5
      vertex -16.605 -4.31924 15.5
      vertex -17.012 -3.96469 15.5
    endloop
  endfacet
  facet normal -0.65685 -0.754021 -0
    outer loop
      vertex -16.605 -4.31924 15.5
      vertex -17.012 -3.96469 9.5
      vertex -16.605 -4.31924 9.5
    endloop
  endfacet
  facet normal -0.579849 -0.814724 0
    outer loop
      vertex -16.605 -4.31924 9.5
      vertex -16.1653 -4.63218 15.5
      vertex -16.605 -4.31924 15.5
    endloop
  endfacet
  facet normal -0.579849 -0.814724 -0
    outer loop
      vertex -16.1653 -4.63218 15.5
      vertex -16.605 -4.31924 9.5
      vertex -16.1653 -4.63218 9.5
    endloop
  endfacet
  facet normal -0.497106 -0.86769 0
    outer loop
      vertex -16.1653 -4.63218 9.5
      vertex -15.6969 -4.90053 15.5
      vertex -16.1653 -4.63218 15.5
    endloop
  endfacet
  facet normal -0.497106 -0.86769 -0
    outer loop
      vertex -15.6969 -4.90053 15.5
      vertex -16.1653 -4.63218 9.5
      vertex -15.6969 -4.90053 9.5
    endloop
  endfacet
  facet normal -0.409771 -0.912188 0
    outer loop
      vertex -15.6969 -4.90053 9.5
      vertex -15.2046 -5.12168 15.5
      vertex -15.6969 -4.90053 15.5
    endloop
  endfacet
  facet normal -0.409771 -0.912188 -0
    outer loop
      vertex -15.2046 -5.12168 15.5
      vertex -15.6969 -4.90053 9.5
      vertex -15.2046 -5.12168 9.5
    endloop
  endfacet
  facet normal -0.3183 -0.94799 0
    outer loop
      vertex -15.2046 -5.12168 9.5
      vertex -14.6929 -5.29349 15.5
      vertex -15.2046 -5.12168 15.5
    endloop
  endfacet
  facet normal -0.3183 -0.94799 -0
    outer loop
      vertex -14.6929 -5.29349 15.5
      vertex -15.2046 -5.12168 9.5
      vertex -14.6929 -5.29349 9.5
    endloop
  endfacet
  facet normal -0.223919 -0.974608 0
    outer loop
      vertex -14.6929 -5.29349 9.5
      vertex -14.1669 -5.41434 15.5
      vertex -14.6929 -5.29349 15.5
    endloop
  endfacet
  facet normal -0.223919 -0.974608 -0
    outer loop
      vertex -14.1669 -5.41434 15.5
      vertex -14.6929 -5.29349 9.5
      vertex -14.1669 -5.41434 9.5
    endloop
  endfacet
  facet normal -0.127272 -0.991868 0
    outer loop
      vertex -14.1669 -5.41434 9.5
      vertex -13.6315 -5.48304 15.5
      vertex -14.1669 -5.41434 15.5
    endloop
  endfacet
  facet normal -0.127272 -0.991868 -0
    outer loop
      vertex -13.6315 -5.48304 15.5
      vertex -14.1669 -5.41434 9.5
      vertex -13.6315 -5.48304 9.5
    endloop
  endfacet
  facet normal -0.0294404 -0.999567 0
    outer loop
      vertex -13.6315 -5.48304 9.5
      vertex -13.092 -5.49893 15.5
      vertex -13.6315 -5.48304 15.5
    endloop
  endfacet
  facet normal -0.0294404 -0.999567 -0
    outer loop
      vertex -13.092 -5.49893 15.5
      vertex -13.6315 -5.48304 9.5
      vertex -13.092 -5.49893 9.5
    endloop
  endfacet
  facet normal 0.0686584 -0.99764 0
    outer loop
      vertex -13.092 -5.49893 9.5
      vertex -12.5535 -5.46187 15.5
      vertex -13.092 -5.49893 15.5
    endloop
  endfacet
  facet normal 0.0686584 -0.99764 0
    outer loop
      vertex -12.5535 -5.46187 15.5
      vertex -13.092 -5.49893 9.5
      vertex -12.5535 -5.46187 9.5
    endloop
  endfacet
  facet normal 0.166129 -0.986104 0
    outer loop
      vertex -12.5535 -5.46187 9.5
      vertex -12.0213 -5.37221 15.5
      vertex -12.5535 -5.46187 15.5
    endloop
  endfacet
  facet normal 0.166129 -0.986104 0
    outer loop
      vertex -12.0213 -5.37221 15.5
      vertex -12.5535 -5.46187 9.5
      vertex -12.0213 -5.37221 9.5
    endloop
  endfacet
  facet normal 0.261973 -0.965075 0
    outer loop
      vertex -12.0213 -5.37221 9.5
      vertex -11.5004 -5.23081 15.5
      vertex -12.0213 -5.37221 15.5
    endloop
  endfacet
  facet normal 0.261973 -0.965075 0
    outer loop
      vertex -11.5004 -5.23081 15.5
      vertex -12.0213 -5.37221 9.5
      vertex -11.5004 -5.23081 9.5
    endloop
  endfacet
  facet normal 0.355331 -0.934741 0
    outer loop
      vertex -11.5004 -5.23081 9.5
      vertex -10.9959 -5.03903 15.5
      vertex -11.5004 -5.23081 15.5
    endloop
  endfacet
  facet normal 0.355331 -0.934741 0
    outer loop
      vertex -10.9959 -5.03903 15.5
      vertex -11.5004 -5.23081 9.5
      vertex -10.9959 -5.03903 9.5
    endloop
  endfacet
  facet normal 0 0 1
    outer loop
      vertex -17.0477 55.5288 15.5
      vertex -12.2924 57.0739 15.5
      vertex -14.7191 58.8008 15.5
    endloop
  endfacet
  facet normal 0 0 1
    outer loop
      vertex -17.0477 55.5288 15.5
      vertex -14.7191 58.8008 15.5
      vertex -14.9639 58.784 15.5
    endloop
  endfacet
  facet normal 0 0 1
    outer loop
      vertex -17.0477 55.5288 15.5
      vertex -14.9639 58.784 15.5
      vertex -15.2058 58.7432 15.5
    endloop
  endfacet
  facet normal 0 0 1
    outer loop
      vertex -17.0477 55.5288 15.5
      vertex -15.2058 58.7432 15.5
      vertex -15.4426 58.679 15.5
    endloop
  endfacet
  facet normal 0 0 1
    outer loop
      vertex -17.0477 55.5288 15.5
      vertex -15.4426 58.679 15.5
      vertex -15.6719 58.5918 15.5
    endloop
  endfacet
  facet normal 0 0 1
    outer loop
      vertex -17.0477 55.5288 15.5
      vertex -15.6719 58.5918 15.5
      vertex -15.8916 58.4825 15.5
    endloop
  endfacet
  facet normal 0 0 1
    outer loop
      vertex -17.0477 55.5288 15.5
      vertex -15.8916 58.4825 15.5
      vertex -16.0995 58.3523 15.5
    endloop
  endfacet
  facet normal 0 0 1
    outer loop
      vertex -17.0477 55.5288 15.5
      vertex -16.0995 58.3523 15.5
      vertex -16.2936 58.2023 15.5
    endloop
  endfacet
  facet normal 0 0 1
    outer loop
      vertex -17.0477 55.5288 15.5
      vertex -16.2936 58.2023 15.5
      vertex -16.4721 58.034 15.5
    endloop
  endfacet
  facet normal 0 0 1
    outer loop
      vertex -17.0477 55.5288 15.5
      vertex -16.4721 58.034 15.5
      vertex -16.6333 57.849 15.5
    endloop
  endfacet
  facet normal 0 0 1
    outer loop
      vertex -17.0477 55.5288 15.5
      vertex -16.6333 57.849 15.5
      vertex -16.7756 57.6492 15.5
    endloop
  endfacet
  facet normal 0 0 1
    outer loop
      vertex -17.0477 55.5288 15.5
      vertex -16.7756 57.6492 15.5
      vertex -16.8975 57.4363 15.5
    endloop
  endfacet
  facet normal 0 0 1
    outer loop
      vertex -17.0477 55.5288 15.5
      vertex -16.8975 57.4363 15.5
      vertex -16.9981 57.2125 15.5
    endloop
  endfacet
  facet normal 0 0 1
    outer loop
      vertex -12.2924 57.0739 15.5
      vertex -17.0477 55.5288 15.5
      vertex -14.6473 46.9399 15.5
    endloop
  endfacet
  facet normal -0 0 1
    outer loop
      vertex -17.0761 56.9799 15.5
      vertex -17.0477 55.5288 15.5
      vertex -16.9981 57.2125 15.5
    endloop
  endfacet
  facet normal 0 0 1
    outer loop
      vertex -17.0761 56.9799 15.5
      vertex -17.1119 55.7655 15.5
      vertex -17.0477 55.5288 15.5
    endloop
  endfacet
  facet normal -0 0 1
    outer loop
      vertex -17.1311 56.7408 15.5
      vertex -17.1119 55.7655 15.5
      vertex -17.0761 56.9799 15.5
    endloop
  endfacet
  facet normal 0 0 1
    outer loop
      vertex -17.1311 56.7408 15.5
      vertex -17.1527 56.0075 15.5
      vertex -17.1119 55.7655 15.5
    endloop
  endfacet
  facet normal -0 0 1
    outer loop
      vertex -17.1623 56.4975 15.5
      vertex -17.1527 56.0075 15.5
      vertex -17.1311 56.7408 15.5
    endloop
  endfacet
  facet normal 0 0 1
    outer loop
      vertex -17.1527 56.0075 15.5
      vertex -17.1623 56.4975 15.5
      vertex -17.1695 56.2522 15.5
    endloop
  endfacet
  facet normal 0 0 1
    outer loop
      vertex -7.9826 45.2412 15.5
      vertex -7.97106 44.6533 15.5
      vertex -7.96239 44.9475 15.5
    endloop
  endfacet
  facet normal 0 0 1
    outer loop
      vertex -7.9826 45.2412 15.5
      vertex -8.00854 44.3612 15.5
      vertex -7.97106 44.6533 15.5
    endloop
  endfacet
  facet normal 0 0 1
    outer loop
      vertex -8.03152 45.5316 15.5
      vertex -8.00854 44.3612 15.5
      vertex -7.9826 45.2412 15.5
    endloop
  endfacet
  facet normal 0 0 1
    outer loop
      vertex -8.03152 45.5316 15.5
      vertex -8.07445 44.0743 15.5
      vertex -8.00854 44.3612 15.5
    endloop
  endfacet
  facet normal 0 0 1
    outer loop
      vertex -8.10864 45.8157 15.5
      vertex -8.07445 44.0743 15.5
      vertex -8.03152 45.5316 15.5
    endloop
  endfacet
  facet normal 0 0 1
    outer loop
      vertex -8.10864 45.8157 15.5
      vertex -8.16816 43.7952 15.5
      vertex -8.07445 44.0743 15.5
    endloop
  endfacet
  facet normal 0 0 1
    outer loop
      vertex -8.10864 45.8157 15.5
      vertex -8.2888 43.5267 15.5
      vertex -8.16816 43.7952 15.5
    endloop
  endfacet
  facet normal 0 0 1
    outer loop
      vertex -8.10864 45.8157 15.5
      vertex -8.43516 43.2712 15.5
      vertex -8.2888 43.5267 15.5
    endloop
  endfacet
  facet normal 0 0 1
    outer loop
      vertex -8.10864 45.8157 15.5
      vertex -8.60586 43.0314 15.5
      vertex -8.43516 43.2712 15.5
    endloop
  endfacet
  facet normal 0 0 1
    outer loop
      vertex -8.10864 45.8157 15.5
      vertex -8.79925 42.8094 15.5
      vertex -8.60586 43.0314 15.5
    endloop
  endfacet
  facet normal 0 0 1
    outer loop
      vertex -8.10864 45.8157 15.5
      vertex -9.01347 42.6074 15.5
      vertex -8.79925 42.8094 15.5
    endloop
  endfacet
  facet normal 0 0 1
    outer loop
      vertex -8.10864 45.8157 15.5
      vertex -9.24645 42.4274 15.5
      vertex -9.01347 42.6074 15.5
    endloop
  endfacet
  facet normal 0 0 1
    outer loop
      vertex -8.10864 45.8157 15.5
      vertex -9.49595 42.2711 15.5
      vertex -9.24645 42.4274 15.5
    endloop
  endfacet
  facet normal 0 0 1
    outer loop
      vertex -8.10864 45.8157 15.5
      vertex -9.75957 42.1401 15.5
      vertex -9.49595 42.2711 15.5
    endloop
  endfacet
  facet normal 0 0 1
    outer loop
      vertex -8.10864 45.8157 15.5
      vertex -10.0348 42.0355 15.5
      vertex -9.75957 42.1401 15.5
    endloop
  endfacet
  facet normal -0 0 1
    outer loop
      vertex -14.6473 46.9399 15.5
      vertex -8.10864 45.8157 15.5
      vertex -12.2924 57.0739 15.5
    endloop
  endfacet
  facet normal 0 0 1
    outer loop
      vertex -14.4739 58.7936 15.5
      vertex -12.2924 57.0739 15.5
      vertex -12.3795 57.3032 15.5
    endloop
  endfacet
  facet normal 0 0 1
    outer loop
      vertex -14.4739 58.7936 15.5
      vertex -12.3795 57.3032 15.5
      vertex -12.4888 57.5229 15.5
    endloop
  endfacet
  facet normal 0 0 1
    outer loop
      vertex -14.4739 58.7936 15.5
      vertex -12.4888 57.5229 15.5
      vertex -12.619 57.7308 15.5
    endloop
  endfacet
  facet normal 0 0 1
    outer loop
      vertex -14.4739 58.7936 15.5
      vertex -12.619 57.7308 15.5
      vertex -12.769 57.9249 15.5
    endloop
  endfacet
  facet normal 0 0 1
    outer loop
      vertex -14.4739 58.7936 15.5
      vertex -12.769 57.9249 15.5
      vertex -12.9373 58.1034 15.5
    endloop
  endfacet
  facet normal 0 0 1
    outer loop
      vertex -14.4739 58.7936 15.5
      vertex -12.9373 58.1034 15.5
      vertex -13.1223 58.2646 15.5
    endloop
  endfacet
  facet normal 0 0 1
    outer loop
      vertex -14.4739 58.7936 15.5
      vertex -13.1223 58.2646 15.5
      vertex -13.3222 58.4069 15.5
    endloop
  endfacet
  facet normal 0 0 1
    outer loop
      vertex -14.4739 58.7936 15.5
      vertex -13.3222 58.4069 15.5
      vertex -13.535 58.5288 15.5
    endloop
  endfacet
  facet normal 0 0 1
    outer loop
      vertex -14.4739 58.7936 15.5
      vertex -13.535 58.5288 15.5
      vertex -13.7589 58.6294 15.5
    endloop
  endfacet
  facet normal 0 0 1
    outer loop
      vertex -14.4739 58.7936 15.5
      vertex -13.7589 58.6294 15.5
      vertex -13.9914 58.7074 15.5
    endloop
  endfacet
  facet normal 0 0 1
    outer loop
      vertex -14.4739 58.7936 15.5
      vertex -13.9914 58.7074 15.5
      vertex -14.2305 58.7624 15.5
    endloop
  endfacet
  facet normal 0 0 1
    outer loop
      vertex -14.7191 58.8008 15.5
      vertex -12.2924 57.0739 15.5
      vertex -14.4739 58.7936 15.5
    endloop
  endfacet
  facet normal 0 0 1
    outer loop
      vertex -8.10864 45.8157 15.5
      vertex -14.6473 46.9399 15.5
      vertex -10.0348 42.0355 15.5
    endloop
  endfacet
  facet normal 0 0 1
    outer loop
      vertex -14.6473 46.9399 15.5
      vertex -21.6505 37.8559 15.5
      vertex -10.0348 42.0355 15.5
    endloop
  endfacet
  facet normal 0 -0 1
    outer loop
      vertex -21.6505 37.8559 15.5
      vertex -14.6473 46.9399 15.5
      vertex -27.2603 43.2731 15.5
    endloop
  endfacet
  facet normal 0 0 1
    outer loop
      vertex -11.1004 0.0412372 15.5
      vertex -7.70107 0.107992 15.5
      vertex -7.73813 0.646469 15.5
    endloop
  endfacet
  facet normal 0 0 1
    outer loop
      vertex -7.70107 0.107992 15.5
      vertex -11.1004 0.0412372 15.5
      vertex -7.71696 -0.431521 15.5
    endloop
  endfacet
  facet normal 0 0 1
    outer loop
      vertex -11.1146 0.246834 15.5
      vertex -7.73813 0.646469 15.5
      vertex -7.82779 1.1787 15.5
    endloop
  endfacet
  facet normal -0 0 1
    outer loop
      vertex -11.1065 -0.164766 15.5
      vertex -7.71696 -0.431521 15.5
      vertex -11.1004 0.0412372 15.5
    endloop
  endfacet
  facet normal 0 0 1
    outer loop
      vertex -11.1488 0.450055 15.5
      vertex -7.82779 1.1787 15.5
      vertex -7.96919 1.69959 15.5
    endloop
  endfacet
  facet normal 0 0 1
    outer loop
      vertex -7.71696 -0.431521 15.5
      vertex -11.1065 -0.164766 15.5
      vertex -7.78567 -0.966883 15.5
    endloop
  endfacet
  facet normal 0 0 1
    outer loop
      vertex -7.78567 -0.966883 15.5
      vertex -11.1327 -0.369173 15.5
      vertex -7.90651 -1.49292 15.5
    endloop
  endfacet
  facet normal -0 0 1
    outer loop
      vertex -11.1789 -0.570017 15.5
      vertex -7.90651 -1.49292 15.5
      vertex -11.1327 -0.369173 15.5
    endloop
  endfacet
  facet normal -0 0 1
    outer loop
      vertex -11.2445 -0.765377 15.5
      vertex -8.07832 -2.00458 15.5
      vertex -11.1789 -0.570017 15.5
    endloop
  endfacet
  facet normal 0 0 1
    outer loop
      vertex -8.07832 -2.00458 15.5
      vertex -11.2445 -0.765377 15.5
      vertex -8.29947 -2.49695 15.5
    endloop
  endfacet
  facet normal 0 0 1
    outer loop
      vertex -8.29947 -2.49695 15.5
      vertex -11.3289 -0.95337 15.5
      vertex -8.56782 -2.96526 15.5
    endloop
  endfacet
  facet normal -0 0 1
    outer loop
      vertex -11.4314 -1.13219 15.5
      vertex -8.56782 -2.96526 15.5
      vertex -11.3289 -0.95337 15.5
    endloop
  endfacet
  facet normal -0 0 1
    outer loop
      vertex -11.5508 -1.30009 15.5
      vertex -8.88076 -3.40501 15.5
      vertex -11.4314 -1.13219 15.5
    endloop
  endfacet
  facet normal 0 0 1
    outer loop
      vertex -8.88076 -3.40501 15.5
      vertex -11.5508 -1.30009 15.5
      vertex -9.23531 -3.81197 15.5
    endloop
  endfacet
  facet normal -0 0 1
    outer loop
      vertex -11.1327 -0.369173 15.5
      vertex -7.78567 -0.966883 15.5
      vertex -11.1065 -0.164766 15.5
    endloop
  endfacet
  facet normal 0 0 1
    outer loop
      vertex -7.73813 0.646469 15.5
      vertex -11.1146 0.246834 15.5
      vertex -11.1004 0.0412372 15.5
    endloop
  endfacet
  facet normal 0 0 1
    outer loop
      vertex -7.82779 1.1787 15.5
      vertex -11.1488 0.450055 15.5
      vertex -11.1146 0.246834 15.5
    endloop
  endfacet
  facet normal 0 0 1
    outer loop
      vertex -7.96919 1.69959 15.5
      vertex -11.2028 0.648933 15.5
      vertex -11.1488 0.450055 15.5
    endloop
  endfacet
  facet normal 0 0 1
    outer loop
      vertex -7.96919 1.69959 15.5
      vertex -11.276 0.841559 15.5
      vertex -11.2028 0.648933 15.5
    endloop
  endfacet
  facet normal 0 0 1
    outer loop
      vertex -7.96919 1.69959 15.5
      vertex -11.3678 1.0261 15.5
      vertex -11.276 0.841559 15.5
    endloop
  endfacet
  facet normal 0 0 1
    outer loop
      vertex -7.96919 1.69959 15.5
      vertex -11.4772 1.20074 15.5
      vertex -11.3678 1.0261 15.5
    endloop
  endfacet
  facet normal 0 0 1
    outer loop
      vertex -7.96919 1.69959 15.5
      vertex -11.6032 1.36384 15.5
      vertex -11.4772 1.20074 15.5
    endloop
  endfacet
  facet normal 0 0 1
    outer loop
      vertex -7.96919 1.69959 15.5
      vertex -11.7445 1.51378 15.5
      vertex -11.6032 1.36384 15.5
    endloop
  endfacet
  facet normal 0 0 1
    outer loop
      vertex -7.96919 1.69959 15.5
      vertex -11.8999 1.64915 15.5
      vertex -11.7445 1.51378 15.5
    endloop
  endfacet
  facet normal 0 0 1
    outer loop
      vertex -7.96919 1.69959 15.5
      vertex -12.0678 1.76865 15.5
      vertex -11.8999 1.64915 15.5
    endloop
  endfacet
  facet normal 0 0 1
    outer loop
      vertex -7.96919 1.69959 15.5
      vertex -12.2466 1.87109 15.5
      vertex -12.0678 1.76865 15.5
    endloop
  endfacet
  facet normal 0 0 1
    outer loop
      vertex -7.96919 1.69959 15.5
      vertex -12.4346 1.95555 15.5
      vertex -12.2466 1.87109 15.5
    endloop
  endfacet
  facet normal 0 0 1
    outer loop
      vertex -7.96919 1.69959 15.5
      vertex -12.63 2.02115 15.5
      vertex -12.4346 1.95555 15.5
    endloop
  endfacet
  facet normal 0 0 1
    outer loop
      vertex -7.96919 1.69959 15.5
      vertex -12.8308 2.06728 15.5
      vertex -12.63 2.02115 15.5
    endloop
  endfacet
  facet normal 0 0 1
    outer loop
      vertex -21.6505 37.8559 15.5
      vertex -12.8308 2.06728 15.5
      vertex -7.96919 1.69959 15.5
    endloop
  endfacet
  facet normal 0 0 1
    outer loop
      vertex -18.4308 -1.69959 15.5
      vertex -15.2996 -0.0412372 15.5
      vertex -15.2935 0.164766 15.5
    endloop
  endfacet
  facet normal 0 0 1
    outer loop
      vertex -15.2996 -0.0412372 15.5
      vertex -16.1653 -4.63218 15.5
      vertex -15.6969 -4.90053 15.5
    endloop
  endfacet
  facet normal 0 0 1
    outer loop
      vertex -18.4308 -1.69959 15.5
      vertex -15.2935 0.164766 15.5
      vertex -15.2673 0.369173 15.5
    endloop
  endfacet
  facet normal 0 0 1
    outer loop
      vertex -15.2996 -0.0412372 15.5
      vertex -16.605 -4.31924 15.5
      vertex -16.1653 -4.63218 15.5
    endloop
  endfacet
  facet normal 0 0 1
    outer loop
      vertex -18.4308 -1.69959 15.5
      vertex -15.2673 0.369173 15.5
      vertex -15.2211 0.570017 15.5
    endloop
  endfacet
  facet normal 0 0 1
    outer loop
      vertex -15.2996 -0.0412372 15.5
      vertex -17.012 -3.96469 15.5
      vertex -16.605 -4.31924 15.5
    endloop
  endfacet
  facet normal 0 0 1
    outer loop
      vertex -18.4308 -1.69959 15.5
      vertex -15.2211 0.570017 15.5
      vertex -15.1555 0.765377 15.5
    endloop
  endfacet
  facet normal 0 0 1
    outer loop
      vertex -15.2996 -0.0412372 15.5
      vertex -17.3822 -3.57195 15.5
      vertex -17.012 -3.96469 15.5
    endloop
  endfacet
  facet normal 0 0 1
    outer loop
      vertex -18.4308 -1.69959 15.5
      vertex -15.1555 0.765377 15.5
      vertex -15.0711 0.95337 15.5
    endloop
  endfacet
  facet normal 0 0 1
    outer loop
      vertex -15.2996 -0.0412372 15.5
      vertex -17.7122 -3.14482 15.5
      vertex -17.3822 -3.57195 15.5
    endloop
  endfacet
  facet normal 0 0 1
    outer loop
      vertex -18.4308 -1.69959 15.5
      vertex -15.0711 0.95337 15.5
      vertex -14.9686 1.13219 15.5
    endloop
  endfacet
  facet normal 0 0 1
    outer loop
      vertex -15.2996 -0.0412372 15.5
      vertex -17.9987 -2.6874 15.5
      vertex -17.7122 -3.14482 15.5
    endloop
  endfacet
  facet normal 0 0 1
    outer loop
      vertex -18.4308 -1.69959 15.5
      vertex -14.9686 1.13219 15.5
      vertex -14.8492 1.30009 15.5
    endloop
  endfacet
  facet normal 0 0 1
    outer loop
      vertex -15.2996 -0.0412372 15.5
      vertex -18.239 -2.20412 15.5
      vertex -17.9987 -2.6874 15.5
    endloop
  endfacet
  facet normal 0 0 1
    outer loop
      vertex -18.4308 -1.69959 15.5
      vertex -14.8492 1.30009 15.5
      vertex -14.7138 1.45547 15.5
    endloop
  endfacet
  facet normal 0 0 1
    outer loop
      vertex -15.2996 -0.0412372 15.5
      vertex -18.4308 -1.69959 15.5
      vertex -18.239 -2.20412 15.5
    endloop
  endfacet
  facet normal 0 0 1
    outer loop
      vertex -29.5074 38.8628 15.5
      vertex -14.7138 1.45547 15.5
      vertex -14.5638 1.59685 15.5
    endloop
  endfacet
  facet normal 0 0 1
    outer loop
      vertex -12.8308 2.06728 15.5
      vertex -21.6505 37.8559 15.5
      vertex -13.0352 2.09352 15.5
    endloop
  endfacet
  facet normal 0 0 1
    outer loop
      vertex -21.6505 37.8559 15.5
      vertex -13.2412 2.09959 15.5
      vertex -13.0352 2.09352 15.5
    endloop
  endfacet
  facet normal 0 0 1
    outer loop
      vertex -21.6505 37.8559 15.5
      vertex -13.4468 2.08544 15.5
      vertex -13.2412 2.09959 15.5
    endloop
  endfacet
  facet normal 0 0 1
    outer loop
      vertex -21.6505 37.8559 15.5
      vertex -13.6501 2.05119 15.5
      vertex -13.4468 2.08544 15.5
    endloop
  endfacet
  facet normal 0 0 1
    outer loop
      vertex -21.6505 37.8559 15.5
      vertex -13.8489 1.99721 15.5
      vertex -13.6501 2.05119 15.5
    endloop
  endfacet
  facet normal 0 0 1
    outer loop
      vertex -21.6505 37.8559 15.5
      vertex -14.0416 1.92398 15.5
      vertex -13.8489 1.99721 15.5
    endloop
  endfacet
  facet normal 0 0 1
    outer loop
      vertex -21.6505 37.8559 15.5
      vertex -14.2261 1.83224 15.5
      vertex -14.0416 1.92398 15.5
    endloop
  endfacet
  facet normal 0 0 1
    outer loop
      vertex -21.6505 37.8559 15.5
      vertex -14.4007 1.72284 15.5
      vertex -14.2261 1.83224 15.5
    endloop
  endfacet
  facet normal 0 0 1
    outer loop
      vertex -21.6505 37.8559 15.5
      vertex -14.5638 1.59685 15.5
      vertex -14.4007 1.72284 15.5
    endloop
  endfacet
  facet normal 0 0 1
    outer loop
      vertex -29.5074 38.8628 15.5
      vertex -14.5638 1.59685 15.5
      vertex -21.6505 37.8559 15.5
    endloop
  endfacet
  facet normal -0 0 1
    outer loop
      vertex -29.5074 38.8628 15.5
      vertex -21.6505 37.8559 15.5
      vertex -27.2603 43.2731 15.5
    endloop
  endfacet
  facet normal 0 0 1
    outer loop
      vertex -29.5074 38.8628 15.5
      vertex -27.2603 43.2731 15.5
      vertex -27.5813 43.151 15.5
    endloop
  endfacet
  facet normal 0 0 1
    outer loop
      vertex -29.5074 38.8628 15.5
      vertex -27.5813 43.151 15.5
      vertex -27.8889 42.9981 15.5
    endloop
  endfacet
  facet normal 0 0 1
    outer loop
      vertex -29.5074 38.8628 15.5
      vertex -27.8889 42.9981 15.5
      vertex -28.18 42.8158 15.5
    endloop
  endfacet
  facet normal 0 0 1
    outer loop
      vertex -29.5074 38.8628 15.5
      vertex -28.18 42.8158 15.5
      vertex -28.4518 42.6058 15.5
    endloop
  endfacet
  facet normal 0 0 1
    outer loop
      vertex -29.5074 38.8628 15.5
      vertex -28.4518 42.6058 15.5
      vertex -28.7017 42.3702 15.5
    endloop
  endfacet
  facet normal 0 0 1
    outer loop
      vertex -29.5074 38.8628 15.5
      vertex -28.7017 42.3702 15.5
      vertex -28.9273 42.1112 15.5
    endloop
  endfacet
  facet normal 0 0 1
    outer loop
      vertex -29.5074 38.8628 15.5
      vertex -28.9273 42.1112 15.5
      vertex -29.1265 41.8314 15.5
    endloop
  endfacet
  facet normal 0 0 1
    outer loop
      vertex -29.5074 38.8628 15.5
      vertex -29.1265 41.8314 15.5
      vertex -29.2972 41.5333 15.5
    endloop
  endfacet
  facet normal 0 0 1
    outer loop
      vertex -29.5074 38.8628 15.5
      vertex -29.2972 41.5333 15.5
      vertex -29.438 41.22 15.5
    endloop
  endfacet
  facet normal 0 0 1
    outer loop
      vertex -14.7138 1.45547 15.5
      vertex -29.5074 38.8628 15.5
      vertex -18.4308 -1.69959 15.5
    endloop
  endfacet
  facet normal -0 0 1
    outer loop
      vertex -29.5473 40.8944 15.5
      vertex -29.5074 38.8628 15.5
      vertex -29.438 41.22 15.5
    endloop
  endfacet
  facet normal 0 0 1
    outer loop
      vertex -29.5473 40.8944 15.5
      vertex -29.5974 39.1943 15.5
      vertex -29.5074 38.8628 15.5
    endloop
  endfacet
  facet normal -0 0 1
    outer loop
      vertex -29.6242 40.5597 15.5
      vertex -29.5974 39.1943 15.5
      vertex -29.5473 40.8944 15.5
    endloop
  endfacet
  facet normal 0 0 1
    outer loop
      vertex -29.6242 40.5597 15.5
      vertex -29.6544 39.533 15.5
      vertex -29.5974 39.1943 15.5
    endloop
  endfacet
  facet normal -0 0 1
    outer loop
      vertex -29.6679 40.219 15.5
      vertex -29.6544 39.533 15.5
      vertex -29.6242 40.5597 15.5
    endloop
  endfacet
  facet normal 0 0 1
    outer loop
      vertex -29.6544 39.533 15.5
      vertex -29.6679 40.219 15.5
      vertex -29.678 39.8757 15.5
    endloop
  endfacet
  facet normal 0 0 1
    outer loop
      vertex -7.90651 -1.49292 15.5
      vertex -11.1789 -0.570017 15.5
      vertex -8.07832 -2.00458 15.5
    endloop
  endfacet
  facet normal -0 0 1
    outer loop
      vertex -11.3289 -0.95337 15.5
      vertex -8.29947 -2.49695 15.5
      vertex -11.2445 -0.765377 15.5
    endloop
  endfacet
  facet normal 0 0 1
    outer loop
      vertex -8.56782 -2.96526 15.5
      vertex -11.4314 -1.13219 15.5
      vertex -8.88076 -3.40501 15.5
    endloop
  endfacet
  facet normal -0 0 1
    outer loop
      vertex -11.6862 -1.45547 15.5
      vertex -9.23531 -3.81197 15.5
      vertex -11.5508 -1.30009 15.5
    endloop
  endfacet
  facet normal 0 0 1
    outer loop
      vertex -9.23531 -3.81197 15.5
      vertex -11.6862 -1.45547 15.5
      vertex -9.62805 -4.18223 15.5
    endloop
  endfacet
  facet normal -0 0 1
    outer loop
      vertex -11.8362 -1.59685 15.5
      vertex -9.62805 -4.18223 15.5
      vertex -11.6862 -1.45547 15.5
    endloop
  endfacet
  facet normal 0 0 1
    outer loop
      vertex -9.62805 -4.18223 15.5
      vertex -11.8362 -1.59685 15.5
      vertex -10.0552 -4.51221 15.5
    endloop
  endfacet
  facet normal -0 0 1
    outer loop
      vertex -11.9993 -1.72284 15.5
      vertex -10.0552 -4.51221 15.5
      vertex -11.8362 -1.59685 15.5
    endloop
  endfacet
  facet normal 0 0 1
    outer loop
      vertex -10.0552 -4.51221 15.5
      vertex -11.9993 -1.72284 15.5
      vertex -10.5126 -4.79873 15.5
    endloop
  endfacet
  facet normal -0 0 1
    outer loop
      vertex -12.1739 -1.83224 15.5
      vertex -10.5126 -4.79873 15.5
      vertex -11.9993 -1.72284 15.5
    endloop
  endfacet
  facet normal 0 0 1
    outer loop
      vertex -10.5126 -4.79873 15.5
      vertex -12.1739 -1.83224 15.5
      vertex -10.9959 -5.03903 15.5
    endloop
  endfacet
  facet normal -0 0 1
    outer loop
      vertex -12.3584 -1.92398 15.5
      vertex -10.9959 -5.03903 15.5
      vertex -12.1739 -1.83224 15.5
    endloop
  endfacet
  facet normal 0 0 1
    outer loop
      vertex -10.9959 -5.03903 15.5
      vertex -12.3584 -1.92398 15.5
      vertex -11.5004 -5.23081 15.5
    endloop
  endfacet
  facet normal -0 0 1
    outer loop
      vertex -12.5511 -1.99721 15.5
      vertex -11.5004 -5.23081 15.5
      vertex -12.3584 -1.92398 15.5
    endloop
  endfacet
  facet normal 0 0 1
    outer loop
      vertex -11.5004 -5.23081 15.5
      vertex -12.5511 -1.99721 15.5
      vertex -12.0213 -5.37221 15.5
    endloop
  endfacet
  facet normal -0 0 1
    outer loop
      vertex -12.7499 -2.05119 15.5
      vertex -12.0213 -5.37221 15.5
      vertex -12.5511 -1.99721 15.5
    endloop
  endfacet
  facet normal 0 0 1
    outer loop
      vertex -12.0213 -5.37221 15.5
      vertex -12.7499 -2.05119 15.5
      vertex -12.5535 -5.46187 15.5
    endloop
  endfacet
  facet normal -0 0 1
    outer loop
      vertex -12.9532 -2.08544 15.5
      vertex -12.5535 -5.46187 15.5
      vertex -12.7499 -2.05119 15.5
    endloop
  endfacet
  facet normal 0 0 1
    outer loop
      vertex -12.9532 -2.08544 15.5
      vertex -13.092 -5.49893 15.5
      vertex -12.5535 -5.46187 15.5
    endloop
  endfacet
  facet normal -0 0 1
    outer loop
      vertex -13.1588 -2.09959 15.5
      vertex -13.092 -5.49893 15.5
      vertex -12.9532 -2.08544 15.5
    endloop
  endfacet
  facet normal 0 0 1
    outer loop
      vertex -13.3648 -2.09352 15.5
      vertex -13.092 -5.49893 15.5
      vertex -13.1588 -2.09959 15.5
    endloop
  endfacet
  facet normal 0 0 1
    outer loop
      vertex -13.6315 -5.48304 15.5
      vertex -13.3648 -2.09352 15.5
      vertex -13.5692 -2.06728 15.5
    endloop
  endfacet
  facet normal 0 0 1
    outer loop
      vertex -13.3648 -2.09352 15.5
      vertex -13.6315 -5.48304 15.5
      vertex -13.092 -5.49893 15.5
    endloop
  endfacet
  facet normal 0 0 1
    outer loop
      vertex -14.1669 -5.41434 15.5
      vertex -13.5692 -2.06728 15.5
      vertex -13.77 -2.02115 15.5
    endloop
  endfacet
  facet normal 0 0 1
    outer loop
      vertex -14.6929 -5.29349 15.5
      vertex -13.77 -2.02115 15.5
      vertex -13.9654 -1.95555 15.5
    endloop
  endfacet
  facet normal 0 0 1
    outer loop
      vertex -15.2046 -5.12168 15.5
      vertex -13.9654 -1.95555 15.5
      vertex -14.1534 -1.87109 15.5
    endloop
  endfacet
  facet normal 0 0 1
    outer loop
      vertex -13.5692 -2.06728 15.5
      vertex -14.1669 -5.41434 15.5
      vertex -13.6315 -5.48304 15.5
    endloop
  endfacet
  facet normal 0 0 1
    outer loop
      vertex -15.6969 -4.90053 15.5
      vertex -14.1534 -1.87109 15.5
      vertex -14.3322 -1.76865 15.5
    endloop
  endfacet
  facet normal 0 0 1
    outer loop
      vertex -15.6969 -4.90053 15.5
      vertex -14.3322 -1.76865 15.5
      vertex -14.5001 -1.64915 15.5
    endloop
  endfacet
  facet normal 0 0 1
    outer loop
      vertex -15.6969 -4.90053 15.5
      vertex -14.5001 -1.64915 15.5
      vertex -14.6555 -1.51378 15.5
    endloop
  endfacet
  facet normal 0 0 1
    outer loop
      vertex -13.77 -2.02115 15.5
      vertex -14.6929 -5.29349 15.5
      vertex -14.1669 -5.41434 15.5
    endloop
  endfacet
  facet normal 0 0 1
    outer loop
      vertex -15.6969 -4.90053 15.5
      vertex -14.6555 -1.51378 15.5
      vertex -14.7968 -1.36384 15.5
    endloop
  endfacet
  facet normal 0 0 1
    outer loop
      vertex -15.6969 -4.90053 15.5
      vertex -14.7968 -1.36384 15.5
      vertex -14.9228 -1.20074 15.5
    endloop
  endfacet
  facet normal 0 0 1
    outer loop
      vertex -15.6969 -4.90053 15.5
      vertex -14.9228 -1.20074 15.5
      vertex -15.0322 -1.0261 15.5
    endloop
  endfacet
  facet normal 0 0 1
    outer loop
      vertex -15.6969 -4.90053 15.5
      vertex -15.0322 -1.0261 15.5
      vertex -15.124 -0.841559 15.5
    endloop
  endfacet
  facet normal 0 0 1
    outer loop
      vertex -15.6969 -4.90053 15.5
      vertex -15.124 -0.841559 15.5
      vertex -15.1972 -0.648933 15.5
    endloop
  endfacet
  facet normal 0 0 1
    outer loop
      vertex -13.9654 -1.95555 15.5
      vertex -15.2046 -5.12168 15.5
      vertex -14.6929 -5.29349 15.5
    endloop
  endfacet
  facet normal 0 0 1
    outer loop
      vertex -15.6969 -4.90053 15.5
      vertex -15.1972 -0.648933 15.5
      vertex -15.2512 -0.450055 15.5
    endloop
  endfacet
  facet normal 0 0 1
    outer loop
      vertex -15.6969 -4.90053 15.5
      vertex -15.2512 -0.450055 15.5
      vertex -15.2854 -0.246834 15.5
    endloop
  endfacet
  facet normal 0 0 1
    outer loop
      vertex -15.6969 -4.90053 15.5
      vertex -15.2854 -0.246834 15.5
      vertex -15.2996 -0.0412372 15.5
    endloop
  endfacet
  facet normal 0 0 1
    outer loop
      vertex -14.1534 -1.87109 15.5
      vertex -15.6969 -4.90053 15.5
      vertex -15.2046 -5.12168 15.5
    endloop
  endfacet
  facet normal 0.935281 0.353906 0
    outer loop
      vertex -21.6505 37.8559 15.5
      vertex -11.9861 12.3154 9.5
      vertex -21.6505 37.8559 9.5
    endloop
  endfacet
  facet normal 0.935282 0.353904 6.65796e-06
    outer loop
      vertex -7.96919 1.69959 15.5
      vertex -11.9861 12.3154 9.5
      vertex -21.6505 37.8559 15.5
    endloop
  endfacet
  facet normal 0.935283 0.353901 0
    outer loop
      vertex -11.9861 12.3154 9.5
      vertex -7.96919 1.69959 15.5
      vertex -7.96919 1.69959 9.5
    endloop
  endfacet
  facet normal 0.338572 -0.94094 0
    outer loop
      vertex -21.6505 37.8559 9.5
      vertex -10.0348 42.0355 15.5
      vertex -21.6505 37.8559 15.5
    endloop
  endfacet
  facet normal 0.338572 -0.94094 0
    outer loop
      vertex -10.0348 42.0355 15.5
      vertex -21.6505 37.8559 9.5
      vertex -10.0348 42.0355 9.5
    endloop
  endfacet
  facet normal 0.355255 -0.934769 0
    outer loop
      vertex -10.0348 42.0355 9.5
      vertex -9.75957 42.1401 15.5
      vertex -10.0348 42.0355 15.5
    endloop
  endfacet
  facet normal 0.355255 -0.934769 0
    outer loop
      vertex -9.75957 42.1401 15.5
      vertex -10.0348 42.0355 9.5
      vertex -9.75957 42.1401 9.5
    endloop
  endfacet
  facet normal 0.445011 -0.895525 0
    outer loop
      vertex -9.75957 42.1401 9.5
      vertex -9.49595 42.2711 15.5
      vertex -9.75957 42.1401 15.5
    endloop
  endfacet
  facet normal 0.445011 -0.895525 0
    outer loop
      vertex -9.49595 42.2711 15.5
      vertex -9.75957 42.1401 9.5
      vertex -9.49595 42.2711 9.5
    endloop
  endfacet
  facet normal 0.530884 -0.847444 0
    outer loop
      vertex -9.49595 42.2711 9.5
      vertex -9.24645 42.4274 15.5
      vertex -9.49595 42.2711 15.5
    endloop
  endfacet
  facet normal 0.530884 -0.847444 0
    outer loop
      vertex -9.24645 42.4274 15.5
      vertex -9.49595 42.2711 9.5
      vertex -9.24645 42.4274 9.5
    endloop
  endfacet
  facet normal 0.611384 -0.791334 0
    outer loop
      vertex -9.24645 42.4274 9.5
      vertex -9.01347 42.6074 15.5
      vertex -9.24645 42.4274 15.5
    endloop
  endfacet
  facet normal 0.611384 -0.791334 0
    outer loop
      vertex -9.01347 42.6074 15.5
      vertex -9.24645 42.4274 9.5
      vertex -9.01347 42.6074 9.5
    endloop
  endfacet
  facet normal 0.686051 -0.727554 0
    outer loop
      vertex -9.01347 42.6074 9.5
      vertex -8.79925 42.8094 15.5
      vertex -9.01347 42.6074 15.5
    endloop
  endfacet
  facet normal 0.686051 -0.727554 0
    outer loop
      vertex -8.79925 42.8094 15.5
      vertex -9.01347 42.6074 9.5
      vertex -8.79925 42.8094 9.5
    endloop
  endfacet
  facet normal 0.754022 -0.656849 0
    outer loop
      vertex -8.79925 42.8094 15.5
      vertex -8.60586 43.0314 9.5
      vertex -8.60586 43.0314 15.5
    endloop
  endfacet
  facet normal 0.754022 -0.656849 0
    outer loop
      vertex -8.60586 43.0314 9.5
      vertex -8.79925 42.8094 15.5
      vertex -8.79925 42.8094 9.5
    endloop
  endfacet
  facet normal 0.814674 -0.57992 0
    outer loop
      vertex -8.60586 43.0314 15.5
      vertex -8.43516 43.2712 9.5
      vertex -8.43516 43.2712 15.5
    endloop
  endfacet
  facet normal 0.814674 -0.57992 0
    outer loop
      vertex -8.43516 43.2712 9.5
      vertex -8.60586 43.0314 15.5
      vertex -8.60586 43.0314 9.5
    endloop
  endfacet
  facet normal 0.867716 -0.49706 0
    outer loop
      vertex -8.43516 43.2712 15.5
      vertex -8.2888 43.5267 9.5
      vertex -8.2888 43.5267 15.5
    endloop
  endfacet
  facet normal 0.867716 -0.49706 0
    outer loop
      vertex -8.2888 43.5267 9.5
      vertex -8.43516 43.2712 15.5
      vertex -8.43516 43.2712 9.5
    endloop
  endfacet
  facet normal 0.912157 -0.409842 0
    outer loop
      vertex -8.2888 43.5267 15.5
      vertex -8.16816 43.7952 9.5
      vertex -8.16816 43.7952 15.5
    endloop
  endfacet
  facet normal 0.912157 -0.409842 0
    outer loop
      vertex -8.16816 43.7952 9.5
      vertex -8.2888 43.5267 15.5
      vertex -8.2888 43.5267 9.5
    endloop
  endfacet
  facet normal 0.947992 -0.318296 0
    outer loop
      vertex -8.16816 43.7952 15.5
      vertex -8.07445 44.0743 9.5
      vertex -8.07445 44.0743 15.5
    endloop
  endfacet
  facet normal 0.947992 -0.318296 0
    outer loop
      vertex -8.07445 44.0743 9.5
      vertex -8.16816 43.7952 15.5
      vertex -8.16816 43.7952 9.5
    endloop
  endfacet
  facet normal 0.974612 -0.223899 0
    outer loop
      vertex -8.07445 44.0743 15.5
      vertex -8.00854 44.3612 9.5
      vertex -8.00854 44.3612 15.5
    endloop
  endfacet
  facet normal 0.974612 -0.223899 0
    outer loop
      vertex -8.00854 44.3612 9.5
      vertex -8.07445 44.0743 15.5
      vertex -8.07445 44.0743 9.5
    endloop
  endfacet
  facet normal 0.991868 -0.127269 0
    outer loop
      vertex -8.00854 44.3612 15.5
      vertex -7.97106 44.6533 9.5
      vertex -7.97106 44.6533 15.5
    endloop
  endfacet
  facet normal 0.991868 -0.127269 0
    outer loop
      vertex -7.97106 44.6533 9.5
      vertex -8.00854 44.3612 15.5
      vertex -8.00854 44.3612 9.5
    endloop
  endfacet
  facet normal 0.999566 -0.029457 0
    outer loop
      vertex -7.97106 44.6533 15.5
      vertex -7.96239 44.9475 9.5
      vertex -7.96239 44.9475 15.5
    endloop
  endfacet
  facet normal 0.999566 -0.029457 0
    outer loop
      vertex -7.96239 44.9475 9.5
      vertex -7.97106 44.6533 15.5
      vertex -7.97106 44.6533 9.5
    endloop
  endfacet
  facet normal 0.997641 0.0686494 0
    outer loop
      vertex -7.96239 44.9475 15.5
      vertex -7.9826 45.2412 9.5
      vertex -7.9826 45.2412 15.5
    endloop
  endfacet
  facet normal 0.997641 0.0686494 0
    outer loop
      vertex -7.9826 45.2412 9.5
      vertex -7.96239 44.9475 15.5
      vertex -7.96239 44.9475 9.5
    endloop
  endfacet
  facet normal 0.986106 0.166117 0
    outer loop
      vertex -7.9826 45.2412 15.5
      vertex -8.03152 45.5316 9.5
      vertex -8.03152 45.5316 15.5
    endloop
  endfacet
  facet normal 0.986106 0.166117 0
    outer loop
      vertex -8.03152 45.5316 9.5
      vertex -7.9826 45.2412 15.5
      vertex -7.9826 45.2412 9.5
    endloop
  endfacet
  facet normal 0.965075 0.261973 0
    outer loop
      vertex -8.03152 45.5316 15.5
      vertex -8.10864 45.8157 9.5
      vertex -8.10864 45.8157 15.5
    endloop
  endfacet
  facet normal 0.965075 0.261973 0
    outer loop
      vertex -8.10864 45.8157 9.5
      vertex -8.03152 45.5316 15.5
      vertex -8.03152 45.5316 9.5
    endloop
  endfacet
  facet normal 0.937367 0.348343 0
    outer loop
      vertex -8.10864 45.8157 15.5
      vertex -12.2924 57.0739 9.5
      vertex -12.2924 57.0739 15.5
    endloop
  endfacet
  facet normal 0.937367 0.348343 0
    outer loop
      vertex -12.2924 57.0739 9.5
      vertex -8.10864 45.8157 15.5
      vertex -8.10864 45.8157 9.5
    endloop
  endfacet
  facet normal 0.93483 0.355097 0
    outer loop
      vertex -12.2924 57.0739 15.5
      vertex -12.3795 57.3032 9.5
      vertex -12.3795 57.3032 15.5
    endloop
  endfacet
  facet normal 0.93483 0.355097 0
    outer loop
      vertex -12.3795 57.3032 9.5
      vertex -12.2924 57.0739 15.5
      vertex -12.2924 57.0739 9.5
    endloop
  endfacet
  facet normal 0.895322 0.44542 0
    outer loop
      vertex -12.3795 57.3032 15.5
      vertex -12.4888 57.5229 9.5
      vertex -12.4888 57.5229 15.5
    endloop
  endfacet
  facet normal 0.895322 0.44542 0
    outer loop
      vertex -12.4888 57.5229 9.5
      vertex -12.3795 57.3032 15.5
      vertex -12.3795 57.3032 9.5
    endloop
  endfacet
  facet normal 0.847517 0.530768 0
    outer loop
      vertex -12.4888 57.5229 15.5
      vertex -12.619 57.7308 9.5
      vertex -12.619 57.7308 15.5
    endloop
  endfacet
  facet normal 0.847517 0.530768 0
    outer loop
      vertex -12.619 57.7308 9.5
      vertex -12.4888 57.5229 15.5
      vertex -12.4888 57.5229 9.5
    endloop
  endfacet
  facet normal 0.791258 0.611482 0
    outer loop
      vertex -12.619 57.7308 15.5
      vertex -12.769 57.9249 9.5
      vertex -12.769 57.9249 15.5
    endloop
  endfacet
  facet normal 0.791258 0.611482 0
    outer loop
      vertex -12.769 57.9249 9.5
      vertex -12.619 57.7308 15.5
      vertex -12.619 57.7308 9.5
    endloop
  endfacet
  facet normal 0.727589 0.686013 0
    outer loop
      vertex -12.769 57.9249 15.5
      vertex -12.9373 58.1034 9.5
      vertex -12.9373 58.1034 15.5
    endloop
  endfacet
  facet normal 0.727589 0.686013 0
    outer loop
      vertex -12.9373 58.1034 9.5
      vertex -12.769 57.9249 15.5
      vertex -12.769 57.9249 9.5
    endloop
  endfacet
  facet normal 0.656945 0.753938 -0
    outer loop
      vertex -12.9373 58.1034 9.5
      vertex -13.1223 58.2646 15.5
      vertex -12.9373 58.1034 15.5
    endloop
  endfacet
  facet normal 0.656945 0.753938 0
    outer loop
      vertex -13.1223 58.2646 15.5
      vertex -12.9373 58.1034 9.5
      vertex -13.1223 58.2646 9.5
    endloop
  endfacet
  facet normal 0.579927 0.814669 -0
    outer loop
      vertex -13.1223 58.2646 9.5
      vertex -13.3222 58.4069 15.5
      vertex -13.1223 58.2646 15.5
    endloop
  endfacet
  facet normal 0.579927 0.814669 0
    outer loop
      vertex -13.3222 58.4069 15.5
      vertex -13.1223 58.2646 9.5
      vertex -13.3222 58.4069 9.5
    endloop
  endfacet
  facet normal 0.497061 0.867716 -0
    outer loop
      vertex -13.3222 58.4069 9.5
      vertex -13.535 58.5288 15.5
      vertex -13.3222 58.4069 15.5
    endloop
  endfacet
  facet normal 0.497061 0.867716 0
    outer loop
      vertex -13.535 58.5288 15.5
      vertex -13.3222 58.4069 9.5
      vertex -13.535 58.5288 9.5
    endloop
  endfacet
  facet normal 0.409839 0.912158 -0
    outer loop
      vertex -13.535 58.5288 9.5
      vertex -13.7589 58.6294 15.5
      vertex -13.535 58.5288 15.5
    endloop
  endfacet
  facet normal 0.409839 0.912158 0
    outer loop
      vertex -13.7589 58.6294 15.5
      vertex -13.535 58.5288 9.5
      vertex -13.7589 58.6294 9.5
    endloop
  endfacet
  facet normal 0.318062 0.94807 -0
    outer loop
      vertex -13.7589 58.6294 9.5
      vertex -13.9914 58.7074 15.5
      vertex -13.7589 58.6294 15.5
    endloop
  endfacet
  facet normal 0.318062 0.94807 0
    outer loop
      vertex -13.9914 58.7074 15.5
      vertex -13.7589 58.6294 9.5
      vertex -13.9914 58.7074 9.5
    endloop
  endfacet
  facet normal 0.224175 0.974549 -0
    outer loop
      vertex -13.9914 58.7074 9.5
      vertex -14.2305 58.7624 15.5
      vertex -13.9914 58.7074 15.5
    endloop
  endfacet
  facet normal 0.224175 0.974549 0
    outer loop
      vertex -14.2305 58.7624 15.5
      vertex -13.9914 58.7074 9.5
      vertex -14.2305 58.7624 9.5
    endloop
  endfacet
  facet normal 0.127144 0.991884 -0
    outer loop
      vertex -14.2305 58.7624 9.5
      vertex -14.4739 58.7936 15.5
      vertex -14.2305 58.7624 15.5
    endloop
  endfacet
  facet normal 0.127144 0.991884 0
    outer loop
      vertex -14.4739 58.7936 15.5
      vertex -14.2305 58.7624 9.5
      vertex -14.4739 58.7936 9.5
    endloop
  endfacet
  facet normal 0.0293511 0.999569 -0
    outer loop
      vertex -14.4739 58.7936 9.5
      vertex -14.7191 58.8008 15.5
      vertex -14.4739 58.7936 15.5
    endloop
  endfacet
  facet normal 0.0293511 0.999569 0
    outer loop
      vertex -14.7191 58.8008 15.5
      vertex -14.4739 58.7936 9.5
      vertex -14.7191 58.8008 9.5
    endloop
  endfacet
  facet normal -0.0684664 0.997653 0
    outer loop
      vertex -14.7191 58.8008 9.5
      vertex -14.9639 58.784 15.5
      vertex -14.7191 58.8008 15.5
    endloop
  endfacet
  facet normal -0.0684664 0.997653 0
    outer loop
      vertex -14.9639 58.784 15.5
      vertex -14.7191 58.8008 9.5
      vertex -14.9639 58.784 9.5
    endloop
  endfacet
  facet normal -0.166316 0.986073 0
    outer loop
      vertex -14.9639 58.784 9.5
      vertex -15.2058 58.7432 15.5
      vertex -14.9639 58.784 15.5
    endloop
  endfacet
  facet normal -0.166316 0.986073 0
    outer loop
      vertex -15.2058 58.7432 15.5
      vertex -14.9639 58.784 9.5
      vertex -15.2058 58.7432 9.5
    endloop
  endfacet
  facet normal -0.261669 0.965158 0
    outer loop
      vertex -15.2058 58.7432 9.5
      vertex -15.4426 58.679 15.5
      vertex -15.2058 58.7432 15.5
    endloop
  endfacet
  facet normal -0.261669 0.965158 0
    outer loop
      vertex -15.4426 58.679 15.5
      vertex -15.2058 58.7432 9.5
      vertex -15.4426 58.679 9.5
    endloop
  endfacet
  facet normal -0.355453 0.934694 0
    outer loop
      vertex -15.4426 58.679 9.5
      vertex -15.6719 58.5918 15.5
      vertex -15.4426 58.679 15.5
    endloop
  endfacet
  facet normal -0.355453 0.934694 0
    outer loop
      vertex -15.6719 58.5918 15.5
      vertex -15.4426 58.679 9.5
      vertex -15.6719 58.5918 9.5
    endloop
  endfacet
  facet normal -0.44542 0.895322 0
    outer loop
      vertex -15.6719 58.5918 9.5
      vertex -15.8916 58.4825 15.5
      vertex -15.6719 58.5918 15.5
    endloop
  endfacet
  facet normal -0.44542 0.895322 0
    outer loop
      vertex -15.8916 58.4825 15.5
      vertex -15.6719 58.5918 9.5
      vertex -15.8916 58.4825 9.5
    endloop
  endfacet
  facet normal -0.530768 0.847517 0
    outer loop
      vertex -15.8916 58.4825 9.5
      vertex -16.0995 58.3523 15.5
      vertex -15.8916 58.4825 15.5
    endloop
  endfacet
  facet normal -0.530768 0.847517 0
    outer loop
      vertex -16.0995 58.3523 15.5
      vertex -15.8916 58.4825 9.5
      vertex -16.0995 58.3523 9.5
    endloop
  endfacet
  facet normal -0.611482 0.791258 0
    outer loop
      vertex -16.0995 58.3523 9.5
      vertex -16.2936 58.2023 15.5
      vertex -16.0995 58.3523 15.5
    endloop
  endfacet
  facet normal -0.611482 0.791258 0
    outer loop
      vertex -16.2936 58.2023 15.5
      vertex -16.0995 58.3523 9.5
      vertex -16.2936 58.2023 9.5
    endloop
  endfacet
  facet normal -0.686013 0.727589 0
    outer loop
      vertex -16.2936 58.2023 9.5
      vertex -16.4721 58.034 15.5
      vertex -16.2936 58.2023 15.5
    endloop
  endfacet
  facet normal -0.686013 0.727589 0
    outer loop
      vertex -16.4721 58.034 15.5
      vertex -16.2936 58.2023 9.5
      vertex -16.4721 58.034 9.5
    endloop
  endfacet
  facet normal -0.753938 0.656945 0
    outer loop
      vertex -16.6333 57.849 9.5
      vertex -16.4721 58.034 15.5
      vertex -16.4721 58.034 9.5
    endloop
  endfacet
  facet normal -0.753938 0.656945 0
    outer loop
      vertex -16.4721 58.034 15.5
      vertex -16.6333 57.849 9.5
      vertex -16.6333 57.849 15.5
    endloop
  endfacet
  facet normal -0.814532 0.580119 0
    outer loop
      vertex -16.7756 57.6492 9.5
      vertex -16.6333 57.849 15.5
      vertex -16.6333 57.849 9.5
    endloop
  endfacet
  facet normal -0.814532 0.580119 0
    outer loop
      vertex -16.6333 57.849 15.5
      vertex -16.7756 57.6492 9.5
      vertex -16.7756 57.6492 15.5
    endloop
  endfacet
  facet normal -0.867816 0.496885 0
    outer loop
      vertex -16.8975 57.4363 9.5
      vertex -16.7756 57.6492 15.5
      vertex -16.7756 57.6492 9.5
    endloop
  endfacet
  facet normal -0.867816 0.496885 0
    outer loop
      vertex -16.7756 57.6492 15.5
      vertex -16.8975 57.4363 9.5
      vertex -16.8975 57.4363 15.5
    endloop
  endfacet
  facet normal -0.912089 0.409992 0
    outer loop
      vertex -16.9981 57.2125 9.5
      vertex -16.8975 57.4363 15.5
      vertex -16.8975 57.4363 9.5
    endloop
  endfacet
  facet normal -0.912089 0.409992 0
    outer loop
      vertex -16.8975 57.4363 15.5
      vertex -16.9981 57.2125 9.5
      vertex -16.9981 57.2125 15.5
    endloop
  endfacet
  facet normal -0.948111 0.317939 0
    outer loop
      vertex -17.0761 56.9799 9.5
      vertex -16.9981 57.2125 15.5
      vertex -16.9981 57.2125 9.5
    endloop
  endfacet
  facet normal -0.948111 0.317939 0
    outer loop
      vertex -16.9981 57.2125 15.5
      vertex -17.0761 56.9799 9.5
      vertex -17.0761 56.9799 15.5
    endloop
  endfacet
  facet normal -0.974549 0.224175 0
    outer loop
      vertex -17.1311 56.7408 9.5
      vertex -17.0761 56.9799 15.5
      vertex -17.0761 56.9799 9.5
    endloop
  endfacet
  facet normal -0.974549 0.224175 0
    outer loop
      vertex -17.0761 56.9799 15.5
      vertex -17.1311 56.7408 9.5
      vertex -17.1311 56.7408 15.5
    endloop
  endfacet
  facet normal -0.991878 0.127195 0
    outer loop
      vertex -17.1623 56.4975 9.5
      vertex -17.1311 56.7408 15.5
      vertex -17.1311 56.7408 9.5
    endloop
  endfacet
  facet normal -0.991878 0.127195 0
    outer loop
      vertex -17.1311 56.7408 15.5
      vertex -17.1623 56.4975 9.5
      vertex -17.1623 56.4975 15.5
    endloop
  endfacet
  facet normal -0.99957 0.0293392 0
    outer loop
      vertex -17.1695 56.2522 9.5
      vertex -17.1623 56.4975 15.5
      vertex -17.1623 56.4975 9.5
    endloop
  endfacet
  facet normal -0.99957 0.0293392 0
    outer loop
      vertex -17.1623 56.4975 15.5
      vertex -17.1695 56.2522 9.5
      vertex -17.1695 56.2522 15.5
    endloop
  endfacet
  facet normal -0.997652 -0.0684943 0
    outer loop
      vertex -17.1527 56.0075 9.5
      vertex -17.1695 56.2522 15.5
      vertex -17.1695 56.2522 9.5
    endloop
  endfacet
  facet normal -0.997652 -0.0684943 0
    outer loop
      vertex -17.1695 56.2522 15.5
      vertex -17.1527 56.0075 9.5
      vertex -17.1527 56.0075 15.5
    endloop
  endfacet
  facet normal -0.986084 -0.166249 0
    outer loop
      vertex -17.1119 55.7655 9.5
      vertex -17.1527 56.0075 15.5
      vertex -17.1527 56.0075 9.5
    endloop
  endfacet
  facet normal -0.986084 -0.166249 0
    outer loop
      vertex -17.1527 56.0075 15.5
      vertex -17.1119 55.7655 9.5
      vertex -17.1119 55.7655 15.5
    endloop
  endfacet
  facet normal -0.96513 -0.261772 0
    outer loop
      vertex -17.0477 55.5288 9.5
      vertex -17.1119 55.7655 15.5
      vertex -17.1119 55.7655 9.5
    endloop
  endfacet
  facet normal -0.96513 -0.261772 0
    outer loop
      vertex -17.1119 55.7655 15.5
      vertex -17.0477 55.5288 9.5
      vertex -17.0477 55.5288 15.5
    endloop
  endfacet
  facet normal -0.963095 -0.269163 0
    outer loop
      vertex -14.6473 46.9399 9.5
      vertex -17.0477 55.5288 15.5
      vertex -17.0477 55.5288 9.5
    endloop
  endfacet
  facet normal -0.963095 -0.269163 0
    outer loop
      vertex -17.0477 55.5288 15.5
      vertex -14.6473 46.9399 9.5
      vertex -14.6473 46.9399 15.5
    endloop
  endfacet
  facet normal -0.279159 0.960245 0
    outer loop
      vertex -14.6473 46.9399 9.5
      vertex -27.2603 43.2731 15.5
      vertex -14.6473 46.9399 15.5
    endloop
  endfacet
  facet normal -0.279159 0.960245 0
    outer loop
      vertex -27.2603 43.2731 15.5
      vertex -14.6473 46.9399 9.5
      vertex -27.2603 43.2731 9.5
    endloop
  endfacet
  facet normal -0.355523 0.934668 0
    outer loop
      vertex -27.2603 43.2731 9.5
      vertex -27.5813 43.151 15.5
      vertex -27.2603 43.2731 15.5
    endloop
  endfacet
  facet normal -0.355523 0.934668 0
    outer loop
      vertex -27.5813 43.151 15.5
      vertex -27.2603 43.2731 9.5
      vertex -27.5813 43.151 9.5
    endloop
  endfacet
  facet normal -0.445116 0.895473 0
    outer loop
      vertex -27.5813 43.151 9.5
      vertex -27.8889 42.9981 15.5
      vertex -27.5813 43.151 15.5
    endloop
  endfacet
  facet normal -0.445116 0.895473 0
    outer loop
      vertex -27.8889 42.9981 15.5
      vertex -27.5813 43.151 9.5
      vertex -27.8889 42.9981 9.5
    endloop
  endfacet
  facet normal -0.530758 0.847524 0
    outer loop
      vertex -27.8889 42.9981 9.5
      vertex -28.18 42.8158 15.5
      vertex -27.8889 42.9981 15.5
    endloop
  endfacet
  facet normal -0.530758 0.847524 0
    outer loop
      vertex -28.18 42.8158 15.5
      vertex -27.8889 42.9981 9.5
      vertex -28.18 42.8158 9.5
    endloop
  endfacet
  facet normal -0.611398 0.791323 0
    outer loop
      vertex -28.18 42.8158 9.5
      vertex -28.4518 42.6058 15.5
      vertex -28.18 42.8158 15.5
    endloop
  endfacet
  facet normal -0.611398 0.791323 0
    outer loop
      vertex -28.4518 42.6058 15.5
      vertex -28.18 42.8158 9.5
      vertex -28.4518 42.6058 9.5
    endloop
  endfacet
  facet normal -0.685982 0.727618 0
    outer loop
      vertex -28.4518 42.6058 9.5
      vertex -28.7017 42.3702 15.5
      vertex -28.4518 42.6058 15.5
    endloop
  endfacet
  facet normal -0.685982 0.727618 0
    outer loop
      vertex -28.7017 42.3702 15.5
      vertex -28.4518 42.6058 9.5
      vertex -28.7017 42.3702 9.5
    endloop
  endfacet
  facet normal -0.754054 0.656813 0
    outer loop
      vertex -28.9273 42.1112 9.5
      vertex -28.7017 42.3702 15.5
      vertex -28.7017 42.3702 9.5
    endloop
  endfacet
  facet normal -0.754054 0.656813 0
    outer loop
      vertex -28.7017 42.3702 15.5
      vertex -28.9273 42.1112 9.5
      vertex -28.9273 42.1112 15.5
    endloop
  endfacet
  facet normal -0.814637 0.579971 0
    outer loop
      vertex -29.1265 41.8314 9.5
      vertex -28.9273 42.1112 15.5
      vertex -28.9273 42.1112 9.5
    endloop
  endfacet
  facet normal -0.814637 0.579971 0
    outer loop
      vertex -28.9273 42.1112 15.5
      vertex -29.1265 41.8314 9.5
      vertex -29.1265 41.8314 15.5
    endloop
  endfacet
  facet normal -0.867795 0.496922 0
    outer loop
      vertex -29.2972 41.5333 9.5
      vertex -29.1265 41.8314 15.5
      vertex -29.1265 41.8314 9.5
    endloop
  endfacet
  facet normal -0.867795 0.496922 0
    outer loop
      vertex -29.1265 41.8314 15.5
      vertex -29.2972 41.5333 9.5
      vertex -29.2972 41.5333 15.5
    endloop
  endfacet
  facet normal -0.912123 0.409917 0
    outer loop
      vertex -29.438 41.22 9.5
      vertex -29.2972 41.5333 15.5
      vertex -29.2972 41.5333 9.5
    endloop
  endfacet
  facet normal -0.912123 0.409917 0
    outer loop
      vertex -29.2972 41.5333 15.5
      vertex -29.438 41.22 9.5
      vertex -29.438 41.22 15.5
    endloop
  endfacet
  facet normal -0.948012 0.318236 0
    outer loop
      vertex -29.5473 40.8944 9.5
      vertex -29.438 41.22 15.5
      vertex -29.438 41.22 9.5
    endloop
  endfacet
  facet normal -0.948012 0.318236 0
    outer loop
      vertex -29.438 41.22 15.5
      vertex -29.5473 40.8944 9.5
      vertex -29.5473 40.8944 15.5
    endloop
  endfacet
  facet normal -0.974607 0.223924 0
    outer loop
      vertex -29.6242 40.5597 9.5
      vertex -29.5473 40.8944 15.5
      vertex -29.5473 40.8944 9.5
    endloop
  endfacet
  facet normal -0.974607 0.223924 0
    outer loop
      vertex -29.5473 40.8944 15.5
      vertex -29.6242 40.5597 9.5
      vertex -29.6242 40.5597 15.5
    endloop
  endfacet
  facet normal -0.991874 0.127223 0
    outer loop
      vertex -29.6679 40.219 9.5
      vertex -29.6242 40.5597 15.5
      vertex -29.6242 40.5597 9.5
    endloop
  endfacet
  facet normal -0.991874 0.127223 0
    outer loop
      vertex -29.6242 40.5597 15.5
      vertex -29.6679 40.219 9.5
      vertex -29.6679 40.219 15.5
    endloop
  endfacet
  facet normal -0.999568 0.0294076 0
    outer loop
      vertex -29.678 39.8757 9.5
      vertex -29.6679 40.219 15.5
      vertex -29.6679 40.219 9.5
    endloop
  endfacet
  facet normal -0.999568 0.0294076 0
    outer loop
      vertex -29.6679 40.219 15.5
      vertex -29.678 39.8757 9.5
      vertex -29.678 39.8757 15.5
    endloop
  endfacet
  facet normal -0.997637 -0.0687022 0
    outer loop
      vertex -29.6544 39.533 9.5
      vertex -29.678 39.8757 15.5
      vertex -29.678 39.8757 9.5
    endloop
  endfacet
  facet normal -0.997637 -0.0687022 0
    outer loop
      vertex -29.678 39.8757 15.5
      vertex -29.6544 39.533 9.5
      vertex -29.6544 39.533 15.5
    endloop
  endfacet
  facet normal -0.986133 -0.165957 0
    outer loop
      vertex -29.5974 39.1943 9.5
      vertex -29.6544 39.533 15.5
      vertex -29.6544 39.533 9.5
    endloop
  endfacet
  facet normal -0.986133 -0.165957 0
    outer loop
      vertex -29.6544 39.533 15.5
      vertex -29.5974 39.1943 9.5
      vertex -29.5974 39.1943 15.5
    endloop
  endfacet
  facet normal -0.965066 -0.262009 0
    outer loop
      vertex -29.5074 38.8628 9.5
      vertex -29.5974 39.1943 15.5
      vertex -29.5974 39.1943 9.5
    endloop
  endfacet
  facet normal -0.965066 -0.262009 0
    outer loop
      vertex -29.5974 39.1943 15.5
      vertex -29.5074 38.8628 9.5
      vertex -29.5074 38.8628 15.5
    endloop
  endfacet
  facet normal -0.964678 -0.263431 0
    outer loop
      vertex -21.4208 9.24989 9.5
      vertex -29.5074 38.8628 15.5
      vertex -29.5074 38.8628 9.5
    endloop
  endfacet
  facet normal -0.964679 -0.263427 -0
    outer loop
      vertex -18.4308 -1.69959 15.5
      vertex -21.4208 9.24989 9.5
      vertex -18.4308 -1.69959 9.5
    endloop
  endfacet
  facet normal -0.964678 -0.26343 -5.80322e-06
    outer loop
      vertex -21.4208 9.24989 9.5
      vertex -18.4308 -1.69959 15.5
      vertex -29.5074 38.8628 15.5
    endloop
  endfacet
  facet normal 0 0 -1
    outer loop
      vertex 21.4208 9.24989 9.5
      vertex 18.4038 9.29208 9.5
      vertex 18.8691 14.3185 9.5
    endloop
  endfacet
  facet normal 0 0 -1
    outer loop
      vertex 18.8691 14.3185 9.5
      vertex 18.4038 9.29208 9.5
      vertex 17.9796 9.50298 9.5
    endloop
  endfacet
  facet normal 0 0 -1
    outer loop
      vertex 29.6544 39.533 9.5
      vertex 29.6679 40.219 9.5
      vertex 29.678 39.8757 9.5
    endloop
  endfacet
  facet normal 0 0 -1
    outer loop
      vertex 29.6544 39.533 9.5
      vertex 29.6242 40.5597 9.5
      vertex 29.6679 40.219 9.5
    endloop
  endfacet
  facet normal 0 0 -1
    outer loop
      vertex 29.5974 39.1943 9.5
      vertex 29.6242 40.5597 9.5
      vertex 29.6544 39.533 9.5
    endloop
  endfacet
  facet normal 0 0 -1
    outer loop
      vertex 29.5974 39.1943 9.5
      vertex 29.5473 40.8944 9.5
      vertex 29.6242 40.5597 9.5
    endloop
  endfacet
  facet normal 0 0 -1
    outer loop
      vertex 29.5074 38.8628 9.5
      vertex 29.5473 40.8944 9.5
      vertex 29.5974 39.1943 9.5
    endloop
  endfacet
  facet normal 0 0 -1
    outer loop
      vertex 29.5074 38.8628 9.5
      vertex 29.438 41.22 9.5
      vertex 29.5473 40.8944 9.5
    endloop
  endfacet
  facet normal 0 0 -1
    outer loop
      vertex 29.5074 38.8628 9.5
      vertex 29.2972 41.5333 9.5
      vertex 29.438 41.22 9.5
    endloop
  endfacet
  facet normal 0 0 -1
    outer loop
      vertex 29.5074 38.8628 9.5
      vertex 29.1265 41.8314 9.5
      vertex 29.2972 41.5333 9.5
    endloop
  endfacet
  facet normal 0 0 -1
    outer loop
      vertex 29.5074 38.8628 9.5
      vertex 28.9273 42.1112 9.5
      vertex 29.1265 41.8314 9.5
    endloop
  endfacet
  facet normal 0 0 -1
    outer loop
      vertex 29.5074 38.8628 9.5
      vertex 28.7017 42.3702 9.5
      vertex 28.9273 42.1112 9.5
    endloop
  endfacet
  facet normal 0 0 -1
    outer loop
      vertex 29.5074 38.8628 9.5
      vertex 28.4518 42.6058 9.5
      vertex 28.7017 42.3702 9.5
    endloop
  endfacet
  facet normal 0 0 -1
    outer loop
      vertex 29.5074 38.8628 9.5
      vertex 28.18 42.8158 9.5
      vertex 28.4518 42.6058 9.5
    endloop
  endfacet
  facet normal 0 0 -1
    outer loop
      vertex 29.5074 38.8628 9.5
      vertex 27.8889 42.9981 9.5
      vertex 28.18 42.8158 9.5
    endloop
  endfacet
  facet normal 0 0 -1
    outer loop
      vertex 29.5074 38.8628 9.5
      vertex 27.5813 43.151 9.5
      vertex 27.8889 42.9981 9.5
    endloop
  endfacet
  facet normal 0 0 -1
    outer loop
      vertex 29.5074 38.8628 9.5
      vertex 27.2603 43.2731 9.5
      vertex 27.5813 43.151 9.5
    endloop
  endfacet
  facet normal -0 0 -1
    outer loop
      vertex 29.5074 38.8628 9.5
      vertex 21.6505 37.8559 9.5
      vertex 27.2603 43.2731 9.5
    endloop
  endfacet
  facet normal 0 0 -1
    outer loop
      vertex 18.8691 14.3185 9.5
      vertex 29.5074 38.8628 9.5
      vertex 21.4208 9.24989 9.5
    endloop
  endfacet
  facet normal 0 0 -1
    outer loop
      vertex 19.2895 8.73727 9.5
      vertex 21.4208 9.24989 9.5
      vertex 19.9409 8.23408 9.5
    endloop
  endfacet
  facet normal 0 0 -1
    outer loop
      vertex 18.4038 9.29208 9.5
      vertex 21.4208 9.24989 9.5
      vertex 19.2895 8.73727 9.5
    endloop
  endfacet
  facet normal 0 0 -1
    outer loop
      vertex 29.5074 38.8628 9.5
      vertex 18.8691 14.3185 9.5
      vertex 21.6505 37.8559 9.5
    endloop
  endfacet
  facet normal 0 0 -1
    outer loop
      vertex 17.0298 14.9162 9.5
      vertex 21.6505 37.8559 9.5
      vertex 18.8691 14.3185 9.5
    endloop
  endfacet
  facet normal 0 0 -1
    outer loop
      vertex 14.4518 10.5762 9.5
      vertex 17.0298 14.9162 9.5
      vertex 14.9189 10.4975 9.5
    endloop
  endfacet
  facet normal 0 0 -1
    outer loop
      vertex 17.0298 14.9162 9.5
      vertex 14.4518 10.5762 9.5
      vertex 11.9861 12.3154 9.5
    endloop
  endfacet
  facet normal 0 0 -1
    outer loop
      vertex 11.9861 12.3154 9.5
      vertex 14.4518 10.5762 9.5
      vertex 13.4091 10.6479 9.5
    endloop
  endfacet
  facet normal 0 0 -1
    outer loop
      vertex 11.9861 12.3154 9.5
      vertex 13.4091 10.6479 9.5
      vertex 12.5864 10.6237 9.5
    endloop
  endfacet
  facet normal -0 0 -1
    outer loop
      vertex 17.0298 14.9162 9.5
      vertex 11.9861 12.3154 9.5
      vertex 21.6505 37.8559 9.5
    endloop
  endfacet
  facet normal 0 0 -1
    outer loop
      vertex 21.6505 37.8559 9.5
      vertex 14.6473 46.9399 9.5
      vertex 27.2603 43.2731 9.5
    endloop
  endfacet
  facet normal 0 0 -1
    outer loop
      vertex 17.0477 55.5288 9.5
      vertex 14.2305 58.7624 9.5
      vertex 14.4739 58.7936 9.5
    endloop
  endfacet
  facet normal 0 0 -1
    outer loop
      vertex 17.0477 55.5288 9.5
      vertex 12.2924 57.0739 9.5
      vertex 14.2305 58.7624 9.5
    endloop
  endfacet
  facet normal 0 0 -1
    outer loop
      vertex 14.2305 58.7624 9.5
      vertex 12.2924 57.0739 9.5
      vertex 13.9914 58.7074 9.5
    endloop
  endfacet
  facet normal 0 0 -1
    outer loop
      vertex 13.9914 58.7074 9.5
      vertex 12.2924 57.0739 9.5
      vertex 13.7589 58.6294 9.5
    endloop
  endfacet
  facet normal 0 0 -1
    outer loop
      vertex 13.7589 58.6294 9.5
      vertex 12.2924 57.0739 9.5
      vertex 13.535 58.5288 9.5
    endloop
  endfacet
  facet normal 0 0 -1
    outer loop
      vertex 13.535 58.5288 9.5
      vertex 12.2924 57.0739 9.5
      vertex 13.3222 58.4069 9.5
    endloop
  endfacet
  facet normal 0 0 -1
    outer loop
      vertex 13.3222 58.4069 9.5
      vertex 12.2924 57.0739 9.5
      vertex 13.1223 58.2646 9.5
    endloop
  endfacet
  facet normal 0 0 -1
    outer loop
      vertex 13.1223 58.2646 9.5
      vertex 12.2924 57.0739 9.5
      vertex 12.9373 58.1034 9.5
    endloop
  endfacet
  facet normal 0 0 -1
    outer loop
      vertex 12.9373 58.1034 9.5
      vertex 12.2924 57.0739 9.5
      vertex 12.769 57.9249 9.5
    endloop
  endfacet
  facet normal 0 0 -1
    outer loop
      vertex 12.769 57.9249 9.5
      vertex 12.2924 57.0739 9.5
      vertex 12.619 57.7308 9.5
    endloop
  endfacet
  facet normal 0 0 -1
    outer loop
      vertex 12.619 57.7308 9.5
      vertex 12.2924 57.0739 9.5
      vertex 12.4888 57.5229 9.5
    endloop
  endfacet
  facet normal 0 0 -1
    outer loop
      vertex 12.4888 57.5229 9.5
      vertex 12.2924 57.0739 9.5
      vertex 12.3795 57.3032 9.5
    endloop
  endfacet
  facet normal 0 0 -1
    outer loop
      vertex 10.0348 42.0355 9.5
      vertex 14.6473 46.9399 9.5
      vertex 21.6505 37.8559 9.5
    endloop
  endfacet
  facet normal 0 0 -1
    outer loop
      vertex 8.10864 45.8157 9.5
      vertex 14.6473 46.9399 9.5
      vertex 10.0348 42.0355 9.5
    endloop
  endfacet
  facet normal 0 0 -1
    outer loop
      vertex 8.10864 45.8157 9.5
      vertex 10.0348 42.0355 9.5
      vertex 9.75957 42.1401 9.5
    endloop
  endfacet
  facet normal 0 0 -1
    outer loop
      vertex 8.10864 45.8157 9.5
      vertex 9.75957 42.1401 9.5
      vertex 9.49595 42.2711 9.5
    endloop
  endfacet
  facet normal 0 0 -1
    outer loop
      vertex 8.10864 45.8157 9.5
      vertex 9.49595 42.2711 9.5
      vertex 9.24645 42.4274 9.5
    endloop
  endfacet
  facet normal 0 0 -1
    outer loop
      vertex 8.10864 45.8157 9.5
      vertex 9.24645 42.4274 9.5
      vertex 9.01347 42.6074 9.5
    endloop
  endfacet
  facet normal 0 0 -1
    outer loop
      vertex 8.10864 45.8157 9.5
      vertex 9.01347 42.6074 9.5
      vertex 8.79925 42.8094 9.5
    endloop
  endfacet
  facet normal 0 0 -1
    outer loop
      vertex 8.10864 45.8157 9.5
      vertex 8.79925 42.8094 9.5
      vertex 8.60586 43.0314 9.5
    endloop
  endfacet
  facet normal 0 0 -1
    outer loop
      vertex 8.10864 45.8157 9.5
      vertex 8.60586 43.0314 9.5
      vertex 8.43516 43.2712 9.5
    endloop
  endfacet
  facet normal 0 0 -1
    outer loop
      vertex 8.10864 45.8157 9.5
      vertex 8.43516 43.2712 9.5
      vertex 8.2888 43.5267 9.5
    endloop
  endfacet
  facet normal 0 0 -1
    outer loop
      vertex 8.10864 45.8157 9.5
      vertex 8.2888 43.5267 9.5
      vertex 8.16816 43.7952 9.5
    endloop
  endfacet
  facet normal -0 0 -1
    outer loop
      vertex 14.6473 46.9399 9.5
      vertex 8.10864 45.8157 9.5
      vertex 12.2924 57.0739 9.5
    endloop
  endfacet
  facet normal 0 0 -1
    outer loop
      vertex 8.07445 44.0743 9.5
      vertex 8.10864 45.8157 9.5
      vertex 8.16816 43.7952 9.5
    endloop
  endfacet
  facet normal 0 0 -1
    outer loop
      vertex 8.07445 44.0743 9.5
      vertex 8.03152 45.5316 9.5
      vertex 8.10864 45.8157 9.5
    endloop
  endfacet
  facet normal 0 0 -1
    outer loop
      vertex 8.00854 44.3612 9.5
      vertex 8.03152 45.5316 9.5
      vertex 8.07445 44.0743 9.5
    endloop
  endfacet
  facet normal 0 0 -1
    outer loop
      vertex 8.00854 44.3612 9.5
      vertex 7.9826 45.2412 9.5
      vertex 8.03152 45.5316 9.5
    endloop
  endfacet
  facet normal 0 0 -1
    outer loop
      vertex 7.97106 44.6533 9.5
      vertex 7.9826 45.2412 9.5
      vertex 8.00854 44.3612 9.5
    endloop
  endfacet
  facet normal 0 0 -1
    outer loop
      vertex 7.9826 45.2412 9.5
      vertex 7.97106 44.6533 9.5
      vertex 7.96239 44.9475 9.5
    endloop
  endfacet
  facet normal 0 0 -1
    outer loop
      vertex 17.1527 56.0075 9.5
      vertex 17.1623 56.4975 9.5
      vertex 17.1695 56.2522 9.5
    endloop
  endfacet
  facet normal 0 0 -1
    outer loop
      vertex 17.1527 56.0075 9.5
      vertex 17.1311 56.7408 9.5
      vertex 17.1623 56.4975 9.5
    endloop
  endfacet
  facet normal 0 0 -1
    outer loop
      vertex 17.1119 55.7655 9.5
      vertex 17.1311 56.7408 9.5
      vertex 17.1527 56.0075 9.5
    endloop
  endfacet
  facet normal 0 0 -1
    outer loop
      vertex 17.1119 55.7655 9.5
      vertex 17.0761 56.9799 9.5
      vertex 17.1311 56.7408 9.5
    endloop
  endfacet
  facet normal 0 0 -1
    outer loop
      vertex 17.0477 55.5288 9.5
      vertex 17.0761 56.9799 9.5
      vertex 17.1119 55.7655 9.5
    endloop
  endfacet
  facet normal 0 0 -1
    outer loop
      vertex 17.0477 55.5288 9.5
      vertex 16.9981 57.2125 9.5
      vertex 17.0761 56.9799 9.5
    endloop
  endfacet
  facet normal 0 0 -1
    outer loop
      vertex 17.0477 55.5288 9.5
      vertex 16.8975 57.4363 9.5
      vertex 16.9981 57.2125 9.5
    endloop
  endfacet
  facet normal 0 0 -1
    outer loop
      vertex 17.0477 55.5288 9.5
      vertex 16.7756 57.6492 9.5
      vertex 16.8975 57.4363 9.5
    endloop
  endfacet
  facet normal 0 0 -1
    outer loop
      vertex 17.0477 55.5288 9.5
      vertex 16.6333 57.849 9.5
      vertex 16.7756 57.6492 9.5
    endloop
  endfacet
  facet normal 0 0 -1
    outer loop
      vertex 17.0477 55.5288 9.5
      vertex 16.4721 58.034 9.5
      vertex 16.6333 57.849 9.5
    endloop
  endfacet
  facet normal 0 0 -1
    outer loop
      vertex 17.0477 55.5288 9.5
      vertex 16.2936 58.2023 9.5
      vertex 16.4721 58.034 9.5
    endloop
  endfacet
  facet normal 0 0 -1
    outer loop
      vertex 17.0477 55.5288 9.5
      vertex 16.0995 58.3523 9.5
      vertex 16.2936 58.2023 9.5
    endloop
  endfacet
  facet normal 0 0 -1
    outer loop
      vertex 17.0477 55.5288 9.5
      vertex 15.8916 58.4825 9.5
      vertex 16.0995 58.3523 9.5
    endloop
  endfacet
  facet normal 0 0 -1
    outer loop
      vertex 17.0477 55.5288 9.5
      vertex 15.6719 58.5918 9.5
      vertex 15.8916 58.4825 9.5
    endloop
  endfacet
  facet normal 0 0 -1
    outer loop
      vertex 17.0477 55.5288 9.5
      vertex 15.4426 58.679 9.5
      vertex 15.6719 58.5918 9.5
    endloop
  endfacet
  facet normal 0 0 -1
    outer loop
      vertex 17.0477 55.5288 9.5
      vertex 15.2058 58.7432 9.5
      vertex 15.4426 58.679 9.5
    endloop
  endfacet
  facet normal 0 0 -1
    outer loop
      vertex 17.0477 55.5288 9.5
      vertex 14.9639 58.784 9.5
      vertex 15.2058 58.7432 9.5
    endloop
  endfacet
  facet normal 0 0 -1
    outer loop
      vertex 17.0477 55.5288 9.5
      vertex 14.7191 58.8008 9.5
      vertex 14.9639 58.784 9.5
    endloop
  endfacet
  facet normal 0 0 -1
    outer loop
      vertex 12.2924 57.0739 9.5
      vertex 17.0477 55.5288 9.5
      vertex 14.6473 46.9399 9.5
    endloop
  endfacet
  facet normal 0 0 -1
    outer loop
      vertex 17.0477 55.5288 9.5
      vertex 14.4739 58.7936 9.5
      vertex 14.7191 58.8008 9.5
    endloop
  endfacet
  facet normal -0.445228 -0.895417 0
    outer loop
      vertex 7.9962 -9.29208 4.5
      vertex 8.42035 -9.50298 9.5
      vertex 7.9962 -9.29208 9.5
    endloop
  endfacet
  facet normal -0.445228 -0.895417 -0
    outer loop
      vertex 8.42035 -9.50298 9.5
      vertex 7.9962 -9.29208 4.5
      vertex 8.42035 -9.50298 4.5
    endloop
  endfacet
  facet normal -0.530844 -0.847469 0
    outer loop
      vertex 7.11047 -8.73727 4.5
      vertex 7.9962 -9.29208 9.5
      vertex 7.11047 -8.73727 9.5
    endloop
  endfacet
  facet normal -0.530844 -0.847469 -0
    outer loop
      vertex 7.9962 -9.29208 9.5
      vertex 7.11047 -8.73727 4.5
      vertex 7.9962 -9.29208 4.5
    endloop
  endfacet
  facet normal -0.611352 -0.791359 0
    outer loop
      vertex 6.45912 -8.23408 4.5
      vertex 7.11047 -8.73727 9.5
      vertex 6.45912 -8.23408 9.5
    endloop
  endfacet
  facet normal -0.611352 -0.791359 -0
    outer loop
      vertex 7.11047 -8.73727 9.5
      vertex 6.45912 -8.23408 4.5
      vertex 7.11047 -8.73727 4.5
    endloop
  endfacet
  facet normal 0.565889 -0.824481 0
    outer loop
      vertex 2.42519 -11.0028 4.5
      vertex 6.45912 -8.23408 9.5
      vertex 2.42519 -11.0028 9.5
    endloop
  endfacet
  facet normal 0.565889 -0.824481 0
    outer loop
      vertex 6.45912 -8.23408 9.5
      vertex 2.42519 -11.0028 4.5
      vertex 6.45912 -8.23408 4.5
    endloop
  endfacet
  facet normal -0.743136 -0.66914 0
    outer loop
      vertex 2.42519 -11.0028 4.5
      vertex 1.13115 -9.56566 9.5
      vertex 1.13115 -9.56566 4.5
    endloop
  endfacet
  facet normal -0.743136 -0.66914 0
    outer loop
      vertex 1.13115 -9.56566 9.5
      vertex 2.42519 -11.0028 4.5
      vertex 2.42519 -11.0028 9.5
    endloop
  endfacet
  facet normal -0.760804 0.648982 0
    outer loop
      vertex 1.13115 -9.56566 4.5
      vertex 4.30433 -5.84573 9.5
      vertex 4.30433 -5.84573 4.5
    endloop
  endfacet
  facet normal -0.760804 0.648982 0
    outer loop
      vertex 4.30433 -5.84573 9.5
      vertex 1.13115 -9.56566 4.5
      vertex 1.13115 -9.56566 9.5
    endloop
  endfacet
  facet normal -0.814776 -0.579776 0
    outer loop
      vertex 4.30433 -5.84573 4.5
      vertex 4.23039 -5.74182 9.5
      vertex 4.23039 -5.74182 4.5
    endloop
  endfacet
  facet normal -0.814776 -0.579776 0
    outer loop
      vertex 4.23039 -5.74182 9.5
      vertex 4.30433 -5.84573 4.5
      vertex 4.30433 -5.84573 9.5
    endloop
  endfacet
  facet normal -0.867654 -0.497168 0
    outer loop
      vertex 4.23039 -5.74182 4.5
      vertex 3.71078 -4.835 9.5
      vertex 3.71078 -4.835 4.5
    endloop
  endfacet
  facet normal -0.867654 -0.497168 0
    outer loop
      vertex 3.71078 -4.835 9.5
      vertex 4.23039 -5.74182 4.5
      vertex 4.23039 -5.74182 9.5
    endloop
  endfacet
  facet normal -0.91221 -0.409724 0
    outer loop
      vertex 3.71078 -4.835 4.5
      vertex 3.28256 -3.88161 9.5
      vertex 3.28256 -3.88161 4.5
    endloop
  endfacet
  facet normal -0.91221 -0.409724 0
    outer loop
      vertex 3.28256 -3.88161 9.5
      vertex 3.71078 -4.835 4.5
      vertex 3.71078 -4.835 9.5
    endloop
  endfacet
  facet normal -0.947975 -0.318344 0
    outer loop
      vertex 3.28256 -3.88161 4.5
      vertex 3.24196 -3.76071 9.5
      vertex 3.24196 -3.76071 4.5
    endloop
  endfacet
  facet normal -0.947975 -0.318344 0
    outer loop
      vertex 3.24196 -3.76071 9.5
      vertex 3.28256 -3.88161 4.5
      vertex 3.28256 -3.88161 9.5
    endloop
  endfacet
  facet normal 0.0778497 -0.996965 0
    outer loop
      vertex 1.68779 -3.88207 4.5
      vertex 3.24196 -3.76071 9.5
      vertex 1.68779 -3.88207 9.5
    endloop
  endfacet
  facet normal 0.0778497 -0.996965 0
    outer loop
      vertex 3.24196 -3.76071 9.5
      vertex 1.68779 -3.88207 4.5
      vertex 3.24196 -3.76071 4.5
    endloop
  endfacet
  facet normal 0.0778498 -0.996965 0
    outer loop
      vertex -1.63267 -4.14135 4.5
      vertex 0 -4.01386 9.5
      vertex -1.63267 -4.14135 9.5
    endloop
  endfacet
  facet normal 0.0778498 -0.996965 0
    outer loop
      vertex 0 -4.01386 9.5
      vertex -1.63267 -4.14135 4.5
      vertex 0 -4.01386 4.5
    endloop
  endfacet
  facet normal -0.978141 -0.207942 0
    outer loop
      vertex -1.63267 -4.14135 4.5
      vertex -1.68779 -3.88207 9.5
      vertex -1.68779 -3.88207 4.5
    endloop
  endfacet
  facet normal -0.978141 -0.207942 0
    outer loop
      vertex -1.68779 -3.88207 9.5
      vertex -1.63267 -4.14135 4.5
      vertex -1.63267 -4.14135 9.5
    endloop
  endfacet
  facet normal -0.334389 0.942435 0
    outer loop
      vertex 2.5763 -0.613614 4.5
      vertex 0 -1.52772 9.5
      vertex 2.5763 -0.613614 9.5
    endloop
  endfacet
  facet normal -0.334389 0.942435 0
    outer loop
      vertex 0 -1.52772 9.5
      vertex 2.5763 -0.613614 4.5
      vertex 0 -1.52772 4.5
    endloop
  endfacet
  facet normal -0.999566 -0.0294505 0
    outer loop
      vertex 2.5763 -0.613614 4.5
      vertex 2.55206 0.209105 9.5
      vertex 2.55206 0.209105 4.5
    endloop
  endfacet
  facet normal -0.999566 -0.0294505 0
    outer loop
      vertex 2.55206 0.209105 9.5
      vertex 2.5763 -0.613614 4.5
      vertex 2.5763 -0.613614 9.5
    endloop
  endfacet
  facet normal -0.997639 0.0686694 0
    outer loop
      vertex 2.55206 0.209105 4.5
      vertex 2.62383 1.25179 9.5
      vertex 2.62383 1.25179 4.5
    endloop
  endfacet
  facet normal -0.997639 0.0686694 0
    outer loop
      vertex 2.62383 1.25179 9.5
      vertex 2.55206 0.209105 4.5
      vertex 2.55206 0.209105 9.5
    endloop
  endfacet
  facet normal -0.986105 0.166121 0
    outer loop
      vertex 2.62383 1.25179 4.5
      vertex 2.70252 1.7189 9.5
      vertex 2.70252 1.7189 4.5
    endloop
  endfacet
  facet normal -0.986105 0.166121 0
    outer loop
      vertex 2.70252 1.7189 9.5
      vertex 2.62383 1.25179 4.5
      vertex 2.62383 1.25179 9.5
    endloop
  endfacet
  facet normal -0.431064 -0.902321 0
    outer loop
      vertex 0 3.00997 4.5
      vertex 2.70252 1.7189 9.5
      vertex 0 3.00997 9.5
    endloop
  endfacet
  facet normal -0.431064 -0.902321 -0
    outer loop
      vertex 2.70252 1.7189 9.5
      vertex 0 3.00997 4.5
      vertex 2.70252 1.7189 4.5
    endloop
  endfacet
  facet normal -0.951057 0.309014 0
    outer loop
      vertex -1.26138 5.22952 4.5
      vertex -1.11855 5.66911 9.5
      vertex -1.11855 5.66911 4.5
    endloop
  endfacet
  facet normal -0.951057 0.309014 0
    outer loop
      vertex -1.11855 5.66911 9.5
      vertex -1.26138 5.22952 4.5
      vertex -1.26138 5.22952 9.5
    endloop
  endfacet
  facet normal 0.181631 0.983367 -0
    outer loop
      vertex 3.69702 4.77965 4.5
      vertex 1.26138 5.22952 9.5
      vertex 3.69702 4.77965 9.5
    endloop
  endfacet
  facet normal 0.181631 0.983367 0
    outer loop
      vertex 1.26138 5.22952 9.5
      vertex 3.69702 4.77965 4.5
      vertex 1.26138 5.22952 4.5
    endloop
  endfacet
  facet normal 0.18164 0.983365 -0
    outer loop
      vertex 0 5.4625 4.5
      vertex -1.11855 5.66911 9.5
      vertex 0 5.4625 9.5
    endloop
  endfacet
  facet normal 0.18164 0.983365 0
    outer loop
      vertex -1.11855 5.66911 9.5
      vertex 0 5.4625 4.5
      vertex -1.11855 5.66911 4.5
    endloop
  endfacet
  facet normal -0.895417 0.445228 0
    outer loop
      vertex 3.69702 4.77965 4.5
      vertex 3.90792 5.2038 9.5
      vertex 3.90792 5.2038 4.5
    endloop
  endfacet
  facet normal -0.895417 0.445228 0
    outer loop
      vertex 3.90792 5.2038 9.5
      vertex 3.69702 4.77965 4.5
      vertex 3.69702 4.77965 9.5
    endloop
  endfacet
  facet normal -0.847469 0.530844 0
    outer loop
      vertex 3.90792 5.2038 4.5
      vertex 4.46273 6.08953 9.5
      vertex 4.46273 6.08953 4.5
    endloop
  endfacet
  facet normal -0.847469 0.530844 0
    outer loop
      vertex 4.46273 6.08953 9.5
      vertex 3.90792 5.2038 4.5
      vertex 3.90792 5.2038 9.5
    endloop
  endfacet
  facet normal -0.791359 0.611352 0
    outer loop
      vertex 4.46273 6.08953 4.5
      vertex 4.96592 6.74088 9.5
      vertex 4.96592 6.74088 4.5
    endloop
  endfacet
  facet normal -0.791359 0.611352 0
    outer loop
      vertex 4.96592 6.74088 9.5
      vertex 4.46273 6.08953 4.5
      vertex 4.46273 6.08953 9.5
    endloop
  endfacet
  facet normal -0.824476 -0.565897 0
    outer loop
      vertex 4.96592 6.74088 4.5
      vertex 2.19715 10.7748 9.5
      vertex 2.19715 10.7748 4.5
    endloop
  endfacet
  facet normal -0.824476 -0.565897 0
    outer loop
      vertex 2.19715 10.7748 9.5
      vertex 4.96592 6.74088 4.5
      vertex 4.96592 6.74088 9.5
    endloop
  endfacet
  facet normal -0.669116 0.743158 0
    outer loop
      vertex 3.63434 12.0688 4.5
      vertex 2.19715 10.7748 9.5
      vertex 3.63434 12.0688 9.5
    endloop
  endfacet
  facet normal -0.669116 0.743158 0
    outer loop
      vertex 2.19715 10.7748 9.5
      vertex 3.63434 12.0688 4.5
      vertex 2.19715 10.7748 4.5
    endloop
  endfacet
  facet normal 0.648976 0.760809 -0
    outer loop
      vertex 7.35427 8.89567 4.5
      vertex 3.63434 12.0688 9.5
      vertex 7.35427 8.89567 9.5
    endloop
  endfacet
  facet normal 0.648976 0.760809 0
    outer loop
      vertex 3.63434 12.0688 9.5
      vertex 7.35427 8.89567 4.5
      vertex 3.63434 12.0688 4.5
    endloop
  endfacet
  facet normal -0.579776 0.814776 0
    outer loop
      vertex 7.45818 8.96961 4.5
      vertex 7.35427 8.89567 9.5
      vertex 7.45818 8.96961 9.5
    endloop
  endfacet
  facet normal -0.579776 0.814776 0
    outer loop
      vertex 7.35427 8.89567 9.5
      vertex 7.45818 8.96961 4.5
      vertex 7.35427 8.89567 4.5
    endloop
  endfacet
  facet normal -0.497168 0.867654 0
    outer loop
      vertex 8.365 9.48922 4.5
      vertex 7.45818 8.96961 9.5
      vertex 8.365 9.48922 9.5
    endloop
  endfacet
  facet normal -0.497168 0.867654 0
    outer loop
      vertex 7.45818 8.96961 9.5
      vertex 8.365 9.48922 4.5
      vertex 7.45818 8.96961 4.5
    endloop
  endfacet
  facet normal -0.409724 0.91221 0
    outer loop
      vertex 9.31839 9.91744 4.5
      vertex 8.365 9.48922 9.5
      vertex 9.31839 9.91744 9.5
    endloop
  endfacet
  facet normal -0.409724 0.91221 0
    outer loop
      vertex 8.365 9.48922 9.5
      vertex 9.31839 9.91744 4.5
      vertex 8.365 9.48922 4.5
    endloop
  endfacet
  facet normal -0.318344 0.947975 0
    outer loop
      vertex 9.43929 9.95804 4.5
      vertex 9.31839 9.91744 9.5
      vertex 9.43929 9.95804 9.5
    endloop
  endfacet
  facet normal -0.318344 0.947975 0
    outer loop
      vertex 9.31839 9.91744 9.5
      vertex 9.43929 9.95804 4.5
      vertex 9.31839 9.91744 4.5
    endloop
  endfacet
  facet normal -0.996965 -0.0778485 0
    outer loop
      vertex 9.43929 9.95804 4.5
      vertex 9.05865 14.8327 9.5
      vertex 9.05865 14.8327 4.5
    endloop
  endfacet
  facet normal -0.996965 -0.0778485 0
    outer loop
      vertex 9.05865 14.8327 9.5
      vertex 9.43929 9.95804 4.5
      vertex 9.43929 9.95804 9.5
    endloop
  endfacet
  facet normal -0.20792 0.978146 0
    outer loop
      vertex 10.9503 15.2348 4.5
      vertex 9.05865 14.8327 9.5
      vertex 10.9503 15.2348 9.5
    endloop
  endfacet
  facet normal -0.20792 0.978146 0
    outer loop
      vertex 9.05865 14.8327 9.5
      vertex 10.9503 15.2348 4.5
      vertex 9.05865 14.8327 4.5
    endloop
  endfacet
  facet normal 0.94244 0.334377 0
    outer loop
      vertex 11.9861 12.3154 9.5
      vertex 10.9503 15.2348 4.5
      vertex 10.9503 15.2348 9.5
    endloop
  endfacet
  facet normal 0.942424 0.334419 -0
    outer loop
      vertex 12.5864 10.6237 4.5
      vertex 11.9861 12.3154 9.5
      vertex 12.5864 10.6237 9.5
    endloop
  endfacet
  facet normal 0.942434 0.334392 1.03402e-05
    outer loop
      vertex 11.9861 12.3154 9.5
      vertex 12.5864 10.6237 4.5
      vertex 10.9503 15.2348 4.5
    endloop
  endfacet
  facet normal -0.0294026 0.999568 0
    outer loop
      vertex 13.4091 10.6479 4.5
      vertex 12.5864 10.6237 9.5
      vertex 13.4091 10.6479 9.5
    endloop
  endfacet
  facet normal -0.0294026 0.999568 0
    outer loop
      vertex 12.5864 10.6237 9.5
      vertex 13.4091 10.6479 4.5
      vertex 12.5864 10.6237 4.5
    endloop
  endfacet
  facet normal 0.0686018 0.997644 -0
    outer loop
      vertex 14.4518 10.5762 4.5
      vertex 13.4091 10.6479 9.5
      vertex 14.4518 10.5762 9.5
    endloop
  endfacet
  facet normal 0.0686018 0.997644 0
    outer loop
      vertex 13.4091 10.6479 9.5
      vertex 14.4518 10.5762 4.5
      vertex 13.4091 10.6479 4.5
    endloop
  endfacet
  facet normal 0.166145 0.986101 -0
    outer loop
      vertex 14.9189 10.4975 4.5
      vertex 14.4518 10.5762 9.5
      vertex 14.9189 10.4975 9.5
    endloop
  endfacet
  facet normal 0.166145 0.986101 0
    outer loop
      vertex 14.4518 10.5762 9.5
      vertex 14.9189 10.4975 4.5
      vertex 14.4518 10.5762 4.5
    endloop
  endfacet
  facet normal -0.902324 0.431058 0
    outer loop
      vertex 14.9189 10.4975 4.5
      vertex 17.0298 14.9162 9.5
      vertex 17.0298 14.9162 4.5
    endloop
  endfacet
  facet normal -0.902324 0.431058 0
    outer loop
      vertex 17.0298 14.9162 9.5
      vertex 14.9189 10.4975 4.5
      vertex 14.9189 10.4975 9.5
    endloop
  endfacet
  facet normal 0.309052 0.951045 -0
    outer loop
      vertex 18.8691 14.3185 4.5
      vertex 17.0298 14.9162 9.5
      vertex 18.8691 14.3185 9.5
    endloop
  endfacet
  facet normal 0.309052 0.951045 0
    outer loop
      vertex 17.0298 14.9162 9.5
      vertex 18.8691 14.3185 4.5
      vertex 17.0298 14.9162 4.5
    endloop
  endfacet
  facet normal 0.983365 -0.181642 0
    outer loop
      vertex 17.9796 9.50298 9.5
      vertex 18.8691 14.3185 4.5
      vertex 18.8691 14.3185 9.5
    endloop
  endfacet
  facet normal 0.983365 -0.181642 0
    outer loop
      vertex 18.8691 14.3185 4.5
      vertex 17.9796 9.50298 9.5
      vertex 17.9796 9.50298 4.5
    endloop
  endfacet
  facet normal 0.445186 0.895438 -0
    outer loop
      vertex 18.4038 9.29208 4.5
      vertex 17.9796 9.50298 9.5
      vertex 18.4038 9.29208 9.5
    endloop
  endfacet
  facet normal 0.445186 0.895438 0
    outer loop
      vertex 17.9796 9.50298 9.5
      vertex 18.4038 9.29208 4.5
      vertex 17.9796 9.50298 4.5
    endloop
  endfacet
  facet normal 0.530857 0.847461 -0
    outer loop
      vertex 19.2895 8.73727 4.5
      vertex 18.4038 9.29208 9.5
      vertex 19.2895 8.73727 9.5
    endloop
  endfacet
  facet normal 0.530857 0.847461 0
    outer loop
      vertex 18.4038 9.29208 9.5
      vertex 19.2895 8.73727 4.5
      vertex 18.4038 9.29208 4.5
    endloop
  endfacet
  facet normal 0.611322 0.791382 -0
    outer loop
      vertex 19.9409 8.23408 4.5
      vertex 19.2895 8.73727 9.5
      vertex 19.9409 8.23408 9.5
    endloop
  endfacet
  facet normal 0.611322 0.791382 0
    outer loop
      vertex 19.2895 8.73727 9.5
      vertex 19.9409 8.23408 4.5
      vertex 19.2895 8.73727 4.5
    endloop
  endfacet
  facet normal -0.565879 0.824489 0
    outer loop
      vertex 23.9748 11.0028 4.5
      vertex 21.4208 9.24989 9.5
      vertex 23.9748 11.0028 9.5
    endloop
  endfacet
  facet normal -0.565892 0.824479 -1.01062e-05
    outer loop
      vertex 19.9409 8.23408 4.5
      vertex 21.4208 9.24989 9.5
      vertex 23.9748 11.0028 4.5
    endloop
  endfacet
  facet normal -0.565915 0.824463 0
    outer loop
      vertex 21.4208 9.24989 9.5
      vertex 19.9409 8.23408 4.5
      vertex 19.9409 8.23408 9.5
    endloop
  endfacet
  facet normal 0.743147 0.669129 0
    outer loop
      vertex 25.2688 9.56566 9.5
      vertex 23.9748 11.0028 4.5
      vertex 23.9748 11.0028 9.5
    endloop
  endfacet
  facet normal 0.743147 0.669129 0
    outer loop
      vertex 23.9748 11.0028 4.5
      vertex 25.2688 9.56566 9.5
      vertex 25.2688 9.56566 4.5
    endloop
  endfacet
  facet normal 0.760812 -0.648972 0
    outer loop
      vertex 22.0957 5.84573 9.5
      vertex 25.2688 9.56566 4.5
      vertex 25.2688 9.56566 9.5
    endloop
  endfacet
  facet normal 0.760812 -0.648972 0
    outer loop
      vertex 25.2688 9.56566 4.5
      vertex 22.0957 5.84573 9.5
      vertex 22.0957 5.84573 4.5
    endloop
  endfacet
  facet normal 0.814924 0.579568 0
    outer loop
      vertex 22.1696 5.74182 9.5
      vertex 22.0957 5.84573 4.5
      vertex 22.0957 5.84573 9.5
    endloop
  endfacet
  facet normal 0.814924 0.579568 0
    outer loop
      vertex 22.0957 5.84573 4.5
      vertex 22.1696 5.74182 9.5
      vertex 22.1696 5.74182 4.5
    endloop
  endfacet
  facet normal 0.867658 0.497161 0
    outer loop
      vertex 22.6892 4.835 9.5
      vertex 22.1696 5.74182 4.5
      vertex 22.1696 5.74182 9.5
    endloop
  endfacet
  facet normal 0.867658 0.497161 0
    outer loop
      vertex 22.1696 5.74182 4.5
      vertex 22.6892 4.835 9.5
      vertex 22.6892 4.835 4.5
    endloop
  endfacet
  facet normal 0.912217 0.409708 0
    outer loop
      vertex 23.1174 3.88161 9.5
      vertex 22.6892 4.835 4.5
      vertex 22.6892 4.835 9.5
    endloop
  endfacet
  facet normal 0.912217 0.409708 0
    outer loop
      vertex 22.6892 4.835 4.5
      vertex 23.1174 3.88161 9.5
      vertex 23.1174 3.88161 4.5
    endloop
  endfacet
  facet normal 0.947975 0.318344 0
    outer loop
      vertex 23.158 3.76071 9.5
      vertex 23.1174 3.88161 4.5
      vertex 23.1174 3.88161 9.5
    endloop
  endfacet
  facet normal 0.947975 0.318344 0
    outer loop
      vertex 23.1174 3.88161 4.5
      vertex 23.158 3.76071 9.5
      vertex 23.158 3.76071 4.5
    endloop
  endfacet
  facet normal -0.0778478 0.996965 0
    outer loop
      vertex 28.0327 4.14135 4.5
      vertex 23.158 3.76071 9.5
      vertex 28.0327 4.14135 9.5
    endloop
  endfacet
  facet normal -0.0778478 0.996965 0
    outer loop
      vertex 23.158 3.76071 9.5
      vertex 28.0327 4.14135 4.5
      vertex 23.158 3.76071 4.5
    endloop
  endfacet
  facet normal 0.978146 0.207919 0
    outer loop
      vertex 28.4348 2.24969 9.5
      vertex 28.0327 4.14135 4.5
      vertex 28.0327 4.14135 9.5
    endloop
  endfacet
  facet normal 0.978146 0.207919 0
    outer loop
      vertex 28.0327 4.14135 4.5
      vertex 28.4348 2.24969 9.5
      vertex 28.4348 2.24969 4.5
    endloop
  endfacet
  facet normal 0.334388 -0.942436 0
    outer loop
      vertex 23.8237 0.613614 4.5
      vertex 28.4348 2.24969 9.5
      vertex 23.8237 0.613614 9.5
    endloop
  endfacet
  facet normal 0.334388 -0.942436 0
    outer loop
      vertex 28.4348 2.24969 9.5
      vertex 23.8237 0.613614 4.5
      vertex 28.4348 2.24969 4.5
    endloop
  endfacet
  facet normal 0.999568 0.0294019 0
    outer loop
      vertex 23.8479 -0.209105 9.5
      vertex 23.8237 0.613614 4.5
      vertex 23.8237 0.613614 9.5
    endloop
  endfacet
  facet normal 0.999568 0.0294019 0
    outer loop
      vertex 23.8237 0.613614 4.5
      vertex 23.8479 -0.209105 9.5
      vertex 23.8479 -0.209105 4.5
    endloop
  endfacet
  facet normal 0.997644 -0.0686028 0
    outer loop
      vertex 23.7762 -1.25179 9.5
      vertex 23.8479 -0.209105 4.5
      vertex 23.8479 -0.209105 9.5
    endloop
  endfacet
  facet normal 0.997644 -0.0686028 0
    outer loop
      vertex 23.8479 -0.209105 4.5
      vertex 23.7762 -1.25179 9.5
      vertex 23.7762 -1.25179 4.5
    endloop
  endfacet
  facet normal 0.986102 -0.166141 0
    outer loop
      vertex 23.6975 -1.7189 9.5
      vertex 23.7762 -1.25179 4.5
      vertex 23.7762 -1.25179 9.5
    endloop
  endfacet
  facet normal 0.986102 -0.166141 0
    outer loop
      vertex 23.7762 -1.25179 4.5
      vertex 23.6975 -1.7189 9.5
      vertex 23.6975 -1.7189 4.5
    endloop
  endfacet
  facet normal 0.431063 0.902322 -0
    outer loop
      vertex 28.1162 -3.82983 4.5
      vertex 23.6975 -1.7189 9.5
      vertex 28.1162 -3.82983 9.5
    endloop
  endfacet
  facet normal 0.431063 0.902322 0
    outer loop
      vertex 23.6975 -1.7189 9.5
      vertex 28.1162 -3.82983 4.5
      vertex 23.6975 -1.7189 4.5
    endloop
  endfacet
  facet normal 0.951044 -0.309055 0
    outer loop
      vertex 27.5185 -5.66911 9.5
      vertex 28.1162 -3.82983 4.5
      vertex 28.1162 -3.82983 9.5
    endloop
  endfacet
  facet normal 0.951044 -0.309055 0
    outer loop
      vertex 28.1162 -3.82983 4.5
      vertex 27.5185 -5.66911 9.5
      vertex 27.5185 -5.66911 4.5
    endloop
  endfacet
  facet normal -0.181635 -0.983366 0
    outer loop
      vertex 22.703 -4.77965 4.5
      vertex 27.5185 -5.66911 9.5
      vertex 22.703 -4.77965 9.5
    endloop
  endfacet
  facet normal -0.181635 -0.983366 -0
    outer loop
      vertex 27.5185 -5.66911 9.5
      vertex 22.703 -4.77965 4.5
      vertex 27.5185 -5.66911 4.5
    endloop
  endfacet
  facet normal 0.895417 -0.445228 0
    outer loop
      vertex 22.4921 -5.2038 9.5
      vertex 22.703 -4.77965 4.5
      vertex 22.703 -4.77965 9.5
    endloop
  endfacet
  facet normal 0.895417 -0.445228 0
    outer loop
      vertex 22.703 -4.77965 4.5
      vertex 22.4921 -5.2038 9.5
      vertex 22.4921 -5.2038 4.5
    endloop
  endfacet
  facet normal 0.847474 -0.530837 0
    outer loop
      vertex 21.9373 -6.08953 9.5
      vertex 22.4921 -5.2038 4.5
      vertex 22.4921 -5.2038 9.5
    endloop
  endfacet
  facet normal 0.847474 -0.530837 0
    outer loop
      vertex 22.4921 -5.2038 4.5
      vertex 21.9373 -6.08953 9.5
      vertex 21.9373 -6.08953 4.5
    endloop
  endfacet
  facet normal 0.791353 -0.611359 0
    outer loop
      vertex 21.4341 -6.74088 9.5
      vertex 21.9373 -6.08953 4.5
      vertex 21.9373 -6.08953 9.5
    endloop
  endfacet
  facet normal 0.791353 -0.611359 0
    outer loop
      vertex 21.9373 -6.08953 4.5
      vertex 21.4341 -6.74088 9.5
      vertex 21.4341 -6.74088 4.5
    endloop
  endfacet
  facet normal 0.824473 0.565901 0
    outer loop
      vertex 24.2029 -10.7748 9.5
      vertex 21.4341 -6.74088 4.5
      vertex 21.4341 -6.74088 9.5
    endloop
  endfacet
  facet normal 0.824473 0.565901 0
    outer loop
      vertex 21.4341 -6.74088 4.5
      vertex 24.2029 -10.7748 9.5
      vertex 24.2029 -10.7748 4.5
    endloop
  endfacet
  facet normal 0.669113 -0.74316 0
    outer loop
      vertex 22.7657 -12.0688 4.5
      vertex 24.2029 -10.7748 9.5
      vertex 22.7657 -12.0688 9.5
    endloop
  endfacet
  facet normal 0.669113 -0.74316 0
    outer loop
      vertex 24.2029 -10.7748 9.5
      vertex 22.7657 -12.0688 4.5
      vertex 24.2029 -10.7748 4.5
    endloop
  endfacet
  facet normal -0.648969 -0.760815 0
    outer loop
      vertex 19.0457 -8.89567 4.5
      vertex 22.7657 -12.0688 9.5
      vertex 19.0457 -8.89567 9.5
    endloop
  endfacet
  facet normal -0.648969 -0.760815 -0
    outer loop
      vertex 22.7657 -12.0688 9.5
      vertex 19.0457 -8.89567 4.5
      vertex 22.7657 -12.0688 4.5
    endloop
  endfacet
  facet normal 0.579813 -0.81475 0
    outer loop
      vertex 18.9418 -8.96961 4.5
      vertex 19.0457 -8.89567 9.5
      vertex 18.9418 -8.96961 9.5
    endloop
  endfacet
  facet normal 0.579813 -0.81475 0
    outer loop
      vertex 19.0457 -8.89567 9.5
      vertex 18.9418 -8.96961 4.5
      vertex 19.0457 -8.89567 4.5
    endloop
  endfacet
  facet normal 0.497176 -0.86765 0
    outer loop
      vertex 18.035 -9.48922 4.5
      vertex 18.9418 -8.96961 9.5
      vertex 18.035 -9.48922 9.5
    endloop
  endfacet
  facet normal 0.497176 -0.86765 0
    outer loop
      vertex 18.9418 -8.96961 9.5
      vertex 18.035 -9.48922 4.5
      vertex 18.9418 -8.96961 4.5
    endloop
  endfacet
  facet normal 0.40972 -0.912211 0
    outer loop
      vertex 17.0816 -9.91744 4.5
      vertex 18.035 -9.48922 9.5
      vertex 17.0816 -9.91744 9.5
    endloop
  endfacet
  facet normal 0.40972 -0.912211 0
    outer loop
      vertex 18.035 -9.48922 9.5
      vertex 17.0816 -9.91744 4.5
      vertex 18.035 -9.48922 4.5
    endloop
  endfacet
  facet normal 0.318344 -0.947975 0
    outer loop
      vertex 16.9607 -9.95804 4.5
      vertex 17.0816 -9.91744 9.5
      vertex 16.9607 -9.95804 9.5
    endloop
  endfacet
  facet normal 0.318344 -0.947975 0
    outer loop
      vertex 17.0816 -9.91744 9.5
      vertex 16.9607 -9.95804 4.5
      vertex 17.0816 -9.91744 4.5
    endloop
  endfacet
  facet normal 0.996966 0.0778403 0
    outer loop
      vertex 17.3413 -14.8327 9.5
      vertex 16.9607 -9.95804 4.5
      vertex 16.9607 -9.95804 9.5
    endloop
  endfacet
  facet normal 0.996966 0.0778403 0
    outer loop
      vertex 16.9607 -9.95804 4.5
      vertex 17.3413 -14.8327 9.5
      vertex 17.3413 -14.8327 4.5
    endloop
  endfacet
  facet normal 0.207926 -0.978145 0
    outer loop
      vertex 15.4497 -15.2348 4.5
      vertex 17.3413 -14.8327 9.5
      vertex 15.4497 -15.2348 9.5
    endloop
  endfacet
  facet normal 0.207926 -0.978145 0
    outer loop
      vertex 17.3413 -14.8327 9.5
      vertex 15.4497 -15.2348 4.5
      vertex 17.3413 -14.8327 4.5
    endloop
  endfacet
  facet normal -0.942434 -0.334392 0
    outer loop
      vertex 15.4497 -15.2348 4.5
      vertex 13.8136 -10.6237 9.5
      vertex 13.8136 -10.6237 4.5
    endloop
  endfacet
  facet normal -0.942434 -0.334392 0
    outer loop
      vertex 13.8136 -10.6237 9.5
      vertex 15.4497 -15.2348 4.5
      vertex 15.4497 -15.2348 9.5
    endloop
  endfacet
  facet normal 0.0294026 -0.999568 0
    outer loop
      vertex 12.9909 -10.6479 4.5
      vertex 13.8136 -10.6237 9.5
      vertex 12.9909 -10.6479 9.5
    endloop
  endfacet
  facet normal 0.0294026 -0.999568 0
    outer loop
      vertex 13.8136 -10.6237 9.5
      vertex 12.9909 -10.6479 4.5
      vertex 13.8136 -10.6237 4.5
    endloop
  endfacet
  facet normal -0.0686018 -0.997644 0
    outer loop
      vertex 11.9482 -10.5762 4.5
      vertex 12.9909 -10.6479 9.5
      vertex 11.9482 -10.5762 9.5
    endloop
  endfacet
  facet normal -0.0686018 -0.997644 -0
    outer loop
      vertex 12.9909 -10.6479 9.5
      vertex 11.9482 -10.5762 4.5
      vertex 12.9909 -10.6479 4.5
    endloop
  endfacet
  facet normal -0.166145 -0.986101 0
    outer loop
      vertex 11.4811 -10.4975 4.5
      vertex 11.9482 -10.5762 9.5
      vertex 11.4811 -10.4975 9.5
    endloop
  endfacet
  facet normal -0.166145 -0.986101 -0
    outer loop
      vertex 11.9482 -10.5762 9.5
      vertex 11.4811 -10.4975 4.5
      vertex 11.9482 -10.5762 4.5
    endloop
  endfacet
  facet normal 0.902322 -0.431063 0
    outer loop
      vertex 9.37017 -14.9162 9.5
      vertex 11.4811 -10.4975 4.5
      vertex 11.4811 -10.4975 9.5
    endloop
  endfacet
  facet normal 0.902322 -0.431063 0
    outer loop
      vertex 11.4811 -10.4975 4.5
      vertex 9.37017 -14.9162 9.5
      vertex 9.37017 -14.9162 4.5
    endloop
  endfacet
  facet normal -0.309055 -0.951044 0
    outer loop
      vertex 7.53089 -14.3185 4.5
      vertex 9.37017 -14.9162 9.5
      vertex 7.53089 -14.3185 9.5
    endloop
  endfacet
  facet normal -0.309055 -0.951044 -0
    outer loop
      vertex 9.37017 -14.9162 9.5
      vertex 7.53089 -14.3185 4.5
      vertex 9.37017 -14.9162 4.5
    endloop
  endfacet
  facet normal -0.983366 0.181635 0
    outer loop
      vertex 7.53089 -14.3185 4.5
      vertex 8.42035 -9.50298 9.5
      vertex 8.42035 -9.50298 4.5
    endloop
  endfacet
  facet normal -0.983366 0.181635 0
    outer loop
      vertex 8.42035 -9.50298 9.5
      vertex 7.53089 -14.3185 4.5
      vertex 7.53089 -14.3185 9.5
    endloop
  endfacet
  facet normal 0.166129 0.986104 -0
    outer loop
      vertex 12.9532 -2.08544 4.5
      vertex 12.7499 -2.05119 15.5
      vertex 12.9532 -2.08544 15.5
    endloop
  endfacet
  facet normal 0.166129 0.986104 0
    outer loop
      vertex 12.7499 -2.05119 15.5
      vertex 12.9532 -2.08544 4.5
      vertex 12.7499 -2.05119 4.5
    endloop
  endfacet
  facet normal 0.0686605 0.99764 -0
    outer loop
      vertex 13.1588 -2.09959 4.5
      vertex 12.9532 -2.08544 15.5
      vertex 13.1588 -2.09959 15.5
    endloop
  endfacet
  facet normal 0.0686605 0.99764 0
    outer loop
      vertex 12.9532 -2.08544 15.5
      vertex 13.1588 -2.09959 4.5
      vertex 12.9532 -2.08544 4.5
    endloop
  endfacet
  facet normal -0.0294532 0.999566 0
    outer loop
      vertex 13.3648 -2.09352 4.5
      vertex 13.1588 -2.09959 15.5
      vertex 13.3648 -2.09352 15.5
    endloop
  endfacet
  facet normal -0.0294532 0.999566 0
    outer loop
      vertex 13.1588 -2.09959 15.5
      vertex 13.3648 -2.09352 4.5
      vertex 13.1588 -2.09959 4.5
    endloop
  endfacet
  facet normal -0.127331 0.99186 0
    outer loop
      vertex 13.5692 -2.06728 4.5
      vertex 13.3648 -2.09352 15.5
      vertex 13.5692 -2.06728 15.5
    endloop
  endfacet
  facet normal -0.127331 0.99186 0
    outer loop
      vertex 13.3648 -2.09352 15.5
      vertex 13.5692 -2.06728 4.5
      vertex 13.3648 -2.09352 4.5
    endloop
  endfacet
  facet normal -0.223899 0.974612 0
    outer loop
      vertex 13.77 -2.02115 4.5
      vertex 13.5692 -2.06728 15.5
      vertex 13.77 -2.02115 15.5
    endloop
  endfacet
  facet normal -0.223899 0.974612 0
    outer loop
      vertex 13.5692 -2.06728 15.5
      vertex 13.77 -2.02115 4.5
      vertex 13.5692 -2.06728 4.5
    endloop
  endfacet
  facet normal -0.318265 0.948002 0
    outer loop
      vertex 13.9654 -1.95555 4.5
      vertex 13.77 -2.02115 15.5
      vertex 13.9654 -1.95555 15.5
    endloop
  endfacet
  facet normal -0.318265 0.948002 0
    outer loop
      vertex 13.77 -2.02115 15.5
      vertex 13.9654 -1.95555 4.5
      vertex 13.77 -2.02115 4.5
    endloop
  endfacet
  facet normal -0.4098 0.912176 0
    outer loop
      vertex 14.1534 -1.87109 4.5
      vertex 13.9654 -1.95555 15.5
      vertex 14.1534 -1.87109 15.5
    endloop
  endfacet
  facet normal -0.4098 0.912176 0
    outer loop
      vertex 13.9654 -1.95555 15.5
      vertex 14.1534 -1.87109 4.5
      vertex 13.9654 -1.95555 4.5
    endloop
  endfacet
  facet normal -0.497121 0.867681 0
    outer loop
      vertex 14.3322 -1.76865 4.5
      vertex 14.1534 -1.87109 15.5
      vertex 14.3322 -1.76865 15.5
    endloop
  endfacet
  facet normal -0.497121 0.867681 0
    outer loop
      vertex 14.1534 -1.87109 15.5
      vertex 14.3322 -1.76865 4.5
      vertex 14.1534 -1.87109 4.5
    endloop
  endfacet
  facet normal -0.57986 0.814716 0
    outer loop
      vertex 14.5001 -1.64915 4.5
      vertex 14.3322 -1.76865 15.5
      vertex 14.5001 -1.64915 15.5
    endloop
  endfacet
  facet normal -0.57986 0.814716 0
    outer loop
      vertex 14.3322 -1.76865 15.5
      vertex 14.5001 -1.64915 4.5
      vertex 14.3322 -1.76865 4.5
    endloop
  endfacet
  facet normal -0.65684 0.75403 0
    outer loop
      vertex 14.6555 -1.51378 4.5
      vertex 14.5001 -1.64915 15.5
      vertex 14.6555 -1.51378 15.5
    endloop
  endfacet
  facet normal -0.65684 0.75403 0
    outer loop
      vertex 14.5001 -1.64915 15.5
      vertex 14.6555 -1.51378 4.5
      vertex 14.5001 -1.64915 4.5
    endloop
  endfacet
  facet normal -0.727764 0.685828 0
    outer loop
      vertex 14.6555 -1.51378 4.5
      vertex 14.7968 -1.36384 15.5
      vertex 14.7968 -1.36384 4.5
    endloop
  endfacet
  facet normal -0.727764 0.685828 0
    outer loop
      vertex 14.7968 -1.36384 15.5
      vertex 14.6555 -1.51378 4.5
      vertex 14.6555 -1.51378 15.5
    endloop
  endfacet
  facet normal -0.79136 0.611351 0
    outer loop
      vertex 14.7968 -1.36384 4.5
      vertex 14.9228 -1.20074 15.5
      vertex 14.9228 -1.20074 4.5
    endloop
  endfacet
  facet normal -0.79136 0.611351 0
    outer loop
      vertex 14.9228 -1.20074 15.5
      vertex 14.7968 -1.36384 4.5
      vertex 14.7968 -1.36384 15.5
    endloop
  endfacet
  facet normal -0.847453 0.530871 0
    outer loop
      vertex 14.9228 -1.20074 4.5
      vertex 15.0322 -1.0261 15.5
      vertex 15.0322 -1.0261 4.5
    endloop
  endfacet
  facet normal -0.847453 0.530871 0
    outer loop
      vertex 15.0322 -1.0261 15.5
      vertex 14.9228 -1.20074 4.5
      vertex 14.9228 -1.20074 15.5
    endloop
  endfacet
  facet normal -0.895338 0.445386 0
    outer loop
      vertex 15.0322 -1.0261 4.5
      vertex 15.124 -0.841559 15.5
      vertex 15.124 -0.841559 4.5
    endloop
  endfacet
  facet normal -0.895338 0.445386 0
    outer loop
      vertex 15.124 -0.841559 15.5
      vertex 15.0322 -1.0261 4.5
      vertex 15.0322 -1.0261 15.5
    endloop
  endfacet
  facet normal -0.93478 0.355227 0
    outer loop
      vertex 15.124 -0.841559 4.5
      vertex 15.1972 -0.648933 15.5
      vertex 15.1972 -0.648933 4.5
    endloop
  endfacet
  facet normal -0.93478 0.355227 0
    outer loop
      vertex 15.1972 -0.648933 15.5
      vertex 15.124 -0.841559 4.5
      vertex 15.124 -0.841559 15.5
    endloop
  endfacet
  facet normal -0.965058 0.262036 0
    outer loop
      vertex 15.1972 -0.648933 4.5
      vertex 15.2512 -0.450055 15.5
      vertex 15.2512 -0.450055 4.5
    endloop
  endfacet
  facet normal -0.965058 0.262036 0
    outer loop
      vertex 15.2512 -0.450055 15.5
      vertex 15.1972 -0.648933 4.5
      vertex 15.1972 -0.648933 15.5
    endloop
  endfacet
  facet normal -0.986133 0.165956 0
    outer loop
      vertex 15.2512 -0.450055 4.5
      vertex 15.2854 -0.246834 15.5
      vertex 15.2854 -0.246834 4.5
    endloop
  endfacet
  facet normal -0.986133 0.165956 0
    outer loop
      vertex 15.2854 -0.246834 15.5
      vertex 15.2512 -0.450055 4.5
      vertex 15.2512 -0.450055 15.5
    endloop
  endfacet
  facet normal -0.997623 0.0689031 0
    outer loop
      vertex 15.2854 -0.246834 4.5
      vertex 15.2996 -0.0412372 15.5
      vertex 15.2996 -0.0412372 4.5
    endloop
  endfacet
  facet normal -0.997623 0.0689031 0
    outer loop
      vertex 15.2996 -0.0412372 15.5
      vertex 15.2854 -0.246834 4.5
      vertex 15.2854 -0.246834 15.5
    endloop
  endfacet
  facet normal -0.999562 -0.0295982 0
    outer loop
      vertex 15.2996 -0.0412372 4.5
      vertex 15.2935 0.164766 15.5
      vertex 15.2935 0.164766 4.5
    endloop
  endfacet
  facet normal -0.999562 -0.0295982 0
    outer loop
      vertex 15.2935 0.164766 15.5
      vertex 15.2996 -0.0412372 4.5
      vertex 15.2996 -0.0412372 15.5
    endloop
  endfacet
  facet normal -0.991885 -0.127136 0
    outer loop
      vertex 15.2935 0.164766 4.5
      vertex 15.2673 0.369173 15.5
      vertex 15.2673 0.369173 4.5
    endloop
  endfacet
  facet normal -0.991885 -0.127136 0
    outer loop
      vertex 15.2673 0.369173 15.5
      vertex 15.2935 0.164766 4.5
      vertex 15.2935 0.164766 15.5
    endloop
  endfacet
  facet normal -0.974549 -0.224175 0
    outer loop
      vertex 15.2673 0.369173 4.5
      vertex 15.2211 0.570017 15.5
      vertex 15.2211 0.570017 4.5
    endloop
  endfacet
  facet normal -0.974549 -0.224175 0
    outer loop
      vertex 15.2211 0.570017 15.5
      vertex 15.2673 0.369173 4.5
      vertex 15.2673 0.369173 15.5
    endloop
  endfacet
  facet normal -0.947982 -0.318323 0
    outer loop
      vertex 15.2211 0.570017 4.5
      vertex 15.1555 0.765377 15.5
      vertex 15.1555 0.765377 4.5
    endloop
  endfacet
  facet normal -0.947982 -0.318323 0
    outer loop
      vertex 15.1555 0.765377 15.5
      vertex 15.2211 0.570017 4.5
      vertex 15.2211 0.570017 15.5
    endloop
  endfacet
  facet normal -0.912279 -0.40957 0
    outer loop
      vertex 15.1555 0.765377 4.5
      vertex 15.0711 0.95337 15.5
      vertex 15.0711 0.95337 4.5
    endloop
  endfacet
  facet normal -0.912279 -0.40957 0
    outer loop
      vertex 15.0711 0.95337 15.5
      vertex 15.1555 0.765377 4.5
      vertex 15.1555 0.765377 15.5
    endloop
  endfacet
  facet normal -0.86758 -0.497298 0
    outer loop
      vertex 15.0711 0.95337 4.5
      vertex 14.9686 1.13219 15.5
      vertex 14.9686 1.13219 4.5
    endloop
  endfacet
  facet normal -0.86758 -0.497298 0
    outer loop
      vertex 14.9686 1.13219 15.5
      vertex 15.0711 0.95337 4.5
      vertex 15.0711 0.95337 15.5
    endloop
  endfacet
  facet normal -0.814945 -0.579538 0
    outer loop
      vertex 14.9686 1.13219 4.5
      vertex 14.8492 1.30009 15.5
      vertex 14.8492 1.30009 4.5
    endloop
  endfacet
  facet normal -0.814945 -0.579538 0
    outer loop
      vertex 14.8492 1.30009 15.5
      vertex 14.9686 1.13219 4.5
      vertex 14.9686 1.13219 15.5
    endloop
  endfacet
  facet normal -0.753916 -0.656971 0
    outer loop
      vertex 14.8492 1.30009 4.5
      vertex 14.7138 1.45547 15.5
      vertex 14.7138 1.45547 4.5
    endloop
  endfacet
  facet normal -0.753916 -0.656971 0
    outer loop
      vertex 14.7138 1.45547 15.5
      vertex 14.8492 1.30009 4.5
      vertex 14.8492 1.30009 15.5
    endloop
  endfacet
  facet normal -0.685888 -0.727707 0
    outer loop
      vertex 14.5638 1.59685 4.5
      vertex 14.7138 1.45547 15.5
      vertex 14.5638 1.59685 15.5
    endloop
  endfacet
  facet normal -0.685888 -0.727707 -0
    outer loop
      vertex 14.7138 1.45547 15.5
      vertex 14.5638 1.59685 4.5
      vertex 14.7138 1.45547 4.5
    endloop
  endfacet
  facet normal -0.61132 -0.791383 0
    outer loop
      vertex 14.4007 1.72284 4.5
      vertex 14.5638 1.59685 15.5
      vertex 14.4007 1.72284 15.5
    endloop
  endfacet
  facet normal -0.61132 -0.791383 -0
    outer loop
      vertex 14.5638 1.59685 15.5
      vertex 14.4007 1.72284 4.5
      vertex 14.5638 1.59685 4.5
    endloop
  endfacet
  facet normal -0.530958 -0.847398 0
    outer loop
      vertex 14.2261 1.83224 4.5
      vertex 14.4007 1.72284 15.5
      vertex 14.2261 1.83224 15.5
    endloop
  endfacet
  facet normal -0.530958 -0.847398 -0
    outer loop
      vertex 14.4007 1.72284 15.5
      vertex 14.2261 1.83224 4.5
      vertex 14.4007 1.72284 4.5
    endloop
  endfacet
  facet normal -0.445232 -0.895415 0
    outer loop
      vertex 14.0416 1.92398 4.5
      vertex 14.2261 1.83224 15.5
      vertex 14.0416 1.92398 15.5
    endloop
  endfacet
  facet normal -0.445232 -0.895415 -0
    outer loop
      vertex 14.2261 1.83224 15.5
      vertex 14.0416 1.92398 4.5
      vertex 14.2261 1.83224 4.5
    endloop
  endfacet
  facet normal -0.355235 -0.934777 0
    outer loop
      vertex 13.8489 1.99721 4.5
      vertex 14.0416 1.92398 15.5
      vertex 13.8489 1.99721 15.5
    endloop
  endfacet
  facet normal -0.355235 -0.934777 -0
    outer loop
      vertex 14.0416 1.92398 15.5
      vertex 13.8489 1.99721 4.5
      vertex 14.0416 1.92398 4.5
    endloop
  endfacet
  facet normal -0.262041 -0.965057 0
    outer loop
      vertex 13.6501 2.05119 4.5
      vertex 13.8489 1.99721 15.5
      vertex 13.6501 2.05119 15.5
    endloop
  endfacet
  facet normal -0.262041 -0.965057 -0
    outer loop
      vertex 13.8489 1.99721 15.5
      vertex 13.6501 2.05119 4.5
      vertex 13.8489 1.99721 4.5
    endloop
  endfacet
  facet normal -0.166129 -0.986104 0
    outer loop
      vertex 13.4468 2.08544 4.5
      vertex 13.6501 2.05119 15.5
      vertex 13.4468 2.08544 15.5
    endloop
  endfacet
  facet normal -0.166129 -0.986104 -0
    outer loop
      vertex 13.6501 2.05119 15.5
      vertex 13.4468 2.08544 4.5
      vertex 13.6501 2.05119 4.5
    endloop
  endfacet
  facet normal -0.0686605 -0.99764 0
    outer loop
      vertex 13.2412 2.09959 4.5
      vertex 13.4468 2.08544 15.5
      vertex 13.2412 2.09959 15.5
    endloop
  endfacet
  facet normal -0.0686605 -0.99764 -0
    outer loop
      vertex 13.4468 2.08544 15.5
      vertex 13.2412 2.09959 4.5
      vertex 13.4468 2.08544 4.5
    endloop
  endfacet
  facet normal 0.0294532 -0.999566 0
    outer loop
      vertex 13.0352 2.09352 4.5
      vertex 13.2412 2.09959 15.5
      vertex 13.0352 2.09352 15.5
    endloop
  endfacet
  facet normal 0.0294532 -0.999566 0
    outer loop
      vertex 13.2412 2.09959 15.5
      vertex 13.0352 2.09352 4.5
      vertex 13.2412 2.09959 4.5
    endloop
  endfacet
  facet normal 0.127331 -0.99186 0
    outer loop
      vertex 12.8308 2.06728 4.5
      vertex 13.0352 2.09352 15.5
      vertex 12.8308 2.06728 15.5
    endloop
  endfacet
  facet normal 0.127331 -0.99186 0
    outer loop
      vertex 13.0352 2.09352 15.5
      vertex 12.8308 2.06728 4.5
      vertex 13.0352 2.09352 4.5
    endloop
  endfacet
  facet normal 0.223899 -0.974612 0
    outer loop
      vertex 12.63 2.02115 4.5
      vertex 12.8308 2.06728 15.5
      vertex 12.63 2.02115 15.5
    endloop
  endfacet
  facet normal 0.223899 -0.974612 0
    outer loop
      vertex 12.8308 2.06728 15.5
      vertex 12.63 2.02115 4.5
      vertex 12.8308 2.06728 4.5
    endloop
  endfacet
  facet normal 0.318265 -0.948002 0
    outer loop
      vertex 12.4346 1.95555 4.5
      vertex 12.63 2.02115 15.5
      vertex 12.4346 1.95555 15.5
    endloop
  endfacet
  facet normal 0.318265 -0.948002 0
    outer loop
      vertex 12.63 2.02115 15.5
      vertex 12.4346 1.95555 4.5
      vertex 12.63 2.02115 4.5
    endloop
  endfacet
  facet normal 0.4098 -0.912176 0
    outer loop
      vertex 12.2466 1.87109 4.5
      vertex 12.4346 1.95555 15.5
      vertex 12.2466 1.87109 15.5
    endloop
  endfacet
  facet normal 0.4098 -0.912176 0
    outer loop
      vertex 12.4346 1.95555 15.5
      vertex 12.2466 1.87109 4.5
      vertex 12.4346 1.95555 4.5
    endloop
  endfacet
  facet normal 0.497121 -0.867681 0
    outer loop
      vertex 12.0678 1.76865 4.5
      vertex 12.2466 1.87109 15.5
      vertex 12.0678 1.76865 15.5
    endloop
  endfacet
  facet normal 0.497121 -0.867681 0
    outer loop
      vertex 12.2466 1.87109 15.5
      vertex 12.0678 1.76865 4.5
      vertex 12.2466 1.87109 4.5
    endloop
  endfacet
  facet normal 0.57986 -0.814716 0
    outer loop
      vertex 11.8999 1.64915 4.5
      vertex 12.0678 1.76865 15.5
      vertex 11.8999 1.64915 15.5
    endloop
  endfacet
  facet normal 0.57986 -0.814716 0
    outer loop
      vertex 12.0678 1.76865 15.5
      vertex 11.8999 1.64915 4.5
      vertex 12.0678 1.76865 4.5
    endloop
  endfacet
  facet normal 0.65684 -0.75403 0
    outer loop
      vertex 11.7445 1.51378 4.5
      vertex 11.8999 1.64915 15.5
      vertex 11.7445 1.51378 15.5
    endloop
  endfacet
  facet normal 0.65684 -0.75403 0
    outer loop
      vertex 11.8999 1.64915 15.5
      vertex 11.7445 1.51378 4.5
      vertex 11.8999 1.64915 4.5
    endloop
  endfacet
  facet normal 0.727764 -0.685828 0
    outer loop
      vertex 11.6032 1.36384 15.5
      vertex 11.7445 1.51378 4.5
      vertex 11.7445 1.51378 15.5
    endloop
  endfacet
  facet normal 0.727764 -0.685828 0
    outer loop
      vertex 11.7445 1.51378 4.5
      vertex 11.6032 1.36384 15.5
      vertex 11.6032 1.36384 4.5
    endloop
  endfacet
  facet normal 0.79136 -0.611351 0
    outer loop
      vertex 11.4772 1.20074 15.5
      vertex 11.6032 1.36384 4.5
      vertex 11.6032 1.36384 15.5
    endloop
  endfacet
  facet normal 0.79136 -0.611351 0
    outer loop
      vertex 11.6032 1.36384 4.5
      vertex 11.4772 1.20074 15.5
      vertex 11.4772 1.20074 4.5
    endloop
  endfacet
  facet normal 0.847453 -0.530871 0
    outer loop
      vertex 11.3678 1.0261 15.5
      vertex 11.4772 1.20074 4.5
      vertex 11.4772 1.20074 15.5
    endloop
  endfacet
  facet normal 0.847453 -0.530871 0
    outer loop
      vertex 11.4772 1.20074 4.5
      vertex 11.3678 1.0261 15.5
      vertex 11.3678 1.0261 4.5
    endloop
  endfacet
  facet normal 0.895338 -0.445386 0
    outer loop
      vertex 11.276 0.841559 15.5
      vertex 11.3678 1.0261 4.5
      vertex 11.3678 1.0261 15.5
    endloop
  endfacet
  facet normal 0.895338 -0.445386 0
    outer loop
      vertex 11.3678 1.0261 4.5
      vertex 11.276 0.841559 15.5
      vertex 11.276 0.841559 4.5
    endloop
  endfacet
  facet normal 0.93478 -0.355227 0
    outer loop
      vertex 11.2028 0.648933 15.5
      vertex 11.276 0.841559 4.5
      vertex 11.276 0.841559 15.5
    endloop
  endfacet
  facet normal 0.93478 -0.355227 0
    outer loop
      vertex 11.276 0.841559 4.5
      vertex 11.2028 0.648933 15.5
      vertex 11.2028 0.648933 4.5
    endloop
  endfacet
  facet normal 0.965058 -0.262036 0
    outer loop
      vertex 11.1488 0.450055 15.5
      vertex 11.2028 0.648933 4.5
      vertex 11.2028 0.648933 15.5
    endloop
  endfacet
  facet normal 0.965058 -0.262036 0
    outer loop
      vertex 11.2028 0.648933 4.5
      vertex 11.1488 0.450055 15.5
      vertex 11.1488 0.450055 4.5
    endloop
  endfacet
  facet normal 0.986133 -0.165956 0
    outer loop
      vertex 11.1146 0.246834 15.5
      vertex 11.1488 0.450055 4.5
      vertex 11.1488 0.450055 15.5
    endloop
  endfacet
  facet normal 0.986133 -0.165956 0
    outer loop
      vertex 11.1488 0.450055 4.5
      vertex 11.1146 0.246834 15.5
      vertex 11.1146 0.246834 4.5
    endloop
  endfacet
  facet normal 0.997623 -0.0689031 0
    outer loop
      vertex 11.1004 0.0412372 15.5
      vertex 11.1146 0.246834 4.5
      vertex 11.1146 0.246834 15.5
    endloop
  endfacet
  facet normal 0.997623 -0.0689031 0
    outer loop
      vertex 11.1146 0.246834 4.5
      vertex 11.1004 0.0412372 15.5
      vertex 11.1004 0.0412372 4.5
    endloop
  endfacet
  facet normal 0.999562 0.0295982 0
    outer loop
      vertex 11.1065 -0.164766 15.5
      vertex 11.1004 0.0412372 4.5
      vertex 11.1004 0.0412372 15.5
    endloop
  endfacet
  facet normal 0.999562 0.0295982 0
    outer loop
      vertex 11.1004 0.0412372 4.5
      vertex 11.1065 -0.164766 15.5
      vertex 11.1065 -0.164766 4.5
    endloop
  endfacet
  facet normal 0.991885 0.127136 0
    outer loop
      vertex 11.1327 -0.369173 15.5
      vertex 11.1065 -0.164766 4.5
      vertex 11.1065 -0.164766 15.5
    endloop
  endfacet
  facet normal 0.991885 0.127136 0
    outer loop
      vertex 11.1065 -0.164766 4.5
      vertex 11.1327 -0.369173 15.5
      vertex 11.1327 -0.369173 4.5
    endloop
  endfacet
  facet normal 0.974549 0.224175 0
    outer loop
      vertex 11.1789 -0.570017 15.5
      vertex 11.1327 -0.369173 4.5
      vertex 11.1327 -0.369173 15.5
    endloop
  endfacet
  facet normal 0.974549 0.224175 0
    outer loop
      vertex 11.1327 -0.369173 4.5
      vertex 11.1789 -0.570017 15.5
      vertex 11.1789 -0.570017 4.5
    endloop
  endfacet
  facet normal 0.947982 0.318323 0
    outer loop
      vertex 11.2445 -0.765377 15.5
      vertex 11.1789 -0.570017 4.5
      vertex 11.1789 -0.570017 15.5
    endloop
  endfacet
  facet normal 0.947982 0.318323 0
    outer loop
      vertex 11.1789 -0.570017 4.5
      vertex 11.2445 -0.765377 15.5
      vertex 11.2445 -0.765377 4.5
    endloop
  endfacet
  facet normal 0.912279 0.40957 0
    outer loop
      vertex 11.3289 -0.95337 15.5
      vertex 11.2445 -0.765377 4.5
      vertex 11.2445 -0.765377 15.5
    endloop
  endfacet
  facet normal 0.912279 0.40957 0
    outer loop
      vertex 11.2445 -0.765377 4.5
      vertex 11.3289 -0.95337 15.5
      vertex 11.3289 -0.95337 4.5
    endloop
  endfacet
  facet normal 0.86758 0.497298 0
    outer loop
      vertex 11.4314 -1.13219 15.5
      vertex 11.3289 -0.95337 4.5
      vertex 11.3289 -0.95337 15.5
    endloop
  endfacet
  facet normal 0.86758 0.497298 0
    outer loop
      vertex 11.3289 -0.95337 4.5
      vertex 11.4314 -1.13219 15.5
      vertex 11.4314 -1.13219 4.5
    endloop
  endfacet
  facet normal 0.814945 0.579538 0
    outer loop
      vertex 11.5508 -1.30009 15.5
      vertex 11.4314 -1.13219 4.5
      vertex 11.4314 -1.13219 15.5
    endloop
  endfacet
  facet normal 0.814945 0.579538 0
    outer loop
      vertex 11.4314 -1.13219 4.5
      vertex 11.5508 -1.30009 15.5
      vertex 11.5508 -1.30009 4.5
    endloop
  endfacet
  facet normal 0.753916 0.656971 0
    outer loop
      vertex 11.6862 -1.45547 15.5
      vertex 11.5508 -1.30009 4.5
      vertex 11.5508 -1.30009 15.5
    endloop
  endfacet
  facet normal 0.753916 0.656971 0
    outer loop
      vertex 11.5508 -1.30009 4.5
      vertex 11.6862 -1.45547 15.5
      vertex 11.6862 -1.45547 4.5
    endloop
  endfacet
  facet normal 0.685888 0.727707 -0
    outer loop
      vertex 11.8362 -1.59685 4.5
      vertex 11.6862 -1.45547 15.5
      vertex 11.8362 -1.59685 15.5
    endloop
  endfacet
  facet normal 0.685888 0.727707 0
    outer loop
      vertex 11.6862 -1.45547 15.5
      vertex 11.8362 -1.59685 4.5
      vertex 11.6862 -1.45547 4.5
    endloop
  endfacet
  facet normal 0.61132 0.791383 -0
    outer loop
      vertex 11.9993 -1.72284 4.5
      vertex 11.8362 -1.59685 15.5
      vertex 11.9993 -1.72284 15.5
    endloop
  endfacet
  facet normal 0.61132 0.791383 0
    outer loop
      vertex 11.8362 -1.59685 15.5
      vertex 11.9993 -1.72284 4.5
      vertex 11.8362 -1.59685 4.5
    endloop
  endfacet
  facet normal 0.530958 0.847398 -0
    outer loop
      vertex 12.1739 -1.83224 4.5
      vertex 11.9993 -1.72284 15.5
      vertex 12.1739 -1.83224 15.5
    endloop
  endfacet
  facet normal 0.530958 0.847398 0
    outer loop
      vertex 11.9993 -1.72284 15.5
      vertex 12.1739 -1.83224 4.5
      vertex 11.9993 -1.72284 4.5
    endloop
  endfacet
  facet normal 0.445232 0.895415 -0
    outer loop
      vertex 12.3584 -1.92398 4.5
      vertex 12.1739 -1.83224 15.5
      vertex 12.3584 -1.92398 15.5
    endloop
  endfacet
  facet normal 0.445232 0.895415 0
    outer loop
      vertex 12.1739 -1.83224 15.5
      vertex 12.3584 -1.92398 4.5
      vertex 12.1739 -1.83224 4.5
    endloop
  endfacet
  facet normal 0.355235 0.934777 -0
    outer loop
      vertex 12.5511 -1.99721 4.5
      vertex 12.3584 -1.92398 15.5
      vertex 12.5511 -1.99721 15.5
    endloop
  endfacet
  facet normal 0.355235 0.934777 0
    outer loop
      vertex 12.3584 -1.92398 15.5
      vertex 12.5511 -1.99721 4.5
      vertex 12.3584 -1.92398 4.5
    endloop
  endfacet
  facet normal 0.262041 0.965057 -0
    outer loop
      vertex 12.7499 -2.05119 4.5
      vertex 12.5511 -1.99721 15.5
      vertex 12.7499 -2.05119 15.5
    endloop
  endfacet
  facet normal 0.262041 0.965057 0
    outer loop
      vertex 12.5511 -1.99721 15.5
      vertex 12.7499 -2.05119 4.5
      vertex 12.5511 -1.99721 4.5
    endloop
  endfacet
  facet normal -0.445212 -0.895425 0
    outer loop
      vertex 10.5126 -4.79873 9.5
      vertex 10.9959 -5.03903 15.5
      vertex 10.5126 -4.79873 15.5
    endloop
  endfacet
  facet normal -0.445212 -0.895425 -0
    outer loop
      vertex 10.9959 -5.03903 15.5
      vertex 10.5126 -4.79873 9.5
      vertex 10.9959 -5.03903 9.5
    endloop
  endfacet
  facet normal -0.530858 -0.847461 0
    outer loop
      vertex 10.0552 -4.51221 9.5
      vertex 10.5126 -4.79873 15.5
      vertex 10.0552 -4.51221 15.5
    endloop
  endfacet
  facet normal -0.530858 -0.847461 -0
    outer loop
      vertex 10.5126 -4.79873 15.5
      vertex 10.0552 -4.51221 9.5
      vertex 10.5126 -4.79873 9.5
    endloop
  endfacet
  facet normal -0.611343 -0.791366 0
    outer loop
      vertex 9.62805 -4.18223 9.5
      vertex 10.0552 -4.51221 15.5
      vertex 9.62805 -4.18223 15.5
    endloop
  endfacet
  facet normal -0.611343 -0.791366 -0
    outer loop
      vertex 10.0552 -4.51221 15.5
      vertex 9.62805 -4.18223 9.5
      vertex 10.0552 -4.51221 9.5
    endloop
  endfacet
  facet normal -0.685976 -0.727624 0
    outer loop
      vertex 9.23531 -3.81197 9.5
      vertex 9.62805 -4.18223 15.5
      vertex 9.23531 -3.81197 15.5
    endloop
  endfacet
  facet normal -0.685976 -0.727624 -0
    outer loop
      vertex 9.62805 -4.18223 15.5
      vertex 9.23531 -3.81197 9.5
      vertex 9.62805 -4.18223 9.5
    endloop
  endfacet
  facet normal -0.753989 -0.656887 0
    outer loop
      vertex 9.23531 -3.81197 9.5
      vertex 8.88076 -3.40501 15.5
      vertex 8.88076 -3.40501 9.5
    endloop
  endfacet
  facet normal -0.753989 -0.656887 0
    outer loop
      vertex 8.88076 -3.40501 15.5
      vertex 9.23531 -3.81197 9.5
      vertex 9.23531 -3.81197 15.5
    endloop
  endfacet
  facet normal -0.814755 -0.579805 0
    outer loop
      vertex 8.88076 -3.40501 9.5
      vertex 8.56782 -2.96526 15.5
      vertex 8.56782 -2.96526 9.5
    endloop
  endfacet
  facet normal -0.814755 -0.579805 0
    outer loop
      vertex 8.56782 -2.96526 15.5
      vertex 8.88076 -3.40501 9.5
      vertex 8.88076 -3.40501 15.5
    endloop
  endfacet
  facet normal -0.867649 -0.497178 0
    outer loop
      vertex 8.56782 -2.96526 9.5
      vertex 8.29947 -2.49695 15.5
      vertex 8.29947 -2.49695 9.5
    endloop
  endfacet
  facet normal -0.867649 -0.497178 0
    outer loop
      vertex 8.29947 -2.49695 15.5
      vertex 8.56782 -2.96526 9.5
      vertex 8.56782 -2.96526 15.5
    endloop
  endfacet
  facet normal -0.91221 -0.409723 0
    outer loop
      vertex 8.29947 -2.49695 9.5
      vertex 8.07832 -2.00458 15.5
      vertex 8.07832 -2.00458 9.5
    endloop
  endfacet
  facet normal -0.91221 -0.409723 0
    outer loop
      vertex 8.07832 -2.00458 15.5
      vertex 8.29947 -2.49695 9.5
      vertex 8.29947 -2.49695 15.5
    endloop
  endfacet
  facet normal -0.947982 -0.318322 0
    outer loop
      vertex 8.07832 -2.00458 9.5
      vertex 7.90651 -1.49292 15.5
      vertex 7.90651 -1.49292 9.5
    endloop
  endfacet
  facet normal -0.947982 -0.318322 0
    outer loop
      vertex 7.90651 -1.49292 15.5
      vertex 8.07832 -2.00458 9.5
      vertex 8.07832 -2.00458 15.5
    endloop
  endfacet
  facet normal -0.974615 -0.223886 0
    outer loop
      vertex 7.90651 -1.49292 9.5
      vertex 7.78567 -0.966883 15.5
      vertex 7.78567 -0.966883 9.5
    endloop
  endfacet
  facet normal -0.974615 -0.223886 0
    outer loop
      vertex 7.78567 -0.966883 15.5
      vertex 7.90651 -1.49292 9.5
      vertex 7.90651 -1.49292 15.5
    endloop
  endfacet
  facet normal -0.991864 -0.127299 0
    outer loop
      vertex 7.78567 -0.966883 9.5
      vertex 7.71696 -0.431521 15.5
      vertex 7.71696 -0.431521 9.5
    endloop
  endfacet
  facet normal -0.991864 -0.127299 0
    outer loop
      vertex 7.71696 -0.431521 15.5
      vertex 7.78567 -0.966883 9.5
      vertex 7.78567 -0.966883 15.5
    endloop
  endfacet
  facet normal -0.999567 -0.0294397 0
    outer loop
      vertex 7.71696 -0.431521 9.5
      vertex 7.70107 0.107992 15.5
      vertex 7.70107 0.107992 9.5
    endloop
  endfacet
  facet normal -0.999567 -0.0294397 0
    outer loop
      vertex 7.70107 0.107992 15.5
      vertex 7.71696 -0.431521 9.5
      vertex 7.71696 -0.431521 15.5
    endloop
  endfacet
  facet normal -0.99764 0.0686613 0
    outer loop
      vertex 7.70107 0.107992 9.5
      vertex 7.73813 0.646469 15.5
      vertex 7.73813 0.646469 9.5
    endloop
  endfacet
  facet normal -0.99764 0.0686613 0
    outer loop
      vertex 7.73813 0.646469 15.5
      vertex 7.70107 0.107992 9.5
      vertex 7.70107 0.107992 15.5
    endloop
  endfacet
  facet normal -0.986106 0.16612 0
    outer loop
      vertex 7.73813 0.646469 9.5
      vertex 7.82779 1.1787 15.5
      vertex 7.82779 1.1787 9.5
    endloop
  endfacet
  facet normal -0.986106 0.16612 0
    outer loop
      vertex 7.82779 1.1787 15.5
      vertex 7.73813 0.646469 9.5
      vertex 7.73813 0.646469 15.5
    endloop
  endfacet
  facet normal -0.965074 0.261978 0
    outer loop
      vertex 7.82779 1.1787 9.5
      vertex 7.96919 1.69959 15.5
      vertex 7.96919 1.69959 9.5
    endloop
  endfacet
  facet normal -0.965074 0.261978 0
    outer loop
      vertex 7.96919 1.69959 15.5
      vertex 7.82779 1.1787 9.5
      vertex 7.82779 1.1787 15.5
    endloop
  endfacet
  facet normal 0.934735 -0.355345 0
    outer loop
      vertex 18.239 -2.20412 15.5
      vertex 18.4308 -1.69959 9.5
      vertex 18.4308 -1.69959 15.5
    endloop
  endfacet
  facet normal 0.934735 -0.355345 0
    outer loop
      vertex 18.4308 -1.69959 9.5
      vertex 18.239 -2.20412 15.5
      vertex 18.239 -2.20412 9.5
    endloop
  endfacet
  facet normal 0.895418 -0.445226 0
    outer loop
      vertex 17.9987 -2.6874 15.5
      vertex 18.239 -2.20412 9.5
      vertex 18.239 -2.20412 15.5
    endloop
  endfacet
  facet normal 0.895418 -0.445226 0
    outer loop
      vertex 18.239 -2.20412 9.5
      vertex 17.9987 -2.6874 15.5
      vertex 17.9987 -2.6874 9.5
    endloop
  endfacet
  facet normal 0.847488 -0.530815 0
    outer loop
      vertex 17.7122 -3.14482 15.5
      vertex 17.9987 -2.6874 9.5
      vertex 17.9987 -2.6874 15.5
    endloop
  endfacet
  facet normal 0.847488 -0.530815 0
    outer loop
      vertex 17.9987 -2.6874 9.5
      vertex 17.7122 -3.14482 15.5
      vertex 17.7122 -3.14482 9.5
    endloop
  endfacet
  facet normal 0.791334 -0.611384 0
    outer loop
      vertex 17.3822 -3.57195 15.5
      vertex 17.7122 -3.14482 9.5
      vertex 17.7122 -3.14482 15.5
    endloop
  endfacet
  facet normal 0.791334 -0.611384 0
    outer loop
      vertex 17.7122 -3.14482 9.5
      vertex 17.3822 -3.57195 15.5
      vertex 17.3822 -3.57195 9.5
    endloop
  endfacet
  facet normal 0.72768 -0.685917 0
    outer loop
      vertex 17.012 -3.96469 15.5
      vertex 17.3822 -3.57195 9.5
      vertex 17.3822 -3.57195 15.5
    endloop
  endfacet
  facet normal 0.72768 -0.685917 0
    outer loop
      vertex 17.3822 -3.57195 9.5
      vertex 17.012 -3.96469 15.5
      vertex 17.012 -3.96469 9.5
    endloop
  endfacet
  facet normal 0.65685 -0.754021 0
    outer loop
      vertex 16.605 -4.31924 9.5
      vertex 17.012 -3.96469 15.5
      vertex 16.605 -4.31924 15.5
    endloop
  endfacet
  facet normal 0.65685 -0.754021 0
    outer loop
      vertex 17.012 -3.96469 15.5
      vertex 16.605 -4.31924 9.5
      vertex 17.012 -3.96469 9.5
    endloop
  endfacet
  facet normal 0.579849 -0.814724 0
    outer loop
      vertex 16.1653 -4.63218 9.5
      vertex 16.605 -4.31924 15.5
      vertex 16.1653 -4.63218 15.5
    endloop
  endfacet
  facet normal 0.579849 -0.814724 0
    outer loop
      vertex 16.605 -4.31924 15.5
      vertex 16.1653 -4.63218 9.5
      vertex 16.605 -4.31924 9.5
    endloop
  endfacet
  facet normal 0.497106 -0.86769 0
    outer loop
      vertex 15.6969 -4.90053 9.5
      vertex 16.1653 -4.63218 15.5
      vertex 15.6969 -4.90053 15.5
    endloop
  endfacet
  facet normal 0.497106 -0.86769 0
    outer loop
      vertex 16.1653 -4.63218 15.5
      vertex 15.6969 -4.90053 9.5
      vertex 16.1653 -4.63218 9.5
    endloop
  endfacet
  facet normal 0.409771 -0.912188 0
    outer loop
      vertex 15.2046 -5.12168 9.5
      vertex 15.6969 -4.90053 15.5
      vertex 15.2046 -5.12168 15.5
    endloop
  endfacet
  facet normal 0.409771 -0.912188 0
    outer loop
      vertex 15.6969 -4.90053 15.5
      vertex 15.2046 -5.12168 9.5
      vertex 15.6969 -4.90053 9.5
    endloop
  endfacet
  facet normal 0.3183 -0.94799 0
    outer loop
      vertex 14.6929 -5.29349 9.5
      vertex 15.2046 -5.12168 15.5
      vertex 14.6929 -5.29349 15.5
    endloop
  endfacet
  facet normal 0.3183 -0.94799 0
    outer loop
      vertex 15.2046 -5.12168 15.5
      vertex 14.6929 -5.29349 9.5
      vertex 15.2046 -5.12168 9.5
    endloop
  endfacet
  facet normal 0.223919 -0.974608 0
    outer loop
      vertex 14.1669 -5.41434 9.5
      vertex 14.6929 -5.29349 15.5
      vertex 14.1669 -5.41434 15.5
    endloop
  endfacet
  facet normal 0.223919 -0.974608 0
    outer loop
      vertex 14.6929 -5.29349 15.5
      vertex 14.1669 -5.41434 9.5
      vertex 14.6929 -5.29349 9.5
    endloop
  endfacet
  facet normal 0.127272 -0.991868 0
    outer loop
      vertex 13.6315 -5.48304 9.5
      vertex 14.1669 -5.41434 15.5
      vertex 13.6315 -5.48304 15.5
    endloop
  endfacet
  facet normal 0.127272 -0.991868 0
    outer loop
      vertex 14.1669 -5.41434 15.5
      vertex 13.6315 -5.48304 9.5
      vertex 14.1669 -5.41434 9.5
    endloop
  endfacet
  facet normal 0.0294404 -0.999567 0
    outer loop
      vertex 13.092 -5.49893 9.5
      vertex 13.6315 -5.48304 15.5
      vertex 13.092 -5.49893 15.5
    endloop
  endfacet
  facet normal 0.0294404 -0.999567 0
    outer loop
      vertex 13.6315 -5.48304 15.5
      vertex 13.092 -5.49893 9.5
      vertex 13.6315 -5.48304 9.5
    endloop
  endfacet
  facet normal -0.0686584 -0.99764 0
    outer loop
      vertex 12.5535 -5.46187 9.5
      vertex 13.092 -5.49893 15.5
      vertex 12.5535 -5.46187 15.5
    endloop
  endfacet
  facet normal -0.0686584 -0.99764 -0
    outer loop
      vertex 13.092 -5.49893 15.5
      vertex 12.5535 -5.46187 9.5
      vertex 13.092 -5.49893 9.5
    endloop
  endfacet
  facet normal -0.166129 -0.986104 0
    outer loop
      vertex 12.0213 -5.37221 9.5
      vertex 12.5535 -5.46187 15.5
      vertex 12.0213 -5.37221 15.5
    endloop
  endfacet
  facet normal -0.166129 -0.986104 -0
    outer loop
      vertex 12.5535 -5.46187 15.5
      vertex 12.0213 -5.37221 9.5
      vertex 12.5535 -5.46187 9.5
    endloop
  endfacet
  facet normal -0.261973 -0.965075 0
    outer loop
      vertex 11.5004 -5.23081 9.5
      vertex 12.0213 -5.37221 15.5
      vertex 11.5004 -5.23081 15.5
    endloop
  endfacet
  facet normal -0.261973 -0.965075 -0
    outer loop
      vertex 12.0213 -5.37221 15.5
      vertex 11.5004 -5.23081 9.5
      vertex 12.0213 -5.37221 9.5
    endloop
  endfacet
  facet normal -0.355331 -0.934741 0
    outer loop
      vertex 10.9959 -5.03903 9.5
      vertex 11.5004 -5.23081 15.5
      vertex 10.9959 -5.03903 15.5
    endloop
  endfacet
  facet normal -0.355331 -0.934741 -0
    outer loop
      vertex 11.5004 -5.23081 15.5
      vertex 10.9959 -5.03903 9.5
      vertex 11.5004 -5.23081 9.5
    endloop
  endfacet
  facet normal 0 0 1
    outer loop
      vertex 17.1623 56.4975 15.5
      vertex 17.1527 56.0075 15.5
      vertex 17.1695 56.2522 15.5
    endloop
  endfacet
  facet normal 0 0 1
    outer loop
      vertex 17.1311 56.7408 15.5
      vertex 17.1527 56.0075 15.5
      vertex 17.1623 56.4975 15.5
    endloop
  endfacet
  facet normal 0 0 1
    outer loop
      vertex 17.1311 56.7408 15.5
      vertex 17.1119 55.7655 15.5
      vertex 17.1527 56.0075 15.5
    endloop
  endfacet
  facet normal 0 0 1
    outer loop
      vertex 17.0761 56.9799 15.5
      vertex 17.1119 55.7655 15.5
      vertex 17.1311 56.7408 15.5
    endloop
  endfacet
  facet normal 0 0 1
    outer loop
      vertex 17.0761 56.9799 15.5
      vertex 17.0477 55.5288 15.5
      vertex 17.1119 55.7655 15.5
    endloop
  endfacet
  facet normal 0 0 1
    outer loop
      vertex 16.9981 57.2125 15.5
      vertex 17.0477 55.5288 15.5
      vertex 17.0761 56.9799 15.5
    endloop
  endfacet
  facet normal 0 0 1
    outer loop
      vertex 16.8975 57.4363 15.5
      vertex 17.0477 55.5288 15.5
      vertex 16.9981 57.2125 15.5
    endloop
  endfacet
  facet normal 0 0 1
    outer loop
      vertex 16.7756 57.6492 15.5
      vertex 17.0477 55.5288 15.5
      vertex 16.8975 57.4363 15.5
    endloop
  endfacet
  facet normal 0 0 1
    outer loop
      vertex 16.6333 57.849 15.5
      vertex 17.0477 55.5288 15.5
      vertex 16.7756 57.6492 15.5
    endloop
  endfacet
  facet normal 0 0 1
    outer loop
      vertex 16.4721 58.034 15.5
      vertex 17.0477 55.5288 15.5
      vertex 16.6333 57.849 15.5
    endloop
  endfacet
  facet normal 0 0 1
    outer loop
      vertex 16.2936 58.2023 15.5
      vertex 17.0477 55.5288 15.5
      vertex 16.4721 58.034 15.5
    endloop
  endfacet
  facet normal 0 0 1
    outer loop
      vertex 16.0995 58.3523 15.5
      vertex 17.0477 55.5288 15.5
      vertex 16.2936 58.2023 15.5
    endloop
  endfacet
  facet normal 0 0 1
    outer loop
      vertex 15.8916 58.4825 15.5
      vertex 17.0477 55.5288 15.5
      vertex 16.0995 58.3523 15.5
    endloop
  endfacet
  facet normal 0 0 1
    outer loop
      vertex 15.6719 58.5918 15.5
      vertex 17.0477 55.5288 15.5
      vertex 15.8916 58.4825 15.5
    endloop
  endfacet
  facet normal 0 0 1
    outer loop
      vertex 15.4426 58.679 15.5
      vertex 17.0477 55.5288 15.5
      vertex 15.6719 58.5918 15.5
    endloop
  endfacet
  facet normal 0 0 1
    outer loop
      vertex 15.2058 58.7432 15.5
      vertex 17.0477 55.5288 15.5
      vertex 15.4426 58.679 15.5
    endloop
  endfacet
  facet normal 0 0 1
    outer loop
      vertex 14.9639 58.784 15.5
      vertex 17.0477 55.5288 15.5
      vertex 15.2058 58.7432 15.5
    endloop
  endfacet
  facet normal 0 0 1
    outer loop
      vertex 14.7191 58.8008 15.5
      vertex 17.0477 55.5288 15.5
      vertex 14.9639 58.784 15.5
    endloop
  endfacet
  facet normal -0 0 1
    outer loop
      vertex 12.2924 57.0739 15.5
      vertex 17.0477 55.5288 15.5
      vertex 14.7191 58.8008 15.5
    endloop
  endfacet
  facet normal 0 0 1
    outer loop
      vertex 12.2924 57.0739 15.5
      vertex 14.7191 58.8008 15.5
      vertex 14.4739 58.7936 15.5
    endloop
  endfacet
  facet normal 0 0 1
    outer loop
      vertex 14.6473 46.9399 15.5
      vertex 21.6505 37.8559 15.5
      vertex 27.2603 43.2731 15.5
    endloop
  endfacet
  facet normal 0 0 1
    outer loop
      vertex 12.2924 57.0739 15.5
      vertex 14.4739 58.7936 15.5
      vertex 14.2305 58.7624 15.5
    endloop
  endfacet
  facet normal 0 0 1
    outer loop
      vertex 12.2924 57.0739 15.5
      vertex 14.2305 58.7624 15.5
      vertex 13.9914 58.7074 15.5
    endloop
  endfacet
  facet normal 0 0 1
    outer loop
      vertex 12.2924 57.0739 15.5
      vertex 13.9914 58.7074 15.5
      vertex 13.7589 58.6294 15.5
    endloop
  endfacet
  facet normal 0 0 1
    outer loop
      vertex 12.2924 57.0739 15.5
      vertex 13.7589 58.6294 15.5
      vertex 13.535 58.5288 15.5
    endloop
  endfacet
  facet normal 0 0 1
    outer loop
      vertex 12.2924 57.0739 15.5
      vertex 13.535 58.5288 15.5
      vertex 13.3222 58.4069 15.5
    endloop
  endfacet
  facet normal 0 0 1
    outer loop
      vertex 12.2924 57.0739 15.5
      vertex 13.3222 58.4069 15.5
      vertex 13.1223 58.2646 15.5
    endloop
  endfacet
  facet normal 0 0 1
    outer loop
      vertex 12.2924 57.0739 15.5
      vertex 13.1223 58.2646 15.5
      vertex 12.9373 58.1034 15.5
    endloop
  endfacet
  facet normal 0 0 1
    outer loop
      vertex 12.2924 57.0739 15.5
      vertex 12.9373 58.1034 15.5
      vertex 12.769 57.9249 15.5
    endloop
  endfacet
  facet normal 0 0 1
    outer loop
      vertex 12.2924 57.0739 15.5
      vertex 12.769 57.9249 15.5
      vertex 12.619 57.7308 15.5
    endloop
  endfacet
  facet normal 0 0 1
    outer loop
      vertex 12.2924 57.0739 15.5
      vertex 12.619 57.7308 15.5
      vertex 12.4888 57.5229 15.5
    endloop
  endfacet
  facet normal 0 0 1
    outer loop
      vertex 12.2924 57.0739 15.5
      vertex 12.4888 57.5229 15.5
      vertex 12.3795 57.3032 15.5
    endloop
  endfacet
  facet normal 0 0 1
    outer loop
      vertex 17.0477 55.5288 15.5
      vertex 12.2924 57.0739 15.5
      vertex 14.6473 46.9399 15.5
    endloop
  endfacet
  facet normal 0 0 1
    outer loop
      vertex 14.6473 46.9399 15.5
      vertex 10.0348 42.0355 15.5
      vertex 21.6505 37.8559 15.5
    endloop
  endfacet
  facet normal 0 0 1
    outer loop
      vertex 8.10864 45.8157 15.5
      vertex 14.6473 46.9399 15.5
      vertex 12.2924 57.0739 15.5
    endloop
  endfacet
  facet normal 0 0 1
    outer loop
      vertex 14.6473 46.9399 15.5
      vertex 8.10864 45.8157 15.5
      vertex 10.0348 42.0355 15.5
    endloop
  endfacet
  facet normal 0 0 1
    outer loop
      vertex 10.0348 42.0355 15.5
      vertex 8.10864 45.8157 15.5
      vertex 9.75957 42.1401 15.5
    endloop
  endfacet
  facet normal 0 0 1
    outer loop
      vertex 9.75957 42.1401 15.5
      vertex 8.10864 45.8157 15.5
      vertex 9.49595 42.2711 15.5
    endloop
  endfacet
  facet normal 0 0 1
    outer loop
      vertex 9.49595 42.2711 15.5
      vertex 8.10864 45.8157 15.5
      vertex 9.24645 42.4274 15.5
    endloop
  endfacet
  facet normal 0 0 1
    outer loop
      vertex 9.24645 42.4274 15.5
      vertex 8.10864 45.8157 15.5
      vertex 9.01347 42.6074 15.5
    endloop
  endfacet
  facet normal 0 0 1
    outer loop
      vertex 9.01347 42.6074 15.5
      vertex 8.10864 45.8157 15.5
      vertex 8.79925 42.8094 15.5
    endloop
  endfacet
  facet normal 0 0 1
    outer loop
      vertex 8.79925 42.8094 15.5
      vertex 8.10864 45.8157 15.5
      vertex 8.60586 43.0314 15.5
    endloop
  endfacet
  facet normal 0 0 1
    outer loop
      vertex 8.60586 43.0314 15.5
      vertex 8.10864 45.8157 15.5
      vertex 8.43516 43.2712 15.5
    endloop
  endfacet
  facet normal 0 0 1
    outer loop
      vertex 8.43516 43.2712 15.5
      vertex 8.10864 45.8157 15.5
      vertex 8.2888 43.5267 15.5
    endloop
  endfacet
  facet normal 0 0 1
    outer loop
      vertex 8.2888 43.5267 15.5
      vertex 8.10864 45.8157 15.5
      vertex 8.16816 43.7952 15.5
    endloop
  endfacet
  facet normal 0 0 1
    outer loop
      vertex 8.10864 45.8157 15.5
      vertex 8.07445 44.0743 15.5
      vertex 8.16816 43.7952 15.5
    endloop
  endfacet
  facet normal -0 0 1
    outer loop
      vertex 8.03152 45.5316 15.5
      vertex 8.07445 44.0743 15.5
      vertex 8.10864 45.8157 15.5
    endloop
  endfacet
  facet normal 0 0 1
    outer loop
      vertex 8.03152 45.5316 15.5
      vertex 8.00854 44.3612 15.5
      vertex 8.07445 44.0743 15.5
    endloop
  endfacet
  facet normal -0 0 1
    outer loop
      vertex 7.9826 45.2412 15.5
      vertex 8.00854 44.3612 15.5
      vertex 8.03152 45.5316 15.5
    endloop
  endfacet
  facet normal 0 0 1
    outer loop
      vertex 7.9826 45.2412 15.5
      vertex 7.97106 44.6533 15.5
      vertex 8.00854 44.3612 15.5
    endloop
  endfacet
  facet normal 0 -0 1
    outer loop
      vertex 7.97106 44.6533 15.5
      vertex 7.9826 45.2412 15.5
      vertex 7.96239 44.9475 15.5
    endloop
  endfacet
  facet normal 0 0 1
    outer loop
      vertex 29.6679 40.219 15.5
      vertex 29.6544 39.533 15.5
      vertex 29.678 39.8757 15.5
    endloop
  endfacet
  facet normal 0 0 1
    outer loop
      vertex 29.6242 40.5597 15.5
      vertex 29.6544 39.533 15.5
      vertex 29.6679 40.219 15.5
    endloop
  endfacet
  facet normal 0 0 1
    outer loop
      vertex 29.6242 40.5597 15.5
      vertex 29.5974 39.1943 15.5
      vertex 29.6544 39.533 15.5
    endloop
  endfacet
  facet normal 0 0 1
    outer loop
      vertex 29.5473 40.8944 15.5
      vertex 29.5974 39.1943 15.5
      vertex 29.6242 40.5597 15.5
    endloop
  endfacet
  facet normal 0 0 1
    outer loop
      vertex 29.5473 40.8944 15.5
      vertex 29.5074 38.8628 15.5
      vertex 29.5974 39.1943 15.5
    endloop
  endfacet
  facet normal 0 0 1
    outer loop
      vertex 29.438 41.22 15.5
      vertex 29.5074 38.8628 15.5
      vertex 29.5473 40.8944 15.5
    endloop
  endfacet
  facet normal 0 0 1
    outer loop
      vertex 29.2972 41.5333 15.5
      vertex 29.5074 38.8628 15.5
      vertex 29.438 41.22 15.5
    endloop
  endfacet
  facet normal 0 0 1
    outer loop
      vertex 29.1265 41.8314 15.5
      vertex 29.5074 38.8628 15.5
      vertex 29.2972 41.5333 15.5
    endloop
  endfacet
  facet normal 0 0 1
    outer loop
      vertex 28.9273 42.1112 15.5
      vertex 29.5074 38.8628 15.5
      vertex 29.1265 41.8314 15.5
    endloop
  endfacet
  facet normal 0 0 1
    outer loop
      vertex 28.7017 42.3702 15.5
      vertex 29.5074 38.8628 15.5
      vertex 28.9273 42.1112 15.5
    endloop
  endfacet
  facet normal 0 0 1
    outer loop
      vertex 28.4518 42.6058 15.5
      vertex 29.5074 38.8628 15.5
      vertex 28.7017 42.3702 15.5
    endloop
  endfacet
  facet normal 0 0 1
    outer loop
      vertex 28.18 42.8158 15.5
      vertex 29.5074 38.8628 15.5
      vertex 28.4518 42.6058 15.5
    endloop
  endfacet
  facet normal 0 0 1
    outer loop
      vertex 27.8889 42.9981 15.5
      vertex 29.5074 38.8628 15.5
      vertex 28.18 42.8158 15.5
    endloop
  endfacet
  facet normal 0 0 1
    outer loop
      vertex 27.5813 43.151 15.5
      vertex 29.5074 38.8628 15.5
      vertex 27.8889 42.9981 15.5
    endloop
  endfacet
  facet normal 0 0 1
    outer loop
      vertex 27.2603 43.2731 15.5
      vertex 29.5074 38.8628 15.5
      vertex 27.5813 43.151 15.5
    endloop
  endfacet
  facet normal 0 0 1
    outer loop
      vertex 21.6505 37.8559 15.5
      vertex 29.5074 38.8628 15.5
      vertex 27.2603 43.2731 15.5
    endloop
  endfacet
  facet normal 0 0 1
    outer loop
      vertex 14.5638 1.59685 15.5
      vertex 29.5074 38.8628 15.5
      vertex 21.6505 37.8559 15.5
    endloop
  endfacet
  facet normal 0 0 1
    outer loop
      vertex 29.5074 38.8628 15.5
      vertex 14.7138 1.45547 15.5
      vertex 18.4308 -1.69959 15.5
    endloop
  endfacet
  facet normal -0 -0 1
    outer loop
      vertex 14.9686 1.13219 15.5
      vertex 18.4308 -1.69959 15.5
      vertex 14.8492 1.30009 15.5
    endloop
  endfacet
  facet normal -0 -0 1
    outer loop
      vertex 15.1555 0.765377 15.5
      vertex 18.4308 -1.69959 15.5
      vertex 15.0711 0.95337 15.5
    endloop
  endfacet
  facet normal -0 -0 1
    outer loop
      vertex 15.2673 0.369173 15.5
      vertex 18.4308 -1.69959 15.5
      vertex 15.2211 0.570017 15.5
    endloop
  endfacet
  facet normal -0 -0 1
    outer loop
      vertex 15.2996 -0.0412372 15.5
      vertex 18.4308 -1.69959 15.5
      vertex 15.2935 0.164766 15.5
    endloop
  endfacet
  facet normal -0 0 1
    outer loop
      vertex 15.2512 -0.450055 15.5
      vertex 18.4308 -1.69959 15.5
      vertex 15.2854 -0.246834 15.5
    endloop
  endfacet
  facet normal 0 0 1
    outer loop
      vertex 18.4308 -1.69959 15.5
      vertex 15.1972 -0.648933 15.5
      vertex 18.239 -2.20412 15.5
    endloop
  endfacet
  facet normal -0 0 1
    outer loop
      vertex 15.124 -0.841559 15.5
      vertex 18.239 -2.20412 15.5
      vertex 15.1972 -0.648933 15.5
    endloop
  endfacet
  facet normal -0 0 1
    outer loop
      vertex 15.0322 -1.0261 15.5
      vertex 17.9987 -2.6874 15.5
      vertex 15.124 -0.841559 15.5
    endloop
  endfacet
  facet normal 0 0 1
    outer loop
      vertex 17.9987 -2.6874 15.5
      vertex 15.0322 -1.0261 15.5
      vertex 17.7122 -3.14482 15.5
    endloop
  endfacet
  facet normal 0 0 1
    outer loop
      vertex 18.239 -2.20412 15.5
      vertex 15.124 -0.841559 15.5
      vertex 17.9987 -2.6874 15.5
    endloop
  endfacet
  facet normal -0 0 1
    outer loop
      vertex 15.1972 -0.648933 15.5
      vertex 18.4308 -1.69959 15.5
      vertex 15.2512 -0.450055 15.5
    endloop
  endfacet
  facet normal -0 0 1
    outer loop
      vertex 15.2854 -0.246834 15.5
      vertex 18.4308 -1.69959 15.5
      vertex 15.2996 -0.0412372 15.5
    endloop
  endfacet
  facet normal -0 -0 1
    outer loop
      vertex 15.2935 0.164766 15.5
      vertex 18.4308 -1.69959 15.5
      vertex 15.2673 0.369173 15.5
    endloop
  endfacet
  facet normal -0 -0 1
    outer loop
      vertex 15.2211 0.570017 15.5
      vertex 18.4308 -1.69959 15.5
      vertex 15.1555 0.765377 15.5
    endloop
  endfacet
  facet normal -0 -0 1
    outer loop
      vertex 15.0711 0.95337 15.5
      vertex 18.4308 -1.69959 15.5
      vertex 14.9686 1.13219 15.5
    endloop
  endfacet
  facet normal 0 0 1
    outer loop
      vertex 18.4308 -1.69959 15.5
      vertex 14.7138 1.45547 15.5
      vertex 14.8492 1.30009 15.5
    endloop
  endfacet
  facet normal 0 0 1
    outer loop
      vertex 29.5074 38.8628 15.5
      vertex 14.5638 1.59685 15.5
      vertex 14.7138 1.45547 15.5
    endloop
  endfacet
  facet normal 0 0 1
    outer loop
      vertex 21.6505 37.8559 15.5
      vertex 14.4007 1.72284 15.5
      vertex 14.5638 1.59685 15.5
    endloop
  endfacet
  facet normal 0 0 1
    outer loop
      vertex 21.6505 37.8559 15.5
      vertex 14.2261 1.83224 15.5
      vertex 14.4007 1.72284 15.5
    endloop
  endfacet
  facet normal 0 0 1
    outer loop
      vertex 21.6505 37.8559 15.5
      vertex 14.0416 1.92398 15.5
      vertex 14.2261 1.83224 15.5
    endloop
  endfacet
  facet normal 0 0 1
    outer loop
      vertex 21.6505 37.8559 15.5
      vertex 13.8489 1.99721 15.5
      vertex 14.0416 1.92398 15.5
    endloop
  endfacet
  facet normal 0 0 1
    outer loop
      vertex 21.6505 37.8559 15.5
      vertex 13.6501 2.05119 15.5
      vertex 13.8489 1.99721 15.5
    endloop
  endfacet
  facet normal 0 0 1
    outer loop
      vertex 21.6505 37.8559 15.5
      vertex 13.4468 2.08544 15.5
      vertex 13.6501 2.05119 15.5
    endloop
  endfacet
  facet normal 0 0 1
    outer loop
      vertex 21.6505 37.8559 15.5
      vertex 13.2412 2.09959 15.5
      vertex 13.4468 2.08544 15.5
    endloop
  endfacet
  facet normal 0 0 1
    outer loop
      vertex 21.6505 37.8559 15.5
      vertex 13.0352 2.09352 15.5
      vertex 13.2412 2.09959 15.5
    endloop
  endfacet
  facet normal 0 0 1
    outer loop
      vertex 21.6505 37.8559 15.5
      vertex 12.8308 2.06728 15.5
      vertex 13.0352 2.09352 15.5
    endloop
  endfacet
  facet normal 0 0 1
    outer loop
      vertex 7.96919 1.69959 15.5
      vertex 12.8308 2.06728 15.5
      vertex 21.6505 37.8559 15.5
    endloop
  endfacet
  facet normal 0 0 1
    outer loop
      vertex 12.8308 2.06728 15.5
      vertex 7.96919 1.69959 15.5
      vertex 12.63 2.02115 15.5
    endloop
  endfacet
  facet normal 0 0 1
    outer loop
      vertex 12.63 2.02115 15.5
      vertex 7.96919 1.69959 15.5
      vertex 12.4346 1.95555 15.5
    endloop
  endfacet
  facet normal 0 0 1
    outer loop
      vertex 12.4346 1.95555 15.5
      vertex 7.96919 1.69959 15.5
      vertex 12.2466 1.87109 15.5
    endloop
  endfacet
  facet normal 0 0 1
    outer loop
      vertex 12.2466 1.87109 15.5
      vertex 7.96919 1.69959 15.5
      vertex 12.0678 1.76865 15.5
    endloop
  endfacet
  facet normal 0 0 1
    outer loop
      vertex 12.0678 1.76865 15.5
      vertex 7.96919 1.69959 15.5
      vertex 11.8999 1.64915 15.5
    endloop
  endfacet
  facet normal 0 0 1
    outer loop
      vertex 11.8999 1.64915 15.5
      vertex 7.96919 1.69959 15.5
      vertex 11.7445 1.51378 15.5
    endloop
  endfacet
  facet normal 0 0 1
    outer loop
      vertex 11.7445 1.51378 15.5
      vertex 7.96919 1.69959 15.5
      vertex 11.6032 1.36384 15.5
    endloop
  endfacet
  facet normal 0 0 1
    outer loop
      vertex 11.6032 1.36384 15.5
      vertex 7.96919 1.69959 15.5
      vertex 11.4772 1.20074 15.5
    endloop
  endfacet
  facet normal 0 0 1
    outer loop
      vertex 11.4772 1.20074 15.5
      vertex 7.96919 1.69959 15.5
      vertex 11.3678 1.0261 15.5
    endloop
  endfacet
  facet normal 0 0 1
    outer loop
      vertex 11.3678 1.0261 15.5
      vertex 7.96919 1.69959 15.5
      vertex 11.276 0.841559 15.5
    endloop
  endfacet
  facet normal 0 0 1
    outer loop
      vertex 12.1739 -1.83224 15.5
      vertex 10.5126 -4.79873 15.5
      vertex 10.9959 -5.03903 15.5
    endloop
  endfacet
  facet normal -0 0 1
    outer loop
      vertex 7.70107 0.107992 15.5
      vertex 11.1004 0.0412372 15.5
      vertex 11.1146 0.246834 15.5
    endloop
  endfacet
  facet normal 0 0 1
    outer loop
      vertex 11.1065 -0.164766 15.5
      vertex 10.0552 -4.51221 15.5
      vertex 10.5126 -4.79873 15.5
    endloop
  endfacet
  facet normal 0 0 1
    outer loop
      vertex 7.73813 0.646469 15.5
      vertex 11.1146 0.246834 15.5
      vertex 11.1488 0.450055 15.5
    endloop
  endfacet
  facet normal 0 0 1
    outer loop
      vertex 11.1065 -0.164766 15.5
      vertex 9.62805 -4.18223 15.5
      vertex 10.0552 -4.51221 15.5
    endloop
  endfacet
  facet normal 0 0 1
    outer loop
      vertex 7.82779 1.1787 15.5
      vertex 11.1488 0.450055 15.5
      vertex 11.2028 0.648933 15.5
    endloop
  endfacet
  facet normal 0 0 1
    outer loop
      vertex 11.276 0.841559 15.5
      vertex 7.96919 1.69959 15.5
      vertex 11.2028 0.648933 15.5
    endloop
  endfacet
  facet normal -0 0 1
    outer loop
      vertex 7.82779 1.1787 15.5
      vertex 11.2028 0.648933 15.5
      vertex 7.96919 1.69959 15.5
    endloop
  endfacet
  facet normal 0 0 1
    outer loop
      vertex 11.1065 -0.164766 15.5
      vertex 9.23531 -3.81197 15.5
      vertex 9.62805 -4.18223 15.5
    endloop
  endfacet
  facet normal 0 0 1
    outer loop
      vertex 11.1065 -0.164766 15.5
      vertex 8.88076 -3.40501 15.5
      vertex 9.23531 -3.81197 15.5
    endloop
  endfacet
  facet normal 0 0 1
    outer loop
      vertex 11.1065 -0.164766 15.5
      vertex 8.56782 -2.96526 15.5
      vertex 8.88076 -3.40501 15.5
    endloop
  endfacet
  facet normal 0 0 1
    outer loop
      vertex 11.1065 -0.164766 15.5
      vertex 8.29947 -2.49695 15.5
      vertex 8.56782 -2.96526 15.5
    endloop
  endfacet
  facet normal 0 0 1
    outer loop
      vertex 11.1065 -0.164766 15.5
      vertex 8.07832 -2.00458 15.5
      vertex 8.29947 -2.49695 15.5
    endloop
  endfacet
  facet normal 0 0 1
    outer loop
      vertex 11.1065 -0.164766 15.5
      vertex 7.90651 -1.49292 15.5
      vertex 8.07832 -2.00458 15.5
    endloop
  endfacet
  facet normal 0 0 1
    outer loop
      vertex 11.1488 0.450055 15.5
      vertex 7.82779 1.1787 15.5
      vertex 7.73813 0.646469 15.5
    endloop
  endfacet
  facet normal 0 0 1
    outer loop
      vertex 11.1065 -0.164766 15.5
      vertex 7.78567 -0.966883 15.5
      vertex 7.90651 -1.49292 15.5
    endloop
  endfacet
  facet normal 0 0 1
    outer loop
      vertex 11.1146 0.246834 15.5
      vertex 7.73813 0.646469 15.5
      vertex 7.70107 0.107992 15.5
    endloop
  endfacet
  facet normal 0 0 1
    outer loop
      vertex 11.1065 -0.164766 15.5
      vertex 7.71696 -0.431521 15.5
      vertex 7.78567 -0.966883 15.5
    endloop
  endfacet
  facet normal 0 0 1
    outer loop
      vertex 11.1004 0.0412372 15.5
      vertex 7.70107 0.107992 15.5
      vertex 7.71696 -0.431521 15.5
    endloop
  endfacet
  facet normal -0 0 1
    outer loop
      vertex 14.9228 -1.20074 15.5
      vertex 17.7122 -3.14482 15.5
      vertex 15.0322 -1.0261 15.5
    endloop
  endfacet
  facet normal 0 0 1
    outer loop
      vertex 17.7122 -3.14482 15.5
      vertex 14.9228 -1.20074 15.5
      vertex 17.3822 -3.57195 15.5
    endloop
  endfacet
  facet normal -0 0 1
    outer loop
      vertex 14.7968 -1.36384 15.5
      vertex 17.3822 -3.57195 15.5
      vertex 14.9228 -1.20074 15.5
    endloop
  endfacet
  facet normal 0 0 1
    outer loop
      vertex 17.3822 -3.57195 15.5
      vertex 14.7968 -1.36384 15.5
      vertex 17.012 -3.96469 15.5
    endloop
  endfacet
  facet normal -0 0 1
    outer loop
      vertex 14.6555 -1.51378 15.5
      vertex 17.012 -3.96469 15.5
      vertex 14.7968 -1.36384 15.5
    endloop
  endfacet
  facet normal 0 0 1
    outer loop
      vertex 17.012 -3.96469 15.5
      vertex 14.6555 -1.51378 15.5
      vertex 16.605 -4.31924 15.5
    endloop
  endfacet
  facet normal -0 0 1
    outer loop
      vertex 14.5001 -1.64915 15.5
      vertex 16.605 -4.31924 15.5
      vertex 14.6555 -1.51378 15.5
    endloop
  endfacet
  facet normal 0 0 1
    outer loop
      vertex 16.605 -4.31924 15.5
      vertex 14.5001 -1.64915 15.5
      vertex 16.1653 -4.63218 15.5
    endloop
  endfacet
  facet normal -0 0 1
    outer loop
      vertex 14.3322 -1.76865 15.5
      vertex 16.1653 -4.63218 15.5
      vertex 14.5001 -1.64915 15.5
    endloop
  endfacet
  facet normal 0 0 1
    outer loop
      vertex 16.1653 -4.63218 15.5
      vertex 14.3322 -1.76865 15.5
      vertex 15.6969 -4.90053 15.5
    endloop
  endfacet
  facet normal -0 0 1
    outer loop
      vertex 14.1534 -1.87109 15.5
      vertex 15.6969 -4.90053 15.5
      vertex 14.3322 -1.76865 15.5
    endloop
  endfacet
  facet normal 0 0 1
    outer loop
      vertex 15.6969 -4.90053 15.5
      vertex 14.1534 -1.87109 15.5
      vertex 15.2046 -5.12168 15.5
    endloop
  endfacet
  facet normal -0 0 1
    outer loop
      vertex 13.9654 -1.95555 15.5
      vertex 15.2046 -5.12168 15.5
      vertex 14.1534 -1.87109 15.5
    endloop
  endfacet
  facet normal 0 0 1
    outer loop
      vertex 15.2046 -5.12168 15.5
      vertex 13.9654 -1.95555 15.5
      vertex 14.6929 -5.29349 15.5
    endloop
  endfacet
  facet normal -0 0 1
    outer loop
      vertex 13.77 -2.02115 15.5
      vertex 14.6929 -5.29349 15.5
      vertex 13.9654 -1.95555 15.5
    endloop
  endfacet
  facet normal 0 0 1
    outer loop
      vertex 14.6929 -5.29349 15.5
      vertex 13.77 -2.02115 15.5
      vertex 14.1669 -5.41434 15.5
    endloop
  endfacet
  facet normal -0 0 1
    outer loop
      vertex 13.5692 -2.06728 15.5
      vertex 14.1669 -5.41434 15.5
      vertex 13.77 -2.02115 15.5
    endloop
  endfacet
  facet normal 0 0 1
    outer loop
      vertex 14.1669 -5.41434 15.5
      vertex 13.5692 -2.06728 15.5
      vertex 13.6315 -5.48304 15.5
    endloop
  endfacet
  facet normal -0 0 1
    outer loop
      vertex 13.3648 -2.09352 15.5
      vertex 13.6315 -5.48304 15.5
      vertex 13.5692 -2.06728 15.5
    endloop
  endfacet
  facet normal -0 0 1
    outer loop
      vertex 13.1588 -2.09959 15.5
      vertex 13.6315 -5.48304 15.5
      vertex 13.3648 -2.09352 15.5
    endloop
  endfacet
  facet normal 0 0 1
    outer loop
      vertex 13.1588 -2.09959 15.5
      vertex 13.092 -5.49893 15.5
      vertex 13.6315 -5.48304 15.5
    endloop
  endfacet
  facet normal 0 0 1
    outer loop
      vertex 12.9532 -2.08544 15.5
      vertex 13.092 -5.49893 15.5
      vertex 13.1588 -2.09959 15.5
    endloop
  endfacet
  facet normal 0 0 1
    outer loop
      vertex 12.5535 -5.46187 15.5
      vertex 12.9532 -2.08544 15.5
      vertex 12.7499 -2.05119 15.5
    endloop
  endfacet
  facet normal 0 0 1
    outer loop
      vertex 12.9532 -2.08544 15.5
      vertex 12.5535 -5.46187 15.5
      vertex 13.092 -5.49893 15.5
    endloop
  endfacet
  facet normal 0 0 1
    outer loop
      vertex 12.0213 -5.37221 15.5
      vertex 12.7499 -2.05119 15.5
      vertex 12.5511 -1.99721 15.5
    endloop
  endfacet
  facet normal 0 0 1
    outer loop
      vertex 11.5004 -5.23081 15.5
      vertex 12.5511 -1.99721 15.5
      vertex 12.3584 -1.92398 15.5
    endloop
  endfacet
  facet normal 0 0 1
    outer loop
      vertex 10.9959 -5.03903 15.5
      vertex 12.3584 -1.92398 15.5
      vertex 12.1739 -1.83224 15.5
    endloop
  endfacet
  facet normal 0 0 1
    outer loop
      vertex 12.7499 -2.05119 15.5
      vertex 12.0213 -5.37221 15.5
      vertex 12.5535 -5.46187 15.5
    endloop
  endfacet
  facet normal 0 0 1
    outer loop
      vertex 10.5126 -4.79873 15.5
      vertex 12.1739 -1.83224 15.5
      vertex 11.9993 -1.72284 15.5
    endloop
  endfacet
  facet normal 0 0 1
    outer loop
      vertex 10.5126 -4.79873 15.5
      vertex 11.9993 -1.72284 15.5
      vertex 11.8362 -1.59685 15.5
    endloop
  endfacet
  facet normal 0 0 1
    outer loop
      vertex 10.5126 -4.79873 15.5
      vertex 11.8362 -1.59685 15.5
      vertex 11.6862 -1.45547 15.5
    endloop
  endfacet
  facet normal 0 0 1
    outer loop
      vertex 10.5126 -4.79873 15.5
      vertex 11.6862 -1.45547 15.5
      vertex 11.5508 -1.30009 15.5
    endloop
  endfacet
  facet normal 0 0 1
    outer loop
      vertex 12.5511 -1.99721 15.5
      vertex 11.5004 -5.23081 15.5
      vertex 12.0213 -5.37221 15.5
    endloop
  endfacet
  facet normal 0 0 1
    outer loop
      vertex 10.5126 -4.79873 15.5
      vertex 11.5508 -1.30009 15.5
      vertex 11.4314 -1.13219 15.5
    endloop
  endfacet
  facet normal 0 0 1
    outer loop
      vertex 10.5126 -4.79873 15.5
      vertex 11.4314 -1.13219 15.5
      vertex 11.3289 -0.95337 15.5
    endloop
  endfacet
  facet normal 0 0 1
    outer loop
      vertex 10.5126 -4.79873 15.5
      vertex 11.3289 -0.95337 15.5
      vertex 11.2445 -0.765377 15.5
    endloop
  endfacet
  facet normal 0 0 1
    outer loop
      vertex 10.5126 -4.79873 15.5
      vertex 11.2445 -0.765377 15.5
      vertex 11.1789 -0.570017 15.5
    endloop
  endfacet
  facet normal 0 0 1
    outer loop
      vertex 10.5126 -4.79873 15.5
      vertex 11.1789 -0.570017 15.5
      vertex 11.1327 -0.369173 15.5
    endloop
  endfacet
  facet normal 0 0 1
    outer loop
      vertex 10.5126 -4.79873 15.5
      vertex 11.1327 -0.369173 15.5
      vertex 11.1065 -0.164766 15.5
    endloop
  endfacet
  facet normal 0 0 1
    outer loop
      vertex 12.3584 -1.92398 15.5
      vertex 10.9959 -5.03903 15.5
      vertex 11.5004 -5.23081 15.5
    endloop
  endfacet
  facet normal 0 0 1
    outer loop
      vertex 7.71696 -0.431521 15.5
      vertex 11.1065 -0.164766 15.5
      vertex 11.1004 0.0412372 15.5
    endloop
  endfacet
  facet normal -0.935281 0.353906 0
    outer loop
      vertex 11.9861 12.3154 9.5
      vertex 21.6505 37.8559 15.5
      vertex 21.6505 37.8559 9.5
    endloop
  endfacet
  facet normal -0.935283 0.353901 0
    outer loop
      vertex 7.96919 1.69959 15.5
      vertex 11.9861 12.3154 9.5
      vertex 7.96919 1.69959 9.5
    endloop
  endfacet
  facet normal -0.935282 0.353904 6.65796e-06
    outer loop
      vertex 11.9861 12.3154 9.5
      vertex 7.96919 1.69959 15.5
      vertex 21.6505 37.8559 15.5
    endloop
  endfacet
  facet normal -0.338572 -0.94094 0
    outer loop
      vertex 10.0348 42.0355 9.5
      vertex 21.6505 37.8559 15.5
      vertex 10.0348 42.0355 15.5
    endloop
  endfacet
  facet normal -0.338572 -0.94094 -0
    outer loop
      vertex 21.6505 37.8559 15.5
      vertex 10.0348 42.0355 9.5
      vertex 21.6505 37.8559 9.5
    endloop
  endfacet
  facet normal -0.355255 -0.934769 0
    outer loop
      vertex 9.75957 42.1401 9.5
      vertex 10.0348 42.0355 15.5
      vertex 9.75957 42.1401 15.5
    endloop
  endfacet
  facet normal -0.355255 -0.934769 -0
    outer loop
      vertex 10.0348 42.0355 15.5
      vertex 9.75957 42.1401 9.5
      vertex 10.0348 42.0355 9.5
    endloop
  endfacet
  facet normal -0.445011 -0.895525 0
    outer loop
      vertex 9.49595 42.2711 9.5
      vertex 9.75957 42.1401 15.5
      vertex 9.49595 42.2711 15.5
    endloop
  endfacet
  facet normal -0.445011 -0.895525 -0
    outer loop
      vertex 9.75957 42.1401 15.5
      vertex 9.49595 42.2711 9.5
      vertex 9.75957 42.1401 9.5
    endloop
  endfacet
  facet normal -0.530884 -0.847444 0
    outer loop
      vertex 9.24645 42.4274 9.5
      vertex 9.49595 42.2711 15.5
      vertex 9.24645 42.4274 15.5
    endloop
  endfacet
  facet normal -0.530884 -0.847444 -0
    outer loop
      vertex 9.49595 42.2711 15.5
      vertex 9.24645 42.4274 9.5
      vertex 9.49595 42.2711 9.5
    endloop
  endfacet
  facet normal -0.611384 -0.791334 0
    outer loop
      vertex 9.01347 42.6074 9.5
      vertex 9.24645 42.4274 15.5
      vertex 9.01347 42.6074 15.5
    endloop
  endfacet
  facet normal -0.611384 -0.791334 -0
    outer loop
      vertex 9.24645 42.4274 15.5
      vertex 9.01347 42.6074 9.5
      vertex 9.24645 42.4274 9.5
    endloop
  endfacet
  facet normal -0.686051 -0.727554 0
    outer loop
      vertex 8.79925 42.8094 9.5
      vertex 9.01347 42.6074 15.5
      vertex 8.79925 42.8094 15.5
    endloop
  endfacet
  facet normal -0.686051 -0.727554 -0
    outer loop
      vertex 9.01347 42.6074 15.5
      vertex 8.79925 42.8094 9.5
      vertex 9.01347 42.6074 9.5
    endloop
  endfacet
  facet normal -0.754022 -0.656849 0
    outer loop
      vertex 8.79925 42.8094 9.5
      vertex 8.60586 43.0314 15.5
      vertex 8.60586 43.0314 9.5
    endloop
  endfacet
  facet normal -0.754022 -0.656849 0
    outer loop
      vertex 8.60586 43.0314 15.5
      vertex 8.79925 42.8094 9.5
      vertex 8.79925 42.8094 15.5
    endloop
  endfacet
  facet normal -0.814674 -0.57992 0
    outer loop
      vertex 8.60586 43.0314 9.5
      vertex 8.43516 43.2712 15.5
      vertex 8.43516 43.2712 9.5
    endloop
  endfacet
  facet normal -0.814674 -0.57992 0
    outer loop
      vertex 8.43516 43.2712 15.5
      vertex 8.60586 43.0314 9.5
      vertex 8.60586 43.0314 15.5
    endloop
  endfacet
  facet normal -0.867716 -0.49706 0
    outer loop
      vertex 8.43516 43.2712 9.5
      vertex 8.2888 43.5267 15.5
      vertex 8.2888 43.5267 9.5
    endloop
  endfacet
  facet normal -0.867716 -0.49706 0
    outer loop
      vertex 8.2888 43.5267 15.5
      vertex 8.43516 43.2712 9.5
      vertex 8.43516 43.2712 15.5
    endloop
  endfacet
  facet normal -0.912157 -0.409842 0
    outer loop
      vertex 8.2888 43.5267 9.5
      vertex 8.16816 43.7952 15.5
      vertex 8.16816 43.7952 9.5
    endloop
  endfacet
  facet normal -0.912157 -0.409842 0
    outer loop
      vertex 8.16816 43.7952 15.5
      vertex 8.2888 43.5267 9.5
      vertex 8.2888 43.5267 15.5
    endloop
  endfacet
  facet normal -0.947992 -0.318296 0
    outer loop
      vertex 8.16816 43.7952 9.5
      vertex 8.07445 44.0743 15.5
      vertex 8.07445 44.0743 9.5
    endloop
  endfacet
  facet normal -0.947992 -0.318296 0
    outer loop
      vertex 8.07445 44.0743 15.5
      vertex 8.16816 43.7952 9.5
      vertex 8.16816 43.7952 15.5
    endloop
  endfacet
  facet normal -0.974612 -0.223899 0
    outer loop
      vertex 8.07445 44.0743 9.5
      vertex 8.00854 44.3612 15.5
      vertex 8.00854 44.3612 9.5
    endloop
  endfacet
  facet normal -0.974612 -0.223899 0
    outer loop
      vertex 8.00854 44.3612 15.5
      vertex 8.07445 44.0743 9.5
      vertex 8.07445 44.0743 15.5
    endloop
  endfacet
  facet normal -0.991868 -0.127269 0
    outer loop
      vertex 8.00854 44.3612 9.5
      vertex 7.97106 44.6533 15.5
      vertex 7.97106 44.6533 9.5
    endloop
  endfacet
  facet normal -0.991868 -0.127269 0
    outer loop
      vertex 7.97106 44.6533 15.5
      vertex 8.00854 44.3612 9.5
      vertex 8.00854 44.3612 15.5
    endloop
  endfacet
  facet normal -0.999566 -0.029457 0
    outer loop
      vertex 7.97106 44.6533 9.5
      vertex 7.96239 44.9475 15.5
      vertex 7.96239 44.9475 9.5
    endloop
  endfacet
  facet normal -0.999566 -0.029457 0
    outer loop
      vertex 7.96239 44.9475 15.5
      vertex 7.97106 44.6533 9.5
      vertex 7.97106 44.6533 15.5
    endloop
  endfacet
  facet normal -0.997641 0.0686494 0
    outer loop
      vertex 7.96239 44.9475 9.5
      vertex 7.9826 45.2412 15.5
      vertex 7.9826 45.2412 9.5
    endloop
  endfacet
  facet normal -0.997641 0.0686494 0
    outer loop
      vertex 7.9826 45.2412 15.5
      vertex 7.96239 44.9475 9.5
      vertex 7.96239 44.9475 15.5
    endloop
  endfacet
  facet normal -0.986106 0.166117 0
    outer loop
      vertex 7.9826 45.2412 9.5
      vertex 8.03152 45.5316 15.5
      vertex 8.03152 45.5316 9.5
    endloop
  endfacet
  facet normal -0.986106 0.166117 0
    outer loop
      vertex 8.03152 45.5316 15.5
      vertex 7.9826 45.2412 9.5
      vertex 7.9826 45.2412 15.5
    endloop
  endfacet
  facet normal -0.965075 0.261973 0
    outer loop
      vertex 8.03152 45.5316 9.5
      vertex 8.10864 45.8157 15.5
      vertex 8.10864 45.8157 9.5
    endloop
  endfacet
  facet normal -0.965075 0.261973 0
    outer loop
      vertex 8.10864 45.8157 15.5
      vertex 8.03152 45.5316 9.5
      vertex 8.03152 45.5316 15.5
    endloop
  endfacet
  facet normal -0.937367 0.348343 0
    outer loop
      vertex 8.10864 45.8157 9.5
      vertex 12.2924 57.0739 15.5
      vertex 12.2924 57.0739 9.5
    endloop
  endfacet
  facet normal -0.937367 0.348343 0
    outer loop
      vertex 12.2924 57.0739 15.5
      vertex 8.10864 45.8157 9.5
      vertex 8.10864 45.8157 15.5
    endloop
  endfacet
  facet normal -0.93483 0.355097 0
    outer loop
      vertex 12.2924 57.0739 9.5
      vertex 12.3795 57.3032 15.5
      vertex 12.3795 57.3032 9.5
    endloop
  endfacet
  facet normal -0.93483 0.355097 0
    outer loop
      vertex 12.3795 57.3032 15.5
      vertex 12.2924 57.0739 9.5
      vertex 12.2924 57.0739 15.5
    endloop
  endfacet
  facet normal -0.895322 0.44542 0
    outer loop
      vertex 12.3795 57.3032 9.5
      vertex 12.4888 57.5229 15.5
      vertex 12.4888 57.5229 9.5
    endloop
  endfacet
  facet normal -0.895322 0.44542 0
    outer loop
      vertex 12.4888 57.5229 15.5
      vertex 12.3795 57.3032 9.5
      vertex 12.3795 57.3032 15.5
    endloop
  endfacet
  facet normal -0.847517 0.530768 0
    outer loop
      vertex 12.4888 57.5229 9.5
      vertex 12.619 57.7308 15.5
      vertex 12.619 57.7308 9.5
    endloop
  endfacet
  facet normal -0.847517 0.530768 0
    outer loop
      vertex 12.619 57.7308 15.5
      vertex 12.4888 57.5229 9.5
      vertex 12.4888 57.5229 15.5
    endloop
  endfacet
  facet normal -0.791258 0.611482 0
    outer loop
      vertex 12.619 57.7308 9.5
      vertex 12.769 57.9249 15.5
      vertex 12.769 57.9249 9.5
    endloop
  endfacet
  facet normal -0.791258 0.611482 0
    outer loop
      vertex 12.769 57.9249 15.5
      vertex 12.619 57.7308 9.5
      vertex 12.619 57.7308 15.5
    endloop
  endfacet
  facet normal -0.727589 0.686013 0
    outer loop
      vertex 12.769 57.9249 9.5
      vertex 12.9373 58.1034 15.5
      vertex 12.9373 58.1034 9.5
    endloop
  endfacet
  facet normal -0.727589 0.686013 0
    outer loop
      vertex 12.9373 58.1034 15.5
      vertex 12.769 57.9249 9.5
      vertex 12.769 57.9249 15.5
    endloop
  endfacet
  facet normal -0.656945 0.753938 0
    outer loop
      vertex 13.1223 58.2646 9.5
      vertex 12.9373 58.1034 15.5
      vertex 13.1223 58.2646 15.5
    endloop
  endfacet
  facet normal -0.656945 0.753938 0
    outer loop
      vertex 12.9373 58.1034 15.5
      vertex 13.1223 58.2646 9.5
      vertex 12.9373 58.1034 9.5
    endloop
  endfacet
  facet normal -0.579927 0.814669 0
    outer loop
      vertex 13.3222 58.4069 9.5
      vertex 13.1223 58.2646 15.5
      vertex 13.3222 58.4069 15.5
    endloop
  endfacet
  facet normal -0.579927 0.814669 0
    outer loop
      vertex 13.1223 58.2646 15.5
      vertex 13.3222 58.4069 9.5
      vertex 13.1223 58.2646 9.5
    endloop
  endfacet
  facet normal -0.497061 0.867716 0
    outer loop
      vertex 13.535 58.5288 9.5
      vertex 13.3222 58.4069 15.5
      vertex 13.535 58.5288 15.5
    endloop
  endfacet
  facet normal -0.497061 0.867716 0
    outer loop
      vertex 13.3222 58.4069 15.5
      vertex 13.535 58.5288 9.5
      vertex 13.3222 58.4069 9.5
    endloop
  endfacet
  facet normal -0.409839 0.912158 0
    outer loop
      vertex 13.7589 58.6294 9.5
      vertex 13.535 58.5288 15.5
      vertex 13.7589 58.6294 15.5
    endloop
  endfacet
  facet normal -0.409839 0.912158 0
    outer loop
      vertex 13.535 58.5288 15.5
      vertex 13.7589 58.6294 9.5
      vertex 13.535 58.5288 9.5
    endloop
  endfacet
  facet normal -0.318062 0.94807 0
    outer loop
      vertex 13.9914 58.7074 9.5
      vertex 13.7589 58.6294 15.5
      vertex 13.9914 58.7074 15.5
    endloop
  endfacet
  facet normal -0.318062 0.94807 0
    outer loop
      vertex 13.7589 58.6294 15.5
      vertex 13.9914 58.7074 9.5
      vertex 13.7589 58.6294 9.5
    endloop
  endfacet
  facet normal -0.224175 0.974549 0
    outer loop
      vertex 14.2305 58.7624 9.5
      vertex 13.9914 58.7074 15.5
      vertex 14.2305 58.7624 15.5
    endloop
  endfacet
  facet normal -0.224175 0.974549 0
    outer loop
      vertex 13.9914 58.7074 15.5
      vertex 14.2305 58.7624 9.5
      vertex 13.9914 58.7074 9.5
    endloop
  endfacet
  facet normal -0.127144 0.991884 0
    outer loop
      vertex 14.4739 58.7936 9.5
      vertex 14.2305 58.7624 15.5
      vertex 14.4739 58.7936 15.5
    endloop
  endfacet
  facet normal -0.127144 0.991884 0
    outer loop
      vertex 14.2305 58.7624 15.5
      vertex 14.4739 58.7936 9.5
      vertex 14.2305 58.7624 9.5
    endloop
  endfacet
  facet normal -0.0293511 0.999569 0
    outer loop
      vertex 14.7191 58.8008 9.5
      vertex 14.4739 58.7936 15.5
      vertex 14.7191 58.8008 15.5
    endloop
  endfacet
  facet normal -0.0293511 0.999569 0
    outer loop
      vertex 14.4739 58.7936 15.5
      vertex 14.7191 58.8008 9.5
      vertex 14.4739 58.7936 9.5
    endloop
  endfacet
  facet normal 0.0684664 0.997653 -0
    outer loop
      vertex 14.9639 58.784 9.5
      vertex 14.7191 58.8008 15.5
      vertex 14.9639 58.784 15.5
    endloop
  endfacet
  facet normal 0.0684664 0.997653 0
    outer loop
      vertex 14.7191 58.8008 15.5
      vertex 14.9639 58.784 9.5
      vertex 14.7191 58.8008 9.5
    endloop
  endfacet
  facet normal 0.166316 0.986073 -0
    outer loop
      vertex 15.2058 58.7432 9.5
      vertex 14.9639 58.784 15.5
      vertex 15.2058 58.7432 15.5
    endloop
  endfacet
  facet normal 0.166316 0.986073 0
    outer loop
      vertex 14.9639 58.784 15.5
      vertex 15.2058 58.7432 9.5
      vertex 14.9639 58.784 9.5
    endloop
  endfacet
  facet normal 0.261669 0.965158 -0
    outer loop
      vertex 15.4426 58.679 9.5
      vertex 15.2058 58.7432 15.5
      vertex 15.4426 58.679 15.5
    endloop
  endfacet
  facet normal 0.261669 0.965158 0
    outer loop
      vertex 15.2058 58.7432 15.5
      vertex 15.4426 58.679 9.5
      vertex 15.2058 58.7432 9.5
    endloop
  endfacet
  facet normal 0.355453 0.934694 -0
    outer loop
      vertex 15.6719 58.5918 9.5
      vertex 15.4426 58.679 15.5
      vertex 15.6719 58.5918 15.5
    endloop
  endfacet
  facet normal 0.355453 0.934694 0
    outer loop
      vertex 15.4426 58.679 15.5
      vertex 15.6719 58.5918 9.5
      vertex 15.4426 58.679 9.5
    endloop
  endfacet
  facet normal 0.44542 0.895322 -0
    outer loop
      vertex 15.8916 58.4825 9.5
      vertex 15.6719 58.5918 15.5
      vertex 15.8916 58.4825 15.5
    endloop
  endfacet
  facet normal 0.44542 0.895322 0
    outer loop
      vertex 15.6719 58.5918 15.5
      vertex 15.8916 58.4825 9.5
      vertex 15.6719 58.5918 9.5
    endloop
  endfacet
  facet normal 0.530768 0.847517 -0
    outer loop
      vertex 16.0995 58.3523 9.5
      vertex 15.8916 58.4825 15.5
      vertex 16.0995 58.3523 15.5
    endloop
  endfacet
  facet normal 0.530768 0.847517 0
    outer loop
      vertex 15.8916 58.4825 15.5
      vertex 16.0995 58.3523 9.5
      vertex 15.8916 58.4825 9.5
    endloop
  endfacet
  facet normal 0.611482 0.791258 -0
    outer loop
      vertex 16.2936 58.2023 9.5
      vertex 16.0995 58.3523 15.5
      vertex 16.2936 58.2023 15.5
    endloop
  endfacet
  facet normal 0.611482 0.791258 0
    outer loop
      vertex 16.0995 58.3523 15.5
      vertex 16.2936 58.2023 9.5
      vertex 16.0995 58.3523 9.5
    endloop
  endfacet
  facet normal 0.686013 0.727589 -0
    outer loop
      vertex 16.4721 58.034 9.5
      vertex 16.2936 58.2023 15.5
      vertex 16.4721 58.034 15.5
    endloop
  endfacet
  facet normal 0.686013 0.727589 0
    outer loop
      vertex 16.2936 58.2023 15.5
      vertex 16.4721 58.034 9.5
      vertex 16.2936 58.2023 9.5
    endloop
  endfacet
  facet normal 0.753938 0.656945 0
    outer loop
      vertex 16.6333 57.849 15.5
      vertex 16.4721 58.034 9.5
      vertex 16.4721 58.034 15.5
    endloop
  endfacet
  facet normal 0.753938 0.656945 0
    outer loop
      vertex 16.4721 58.034 9.5
      vertex 16.6333 57.849 15.5
      vertex 16.6333 57.849 9.5
    endloop
  endfacet
  facet normal 0.814532 0.580119 0
    outer loop
      vertex 16.7756 57.6492 15.5
      vertex 16.6333 57.849 9.5
      vertex 16.6333 57.849 15.5
    endloop
  endfacet
  facet normal 0.814532 0.580119 0
    outer loop
      vertex 16.6333 57.849 9.5
      vertex 16.7756 57.6492 15.5
      vertex 16.7756 57.6492 9.5
    endloop
  endfacet
  facet normal 0.867816 0.496885 0
    outer loop
      vertex 16.8975 57.4363 15.5
      vertex 16.7756 57.6492 9.5
      vertex 16.7756 57.6492 15.5
    endloop
  endfacet
  facet normal 0.867816 0.496885 0
    outer loop
      vertex 16.7756 57.6492 9.5
      vertex 16.8975 57.4363 15.5
      vertex 16.8975 57.4363 9.5
    endloop
  endfacet
  facet normal 0.912089 0.409992 0
    outer loop
      vertex 16.9981 57.2125 15.5
      vertex 16.8975 57.4363 9.5
      vertex 16.8975 57.4363 15.5
    endloop
  endfacet
  facet normal 0.912089 0.409992 0
    outer loop
      vertex 16.8975 57.4363 9.5
      vertex 16.9981 57.2125 15.5
      vertex 16.9981 57.2125 9.5
    endloop
  endfacet
  facet normal 0.948111 0.317939 0
    outer loop
      vertex 17.0761 56.9799 15.5
      vertex 16.9981 57.2125 9.5
      vertex 16.9981 57.2125 15.5
    endloop
  endfacet
  facet normal 0.948111 0.317939 0
    outer loop
      vertex 16.9981 57.2125 9.5
      vertex 17.0761 56.9799 15.5
      vertex 17.0761 56.9799 9.5
    endloop
  endfacet
  facet normal 0.974549 0.224175 0
    outer loop
      vertex 17.1311 56.7408 15.5
      vertex 17.0761 56.9799 9.5
      vertex 17.0761 56.9799 15.5
    endloop
  endfacet
  facet normal 0.974549 0.224175 0
    outer loop
      vertex 17.0761 56.9799 9.5
      vertex 17.1311 56.7408 15.5
      vertex 17.1311 56.7408 9.5
    endloop
  endfacet
  facet normal 0.991878 0.127195 0
    outer loop
      vertex 17.1623 56.4975 15.5
      vertex 17.1311 56.7408 9.5
      vertex 17.1311 56.7408 15.5
    endloop
  endfacet
  facet normal 0.991878 0.127195 0
    outer loop
      vertex 17.1311 56.7408 9.5
      vertex 17.1623 56.4975 15.5
      vertex 17.1623 56.4975 9.5
    endloop
  endfacet
  facet normal 0.99957 0.0293392 0
    outer loop
      vertex 17.1695 56.2522 15.5
      vertex 17.1623 56.4975 9.5
      vertex 17.1623 56.4975 15.5
    endloop
  endfacet
  facet normal 0.99957 0.0293392 0
    outer loop
      vertex 17.1623 56.4975 9.5
      vertex 17.1695 56.2522 15.5
      vertex 17.1695 56.2522 9.5
    endloop
  endfacet
  facet normal 0.997652 -0.0684943 0
    outer loop
      vertex 17.1527 56.0075 15.5
      vertex 17.1695 56.2522 9.5
      vertex 17.1695 56.2522 15.5
    endloop
  endfacet
  facet normal 0.997652 -0.0684943 0
    outer loop
      vertex 17.1695 56.2522 9.5
      vertex 17.1527 56.0075 15.5
      vertex 17.1527 56.0075 9.5
    endloop
  endfacet
  facet normal 0.986084 -0.166249 0
    outer loop
      vertex 17.1119 55.7655 15.5
      vertex 17.1527 56.0075 9.5
      vertex 17.1527 56.0075 15.5
    endloop
  endfacet
  facet normal 0.986084 -0.166249 0
    outer loop
      vertex 17.1527 56.0075 9.5
      vertex 17.1119 55.7655 15.5
      vertex 17.1119 55.7655 9.5
    endloop
  endfacet
  facet normal 0.96513 -0.261772 0
    outer loop
      vertex 17.0477 55.5288 15.5
      vertex 17.1119 55.7655 9.5
      vertex 17.1119 55.7655 15.5
    endloop
  endfacet
  facet normal 0.96513 -0.261772 0
    outer loop
      vertex 17.1119 55.7655 9.5
      vertex 17.0477 55.5288 15.5
      vertex 17.0477 55.5288 9.5
    endloop
  endfacet
  facet normal 0.963095 -0.269163 0
    outer loop
      vertex 14.6473 46.9399 15.5
      vertex 17.0477 55.5288 9.5
      vertex 17.0477 55.5288 15.5
    endloop
  endfacet
  facet normal 0.963095 -0.269163 0
    outer loop
      vertex 17.0477 55.5288 9.5
      vertex 14.6473 46.9399 15.5
      vertex 14.6473 46.9399 9.5
    endloop
  endfacet
  facet normal 0.279159 0.960245 -0
    outer loop
      vertex 27.2603 43.2731 9.5
      vertex 14.6473 46.9399 15.5
      vertex 27.2603 43.2731 15.5
    endloop
  endfacet
  facet normal 0.279159 0.960245 0
    outer loop
      vertex 14.6473 46.9399 15.5
      vertex 27.2603 43.2731 9.5
      vertex 14.6473 46.9399 9.5
    endloop
  endfacet
  facet normal 0.355523 0.934668 -0
    outer loop
      vertex 27.5813 43.151 9.5
      vertex 27.2603 43.2731 15.5
      vertex 27.5813 43.151 15.5
    endloop
  endfacet
  facet normal 0.355523 0.934668 0
    outer loop
      vertex 27.2603 43.2731 15.5
      vertex 27.5813 43.151 9.5
      vertex 27.2603 43.2731 9.5
    endloop
  endfacet
  facet normal 0.445116 0.895473 -0
    outer loop
      vertex 27.8889 42.9981 9.5
      vertex 27.5813 43.151 15.5
      vertex 27.8889 42.9981 15.5
    endloop
  endfacet
  facet normal 0.445116 0.895473 0
    outer loop
      vertex 27.5813 43.151 15.5
      vertex 27.8889 42.9981 9.5
      vertex 27.5813 43.151 9.5
    endloop
  endfacet
  facet normal 0.530758 0.847524 -0
    outer loop
      vertex 28.18 42.8158 9.5
      vertex 27.8889 42.9981 15.5
      vertex 28.18 42.8158 15.5
    endloop
  endfacet
  facet normal 0.530758 0.847524 0
    outer loop
      vertex 27.8889 42.9981 15.5
      vertex 28.18 42.8158 9.5
      vertex 27.8889 42.9981 9.5
    endloop
  endfacet
  facet normal 0.611398 0.791323 -0
    outer loop
      vertex 28.4518 42.6058 9.5
      vertex 28.18 42.8158 15.5
      vertex 28.4518 42.6058 15.5
    endloop
  endfacet
  facet normal 0.611398 0.791323 0
    outer loop
      vertex 28.18 42.8158 15.5
      vertex 28.4518 42.6058 9.5
      vertex 28.18 42.8158 9.5
    endloop
  endfacet
  facet normal 0.685982 0.727618 -0
    outer loop
      vertex 28.7017 42.3702 9.5
      vertex 28.4518 42.6058 15.5
      vertex 28.7017 42.3702 15.5
    endloop
  endfacet
  facet normal 0.685982 0.727618 0
    outer loop
      vertex 28.4518 42.6058 15.5
      vertex 28.7017 42.3702 9.5
      vertex 28.4518 42.6058 9.5
    endloop
  endfacet
  facet normal 0.754054 0.656813 0
    outer loop
      vertex 28.9273 42.1112 15.5
      vertex 28.7017 42.3702 9.5
      vertex 28.7017 42.3702 15.5
    endloop
  endfacet
  facet normal 0.754054 0.656813 0
    outer loop
      vertex 28.7017 42.3702 9.5
      vertex 28.9273 42.1112 15.5
      vertex 28.9273 42.1112 9.5
    endloop
  endfacet
  facet normal 0.814637 0.579971 0
    outer loop
      vertex 29.1265 41.8314 15.5
      vertex 28.9273 42.1112 9.5
      vertex 28.9273 42.1112 15.5
    endloop
  endfacet
  facet normal 0.814637 0.579971 0
    outer loop
      vertex 28.9273 42.1112 9.5
      vertex 29.1265 41.8314 15.5
      vertex 29.1265 41.8314 9.5
    endloop
  endfacet
  facet normal 0.867795 0.496922 0
    outer loop
      vertex 29.2972 41.5333 15.5
      vertex 29.1265 41.8314 9.5
      vertex 29.1265 41.8314 15.5
    endloop
  endfacet
  facet normal 0.867795 0.496922 0
    outer loop
      vertex 29.1265 41.8314 9.5
      vertex 29.2972 41.5333 15.5
      vertex 29.2972 41.5333 9.5
    endloop
  endfacet
  facet normal 0.912123 0.409917 0
    outer loop
      vertex 29.438 41.22 15.5
      vertex 29.2972 41.5333 9.5
      vertex 29.2972 41.5333 15.5
    endloop
  endfacet
  facet normal 0.912123 0.409917 0
    outer loop
      vertex 29.2972 41.5333 9.5
      vertex 29.438 41.22 15.5
      vertex 29.438 41.22 9.5
    endloop
  endfacet
  facet normal 0.948012 0.318236 0
    outer loop
      vertex 29.5473 40.8944 15.5
      vertex 29.438 41.22 9.5
      vertex 29.438 41.22 15.5
    endloop
  endfacet
  facet normal 0.948012 0.318236 0
    outer loop
      vertex 29.438 41.22 9.5
      vertex 29.5473 40.8944 15.5
      vertex 29.5473 40.8944 9.5
    endloop
  endfacet
  facet normal 0.974607 0.223924 0
    outer loop
      vertex 29.6242 40.5597 15.5
      vertex 29.5473 40.8944 9.5
      vertex 29.5473 40.8944 15.5
    endloop
  endfacet
  facet normal 0.974607 0.223924 0
    outer loop
      vertex 29.5473 40.8944 9.5
      vertex 29.6242 40.5597 15.5
      vertex 29.6242 40.5597 9.5
    endloop
  endfacet
  facet normal 0.991874 0.127223 0
    outer loop
      vertex 29.6679 40.219 15.5
      vertex 29.6242 40.5597 9.5
      vertex 29.6242 40.5597 15.5
    endloop
  endfacet
  facet normal 0.991874 0.127223 0
    outer loop
      vertex 29.6242 40.5597 9.5
      vertex 29.6679 40.219 15.5
      vertex 29.6679 40.219 9.5
    endloop
  endfacet
  facet normal 0.999568 0.0294076 0
    outer loop
      vertex 29.678 39.8757 15.5
      vertex 29.6679 40.219 9.5
      vertex 29.6679 40.219 15.5
    endloop
  endfacet
  facet normal 0.999568 0.0294076 0
    outer loop
      vertex 29.6679 40.219 9.5
      vertex 29.678 39.8757 15.5
      vertex 29.678 39.8757 9.5
    endloop
  endfacet
  facet normal 0.997637 -0.0687022 0
    outer loop
      vertex 29.6544 39.533 15.5
      vertex 29.678 39.8757 9.5
      vertex 29.678 39.8757 15.5
    endloop
  endfacet
  facet normal 0.997637 -0.0687022 0
    outer loop
      vertex 29.678 39.8757 9.5
      vertex 29.6544 39.533 15.5
      vertex 29.6544 39.533 9.5
    endloop
  endfacet
  facet normal 0.986133 -0.165957 0
    outer loop
      vertex 29.5974 39.1943 15.5
      vertex 29.6544 39.533 9.5
      vertex 29.6544 39.533 15.5
    endloop
  endfacet
  facet normal 0.986133 -0.165957 0
    outer loop
      vertex 29.6544 39.533 9.5
      vertex 29.5974 39.1943 15.5
      vertex 29.5974 39.1943 9.5
    endloop
  endfacet
  facet normal 0.965066 -0.262009 0
    outer loop
      vertex 29.5074 38.8628 15.5
      vertex 29.5974 39.1943 9.5
      vertex 29.5974 39.1943 15.5
    endloop
  endfacet
  facet normal 0.965066 -0.262009 0
    outer loop
      vertex 29.5974 39.1943 9.5
      vertex 29.5074 38.8628 15.5
      vertex 29.5074 38.8628 9.5
    endloop
  endfacet
  facet normal 0.964678 -0.263431 0
    outer loop
      vertex 29.5074 38.8628 15.5
      vertex 21.4208 9.24989 9.5
      vertex 29.5074 38.8628 9.5
    endloop
  endfacet
  facet normal 0.964678 -0.26343 -5.80322e-06
    outer loop
      vertex 18.4308 -1.69959 15.5
      vertex 21.4208 9.24989 9.5
      vertex 29.5074 38.8628 15.5
    endloop
  endfacet
  facet normal 0.964679 -0.263427 0
    outer loop
      vertex 21.4208 9.24989 9.5
      vertex 18.4308 -1.69959 15.5
      vertex 18.4308 -1.69959 9.5
    endloop
  endfacet
endsolid OpenSCAD_Model
